2020-02-03 09:31:00,33.284475762
2020-02-03 09:32:00,33.196031628
2020-02-03 09:33:00,33.146895998
2020-02-03 09:34:00,33.200945191
2020-02-03 09:35:00,33.343438518
2020-02-03 09:36:00,33.3306632542
2020-02-03 09:37:00,33.397487711
2020-02-03 09:38:00,33.343438518
2020-02-03 09:39:00,33.358179207
2020-02-03 09:40:00,33.343438518
2020-02-03 09:41:00,33.220599443
2020-02-03 09:42:00,33.2220735119
2020-02-03 09:43:00,33.21725822016
2020-02-03 09:44:00,33.196031628
2020-02-03 09:45:00,33.196031628
2020-02-03 09:46:00,33.26491978126
2020-02-03 09:47:00,33.323784266
2020-02-03 09:48:00,33.3105176459
2020-02-03 09:49:00,33.299216451
2020-02-03 09:50:00,33.333611392
2020-02-03 09:51:00,33.333611392
2020-02-03 09:52:00,33.323784266
2020-02-03 09:53:00,33.323784266
2020-02-03 09:54:00,33.338524955
2020-02-03 09:55:00,33.358179207
2020-02-03 09:56:00,33.397487711
2020-02-03 09:57:00,33.451536904
2020-02-03 09:58:00,33.43031031184
2020-02-03 09:59:00,33.4122284
2020-02-03 10:00:00,33.422055526
2020-02-03 10:01:00,33.422055526
2020-02-03 10:02:00,33.46136403
2020-02-03 10:03:00,33.476104719
2020-02-03 10:04:00,33.51049966
2020-02-03 10:05:00,33.505586097
2020-02-03 10:06:00,33.446623341
2020-02-03 10:07:00,33.426969089
2020-02-03 10:08:00,33.4343394335
2020-02-03 10:09:00,33.46136403
2020-02-03 10:10:00,33.481018282
2020-02-03 10:11:00,33.520326786
2020-02-03 10:12:00,33.520326786
2020-02-03 10:13:00,33.456450467
2020-02-03 10:14:00,33.466277593
2020-02-03 10:15:00,33.471191156
2020-02-03 10:16:00,33.422055526
2020-02-03 10:17:00,33.36309277
2020-02-03 10:18:00,33.377833459
2020-02-03 10:19:00,33.397487711
2020-02-03 10:20:00,33.436796215
2020-02-03 10:21:00,33.471191156
2020-02-03 10:22:00,33.441709778
2020-02-03 10:23:00,33.451536904
2020-02-03 10:24:00,33.500672534
2020-02-03 10:25:00,33.500672534
2020-02-03 10:26:00,33.530153912
2020-02-03 10:27:00,33.569462416
2020-02-03 10:28:00,33.53840869784
2020-02-03 10:29:00,33.530153912
2020-02-03 10:30:00,33.549808164
2020-02-03 10:31:00,33.525240349
2020-02-03 10:32:00,33.539981038
2020-02-03 10:33:00,33.613684483
2020-02-03 10:34:00,33.569462416
2020-02-03 10:35:00,33.579289542
2020-02-03 10:36:00,33.60877092
2020-02-03 10:37:00,33.574375979
2020-02-03 10:38:00,33.594030231
2020-02-03 10:39:00,33.55963529
2020-02-03 10:40:00,33.554721727
2020-02-03 10:41:00,33.55953701874
2020-02-03 10:42:00,33.589116668
2020-02-03 10:43:00,33.60877092
2020-02-03 10:44:00,33.60877092
2020-02-03 10:45:00,33.603857357
2020-02-03 10:46:00,33.603857357
2020-02-03 10:47:00,33.579289542
2020-02-03 10:48:00,33.549808164
2020-02-03 10:49:00,33.584203105
2020-02-03 10:50:00,33.579289542
2020-02-03 10:51:00,33.60877092
2020-02-03 10:52:00,33.643165861
2020-02-03 10:53:00,33.60857437748
2020-02-03 10:54:00,33.598943794
2020-02-03 10:55:00,33.618598046
2020-02-03 10:56:00,33.648079424
2020-02-03 10:57:00,33.648079424
2020-02-03 10:58:00,33.594030231
2020-02-03 10:59:00,33.569462416
2020-02-03 11:00:00,33.530153912
2020-02-03 11:01:00,33.544894601
2020-02-03 11:02:00,33.525240349
2020-02-03 11:03:00,33.49310564698
2020-02-03 11:04:00,33.55963529
2020-02-03 11:05:00,33.569462416
2020-02-03 11:06:00,33.579289542
2020-02-03 11:07:00,33.628425172
2020-02-03 11:08:00,33.638252298
2020-02-03 11:09:00,33.65790655
2020-02-03 11:10:00,33.687387928
2020-02-03 11:11:00,33.65790655
2020-02-03 11:12:00,33.65790655
2020-02-03 11:13:00,33.667733676
2020-02-03 11:14:00,33.613684483
2020-02-03 11:15:00,33.569462416
2020-02-03 11:16:00,33.579289542
2020-02-03 11:17:00,33.530153912
2020-02-03 11:18:00,33.55963529
2020-02-03 11:19:00,33.579289542
2020-02-03 11:20:00,33.613684483
2020-02-03 11:21:00,33.598943794
2020-02-03 11:22:00,33.618598046
2020-02-03 11:23:00,33.61476546686
2020-02-03 11:24:00,33.60877092
2020-02-03 11:25:00,33.633338735
2020-02-03 11:26:00,33.618598046
2020-02-03 11:27:00,33.638252298
2020-02-03 11:28:00,33.598943794
2020-02-03 11:29:00,33.579289542
2020-02-03 11:30:00,33.520326786
2020-02-03 11:31:00,33.505586097
2020-02-03 11:32:00,33.471191156
2020-02-03 11:33:00,33.471191156
2020-02-03 11:34:00,33.495758971
2020-02-03 11:35:00,33.476104719
2020-02-03 11:36:00,33.51049966
2020-02-03 11:37:00,33.481018282
2020-02-03 11:38:00,33.485931845
2020-02-03 11:39:00,33.485931845
2020-02-03 11:40:00,33.485931845
2020-02-03 11:41:00,33.500672534
2020-02-03 11:42:00,33.451536904
2020-02-03 11:43:00,33.43502733232
2020-02-03 11:44:00,33.4122284
2020-02-03 11:45:00,33.431882652
2020-02-03 11:46:00,33.422055526
2020-02-03 11:47:00,33.402401274
2020-02-03 11:48:00,33.402401274
2020-02-03 11:49:00,33.402401274
2020-02-03 11:50:00,33.4122284
2020-02-03 11:51:00,33.441709778
2020-02-03 11:52:00,33.431882652
2020-02-03 11:53:00,33.436796215
2020-02-03 11:54:00,33.431882652
2020-02-03 11:55:00,33.431882652
2020-02-03 11:56:00,33.431882652
2020-02-03 11:57:00,33.46136403
2020-02-03 11:58:00,33.451536904
2020-02-03 11:59:00,33.441709778
2020-02-03 12:00:00,33.481018282
2020-02-03 12:01:00,33.45566429692
2020-02-03 12:02:00,33.466277593
2020-02-03 12:03:00,33.485931845
2020-02-03 12:04:00,33.51049966
2020-02-03 12:05:00,33.51049966
2020-02-03 12:06:00,33.51049966
2020-02-03 12:07:00,33.48976442414
2020-02-03 12:08:00,33.500672534
2020-02-03 12:09:00,33.515413223
2020-02-03 12:10:00,33.495758971
2020-02-03 12:11:00,33.5095169474
2020-02-03 12:12:00,33.500672534
2020-02-03 12:13:00,33.51049966
2020-02-03 12:14:00,33.500672534
2020-02-03 12:15:00,33.535067475
2020-02-03 12:16:00,33.549808164
2020-02-03 12:17:00,33.525240349
2020-02-03 12:18:00,33.525240349
2020-02-03 12:19:00,33.535067475
2020-02-03 12:20:00,33.54322398958
2020-02-03 12:21:00,33.55963529
2020-02-03 12:22:00,33.55963529
2020-02-03 12:23:00,33.564548853
2020-02-03 12:24:00,33.589116668
2020-02-03 12:25:00,33.574375979
2020-02-03 12:26:00,33.589116668
2020-02-03 12:27:00,33.579289542
2020-02-03 12:28:00,33.579289542
2020-02-03 12:29:00,33.55963529
2020-02-03 12:30:00,33.525240349
2020-02-03 12:31:00,33.56759526206
2020-02-03 12:32:00,33.520326786
2020-02-03 12:33:00,33.495758971
2020-02-03 12:34:00,33.456450467
2020-02-03 12:35:00,33.426969089
2020-02-03 12:36:00,33.466277593
2020-02-03 12:37:00,33.46136403
2020-02-03 12:38:00,33.45586083944
2020-02-03 12:39:00,33.471191156
2020-02-03 12:40:00,33.481018282
2020-02-03 12:41:00,33.495758971
2020-02-03 12:42:00,33.51049966
2020-02-03 12:43:00,33.490845408
2020-02-03 12:44:00,33.495758971
2020-02-03 12:45:00,33.500672534
2020-02-03 12:46:00,33.471191156
2020-02-03 12:47:00,33.51049966
2020-02-03 12:48:00,33.539981038
2020-02-03 12:49:00,33.530153912
2020-02-03 12:50:00,33.535067475
2020-02-03 12:51:00,33.589116668
2020-02-03 12:52:00,33.574375979
2020-02-03 12:53:00,33.574375979
2020-02-03 12:54:00,33.55963529
2020-02-03 12:55:00,33.564548853
2020-02-03 12:56:00,33.554721727
2020-02-03 12:57:00,33.530153912
2020-02-03 12:58:00,33.549808164
2020-02-03 12:59:00,33.55963529
2020-02-03 13:00:00,33.549808164
2020-02-03 13:01:00,33.549808164
2020-02-03 13:02:00,33.564548853
2020-02-03 13:03:00,33.569462416
2020-02-03 13:04:00,33.55649060968
2020-02-03 13:05:00,33.55963529
2020-02-03 13:06:00,33.55963529
2020-02-03 13:07:00,33.549808164
2020-02-03 13:08:00,33.530153912
2020-02-03 13:09:00,33.569462416
2020-02-03 13:10:00,33.584203105
2020-02-03 13:11:00,33.60877092
2020-02-03 13:12:00,33.569462416
2020-02-03 13:13:00,33.530153912
2020-02-03 13:14:00,33.539981038
2020-02-03 13:15:00,33.549808164
2020-02-03 13:16:00,33.530153912
2020-02-03 13:17:00,33.539981038
2020-02-03 13:18:00,33.52189912616
2020-02-03 13:19:00,33.525240349
2020-02-03 13:20:00,33.539981038
2020-02-03 13:21:00,33.554721727
2020-02-03 13:22:00,33.520326786
2020-02-03 13:23:00,33.51875444584
2020-02-03 13:24:00,33.52022851474
2020-02-03 13:25:00,33.530153912
2020-02-03 13:26:00,33.549808164
2020-02-03 13:27:00,33.535067475
2020-02-03 13:28:00,33.51049966
2020-02-03 13:29:00,33.490845408
2020-02-03 13:30:00,33.481018282
2020-02-03 13:31:00,33.481018282
2020-02-03 13:32:00,33.466277593
2020-02-03 13:33:00,33.44328211816
2020-02-03 13:34:00,33.466277593
2020-02-03 13:35:00,33.500672534
2020-02-03 13:36:00,33.515413223
2020-02-03 13:37:00,33.535067475
2020-02-03 13:38:00,33.530153912
2020-02-03 13:39:00,33.539981038
2020-02-03 13:40:00,33.535067475
2020-02-03 13:41:00,33.530153912
2020-02-03 13:42:00,33.539981038
2020-02-03 13:43:00,33.520326786
2020-02-03 13:44:00,33.55963529
2020-02-03 13:45:00,33.584203105
2020-02-03 13:46:00,33.569462416
2020-02-03 13:47:00,33.58410483374
2020-02-03 13:48:00,33.60877092
2020-02-03 13:49:00,33.603857357
2020-02-03 13:50:00,33.60326772944
2020-02-03 13:51:00,33.564548853
2020-02-03 13:52:00,33.549808164
2020-02-03 13:53:00,33.549808164
2020-02-03 13:54:00,33.574375979
2020-02-03 13:55:00,33.589116668
2020-02-03 13:56:00,33.60611759598
2020-02-03 13:57:00,33.5915734495
2020-02-03 13:58:00,33.589116668
2020-02-03 13:59:00,33.603857357
2020-02-03 14:00:00,33.603857357
2020-02-03 14:01:00,33.598943794
2020-02-03 14:02:00,33.603857357
2020-02-03 14:03:00,33.598943794
2020-02-03 14:04:00,33.613684483
2020-02-03 14:05:00,33.60877092
2020-02-03 14:06:00,33.60877092
2020-02-03 14:07:00,33.589116668
2020-02-03 14:08:00,33.60877092
2020-02-03 14:09:00,33.613684483
2020-02-03 14:10:00,33.638252298
2020-02-03 14:11:00,33.633338735
2020-02-03 14:12:00,33.633338735
2020-02-03 14:13:00,33.628425172
2020-02-03 14:14:00,33.613684483
2020-02-03 14:15:00,33.569462416
2020-02-03 14:16:00,33.598943794
2020-02-03 14:17:00,33.628425172
2020-02-03 14:18:00,33.648079424
2020-02-03 14:19:00,33.652992987
2020-02-03 14:20:00,33.648079424
2020-02-03 14:21:00,33.672647239
2020-02-03 14:22:00,33.65800482126
2020-02-03 14:23:00,33.65790655
2020-02-03 14:24:00,33.65790655
2020-02-03 14:25:00,33.65790655
2020-02-03 14:26:00,33.662820113
2020-02-03 14:27:00,33.643165861
2020-02-03 14:28:00,33.65171546062
2020-02-03 14:29:00,33.618598046
2020-02-03 14:30:00,33.603857357
2020-02-03 14:31:00,33.598943794
2020-02-03 14:32:00,33.598943794
2020-02-03 14:33:00,33.569462416
2020-02-03 14:34:00,33.569462416
2020-02-03 14:35:00,33.579289542
2020-02-03 14:36:00,33.589116668
2020-02-03 14:37:00,33.623511609
2020-02-03 14:38:00,33.638252298
2020-02-03 14:39:00,33.638252298
2020-02-03 14:40:00,33.65790655
2020-02-03 14:41:00,33.648079424
2020-02-03 14:42:00,33.65790655
2020-02-03 14:43:00,33.667733676
2020-02-03 14:44:00,33.6490621366
2020-02-03 14:45:00,33.65515495472
2020-02-03 14:46:00,33.633338735
2020-02-03 14:47:00,33.638252298
2020-02-03 14:48:00,33.643165861
2020-02-03 14:49:00,33.648079424
2020-02-03 14:50:00,33.648079424
2020-02-03 14:51:00,33.638252298
2020-02-03 14:52:00,33.643165861
2020-02-03 14:53:00,33.648079424
2020-02-03 14:54:00,33.667733676
2020-02-03 14:55:00,33.697215054
2020-02-03 14:56:00,33.687387928
2020-02-03 14:57:00,33.687387928
2020-02-03 14:58:00,33.697215054
2020-02-03 14:59:00,33.751264247
2020-02-03 15:00:00,33.687387928
2020-02-03 15:01:00,33.702128617
2020-02-03 15:02:00,33.716869306
2020-02-03 15:03:00,33.716869306
2020-02-03 15:04:00,33.731609995
2020-02-03 15:05:00,33.751264247
2020-02-03 15:06:00,33.751264247
2020-02-03 15:07:00,33.785659188
2020-02-03 15:08:00,33.75617781
2020-02-03 15:09:00,33.736523558
2020-02-03 15:10:00,33.775832062
2020-02-03 15:11:00,33.741437121
2020-02-03 15:12:00,33.716869306
2020-02-03 15:13:00,33.70704218
2020-02-03 15:14:00,33.692301491
2020-02-03 15:15:00,33.726696432
2020-02-03 15:16:00,33.726696432
2020-02-03 15:17:00,33.75607953874
2020-02-03 15:18:00,33.75617781
2020-02-03 15:19:00,33.761091373
2020-02-03 15:20:00,33.790572751
2020-02-03 15:21:00,33.810227003
2020-02-03 15:22:00,33.829881255
2020-02-03 15:23:00,33.859362633
2020-02-03 15:24:00,33.879016885
2020-02-03 15:25:00,33.815140566
2020-02-03 15:26:00,33.790572751
2020-02-03 15:27:00,33.810227003
2020-02-03 15:28:00,33.849535507
2020-02-03 15:29:00,33.849535507
2020-02-03 15:30:00,33.815140566
2020-02-03 15:31:00,33.820054129
2020-02-03 15:32:00,33.85444907
2020-02-03 15:33:00,33.883930448
2020-02-03 15:34:00,33.85444907
2020-02-03 15:35:00,33.869189759
2020-02-03 15:36:00,33.893757574
2020-02-03 15:37:00,33.9035847
2020-02-03 15:38:00,33.918325389
2020-02-03 15:39:00,33.923238952
2020-02-03 15:40:00,33.918325389
2020-02-03 15:41:00,33.923238952
2020-02-03 15:42:00,33.9035847
2020-02-03 15:43:00,33.893757574
2020-02-03 15:44:00,33.864276196
2020-02-03 15:45:00,33.859362633
2020-02-03 15:46:00,33.824967692
2020-02-03 15:47:00,33.839708381
2020-02-03 15:48:00,33.839708381
2020-02-03 15:49:00,33.790572751
2020-02-03 15:50:00,33.75617781
2020-02-03 15:51:00,33.810227003
2020-02-03 15:52:00,33.80914601914
2020-02-03 15:53:00,33.839708381
2020-02-03 15:54:00,33.80550998252
2020-02-03 15:55:00,33.770918499
2020-02-03 15:56:00,33.790572751
2020-02-03 15:57:00,33.820054129
2020-02-03 15:58:00,33.829881255
2020-02-03 15:59:00,33.839708381
2020-02-03 16:00:00,33.795486314
2020-02-04 09:31:00,34.49684829662
2020-02-04 09:32:00,34.23171243714
2020-02-04 09:33:00,34.178744228
2020-02-04 09:34:00,34.301583303
2020-02-04 09:35:00,34.394941
2020-02-04 09:36:00,34.394941
2020-02-04 09:37:00,34.419508815
2020-02-04 09:38:00,34.394941
2020-02-04 09:39:00,34.24753411
2020-02-04 09:40:00,34.139435724
2020-02-04 09:41:00,34.109954346
2020-02-04 09:42:00,34.080472968
2020-02-04 09:43:00,34.129608598
2020-02-04 09:44:00,34.154176413
2020-02-04 09:45:00,34.124695035
2020-02-04 09:46:00,34.080472968
2020-02-04 09:47:00,34.090300094
2020-02-04 09:48:00,34.178744228
2020-02-04 09:49:00,34.1384530114
2020-02-04 09:50:00,34.203312043
2020-02-04 09:51:00,34.159089976
2020-02-04 09:52:00,34.129608598
2020-02-04 09:53:00,34.14926285
2020-02-04 09:54:00,34.168917102
2020-02-04 09:55:00,34.129608598
2020-02-04 09:56:00,34.021510212
2020-02-04 09:57:00,33.992028834
2020-02-04 09:58:00,33.992028834
2020-02-04 09:59:00,33.972374582
2020-02-04 10:00:00,33.977288145
2020-02-04 10:01:00,33.913411826
2020-02-04 10:02:00,33.883930448
2020-02-04 10:03:00,33.844621944
2020-02-04 10:04:00,33.874103322
2020-02-04 10:05:00,33.810227003
2020-02-04 10:06:00,33.820054129
2020-02-04 10:07:00,33.844621944
2020-02-04 10:08:00,33.913411826
2020-02-04 10:09:00,33.967461019
2020-02-04 10:10:00,33.982201708
2020-02-04 10:11:00,33.957633893
2020-02-04 10:12:00,33.987115271
2020-02-04 10:13:00,33.883930448
2020-02-04 10:14:00,33.87636356098
2020-02-04 10:15:00,33.879016885
2020-02-04 10:16:00,33.874103322
2020-02-04 10:17:00,33.874103322
2020-02-04 10:18:00,33.9035847
2020-02-04 10:19:00,33.947806767
2020-02-04 10:20:00,33.972374582
2020-02-04 10:21:00,33.937979641
2020-02-04 10:22:00,33.982201708
2020-02-04 10:23:00,33.982201708
2020-02-04 10:24:00,34.016596649
2020-02-04 10:25:00,33.95272033
2020-02-04 10:26:00,33.9035847
2020-02-04 10:27:00,33.89700052558
2020-02-04 10:28:00,33.898671137
2020-02-04 10:29:00,33.937979641
2020-02-04 10:30:00,33.942893204
2020-02-04 10:31:00,33.962547456
2020-02-04 10:32:00,33.992028834
2020-02-04 10:33:00,33.996942397
2020-02-04 10:34:00,34.011683086
2020-02-04 10:35:00,34.0220015683
2020-02-04 10:36:00,34.026423775
2020-02-04 10:37:00,34.00185596
2020-02-04 10:38:00,33.992028834
2020-02-04 10:39:00,33.962547456
2020-02-04 10:40:00,33.967461019
2020-02-04 10:41:00,33.942893204
2020-02-04 10:42:00,33.972374582
2020-02-04 10:43:00,33.972374582
2020-02-04 10:44:00,33.967461019
2020-02-04 10:45:00,33.95272033
2020-02-04 10:46:00,33.9035847
2020-02-04 10:47:00,33.864276196
2020-02-04 10:48:00,33.834794818
2020-02-04 10:49:00,33.9035847
2020-02-04 10:50:00,33.918325389
2020-02-04 10:51:00,33.923238952
2020-02-04 10:52:00,33.9355228595
2020-02-04 10:53:00,33.898671137
2020-02-04 10:54:00,33.879016885
2020-02-04 10:55:00,33.85444907
2020-02-04 10:56:00,33.874103322
2020-02-04 10:57:00,33.810227003
2020-02-04 10:58:00,33.849535507
2020-02-04 10:59:00,33.839708381
2020-02-04 11:00:00,33.824967692
2020-02-04 11:01:00,33.844621944
2020-02-04 11:02:00,33.849535507
2020-02-04 11:03:00,33.824967692
2020-02-04 11:04:00,33.800399877
2020-02-04 11:05:00,33.815140566
2020-02-04 11:06:00,33.844621944
2020-02-04 11:07:00,33.84442540148
2020-02-04 11:08:00,33.810227003
2020-02-04 11:09:00,33.770918499
2020-02-04 11:10:00,33.766004936
2020-02-04 11:11:00,33.80531344
2020-02-04 11:12:00,33.824967692
2020-02-04 11:13:00,33.824967692
2020-02-04 11:14:00,33.9035847
2020-02-04 11:15:00,33.9035847
2020-02-04 11:16:00,33.86810877514
2020-02-04 11:17:00,33.898671137
2020-02-04 11:18:00,33.893757574
2020-02-04 11:19:00,33.893757574
2020-02-04 11:20:00,33.9035847
2020-02-04 11:21:00,33.933066078
2020-02-04 11:22:00,33.898671137
2020-02-04 11:23:00,33.918325389
2020-02-04 11:24:00,33.937979641
2020-02-04 11:25:00,33.942893204
2020-02-04 11:26:00,33.947806767
2020-02-04 11:27:00,33.962547456
2020-02-04 11:28:00,33.99193056274
2020-02-04 11:29:00,34.006769523
2020-02-04 11:30:00,33.992028834
2020-02-04 11:31:00,33.996942397
2020-02-04 11:32:00,33.992028834
2020-02-04 11:33:00,34.006769523
2020-02-04 11:34:00,33.992028834
2020-02-04 11:35:00,34.0126657986
2020-02-04 11:36:00,33.996942397
2020-02-04 11:37:00,34.026423775
2020-02-04 11:38:00,34.036250901
2020-02-04 11:39:00,34.036250901
2020-02-04 11:40:00,34.016596649
2020-02-04 11:41:00,33.962547456
2020-02-04 11:42:00,33.977288145
2020-02-04 11:43:00,33.97021261428
2020-02-04 11:44:00,33.982201708
2020-02-04 11:45:00,33.982201708
2020-02-04 11:46:00,34.00185596
2020-02-04 11:47:00,34.00185596
2020-02-04 11:48:00,34.05099159
2020-02-04 11:49:00,34.046078027
2020-02-04 11:50:00,34.05099159
2020-02-04 11:51:00,34.03448201832
2020-02-04 11:52:00,33.992028834
2020-02-04 11:53:00,33.987115271
2020-02-04 11:54:00,33.987115271
2020-02-04 11:55:00,34.00185596
2020-02-04 11:56:00,33.879016885
2020-02-04 11:57:00,33.9030933437
2020-02-04 11:58:00,33.888844011
2020-02-04 11:59:00,33.898671137
2020-02-04 12:00:00,33.947806767
2020-02-04 12:01:00,33.972374582
2020-02-04 12:02:00,33.992028834
2020-02-04 12:03:00,34.016596649
2020-02-04 12:04:00,33.992028834
2020-02-04 12:05:00,33.996942397
2020-02-04 12:06:00,33.992028834
2020-02-04 12:07:00,33.9782708576
2020-02-04 12:08:00,33.977288145
2020-02-04 12:09:00,33.95272033
2020-02-04 12:10:00,33.947806767
2020-02-04 12:11:00,33.972374582
2020-02-04 12:12:00,33.987115271
2020-02-04 12:13:00,34.031337338
2020-02-04 12:14:00,34.01875861672
2020-02-04 12:15:00,34.016596649
2020-02-04 12:16:00,34.026423775
2020-02-04 12:17:00,34.046078027
2020-02-04 12:18:00,34.036250901
2020-02-04 12:19:00,34.021510212
2020-02-04 12:20:00,34.00185596
2020-02-04 12:21:00,33.996942397
2020-02-04 12:22:00,33.982201708
2020-02-04 12:23:00,33.962547456
2020-02-04 12:24:00,33.972374582
2020-02-04 12:25:00,33.962547456
2020-02-04 12:26:00,33.95272033
2020-02-04 12:27:00,33.947806767
2020-02-04 12:28:00,33.977288145
2020-02-04 12:29:00,33.95498056898
2020-02-04 12:30:00,33.95272033
2020-02-04 12:31:00,33.95272033
2020-02-04 12:32:00,33.95114798984
2020-02-04 12:33:00,33.95272033
2020-02-04 12:34:00,33.942893204
2020-02-04 12:35:00,33.933066078
2020-02-04 12:36:00,33.95272033
2020-02-04 12:37:00,33.947806767
2020-02-04 12:38:00,33.957633893
2020-02-04 12:39:00,33.97669851744
2020-02-04 12:40:00,33.977288145
2020-02-04 12:41:00,33.982201708
2020-02-04 12:42:00,33.992028834
2020-02-04 12:43:00,34.00185596
2020-02-04 12:44:00,33.98573947336
2020-02-04 12:45:00,33.987115271
2020-02-04 12:46:00,33.957633893
2020-02-04 12:47:00,33.942893204
2020-02-04 12:48:00,33.928152515
2020-02-04 12:49:00,33.937979641
2020-02-04 12:50:00,33.9399450662
2020-02-04 12:51:00,33.933066078
2020-02-04 12:52:00,33.947806767
2020-02-04 12:53:00,33.95272033
2020-02-04 12:54:00,33.92775942996
2020-02-04 12:55:00,33.928152515
2020-02-04 12:56:00,33.923238952
2020-02-04 12:57:00,33.913411826
2020-02-04 12:58:00,33.93080583902
2020-02-04 12:59:00,33.928152515
2020-02-04 13:00:00,33.947806767
2020-02-04 13:01:00,33.967461019
2020-02-04 13:02:00,33.962547456
2020-02-04 13:03:00,33.962547456
2020-02-04 13:04:00,33.947806767
2020-02-04 13:05:00,33.95272033
2020-02-04 13:06:00,33.9517376174
2020-02-04 13:07:00,33.942893204
2020-02-04 13:08:00,33.94446554416
2020-02-04 13:09:00,33.937979641
2020-02-04 13:10:00,33.918325389
2020-02-04 13:11:00,33.928152515
2020-02-04 13:12:00,33.928152515
2020-02-04 13:13:00,33.928152515
2020-02-04 13:14:00,33.918325389
2020-02-04 13:15:00,33.913411826
2020-02-04 13:16:00,33.913411826
2020-02-04 13:17:00,33.888844011
2020-02-04 13:18:00,33.898671137
2020-02-04 13:19:00,33.898671137
2020-02-04 13:20:00,33.898671137
2020-02-04 13:21:00,33.888844011
2020-02-04 13:22:00,33.883930448
2020-02-04 13:23:00,33.8917921488
2020-02-04 13:24:00,33.88854919722
2020-02-04 13:25:00,33.8878612984
2020-02-04 13:26:00,33.88402871926
2020-02-04 13:27:00,33.864276196
2020-02-04 13:28:00,33.87744454484
2020-02-04 13:29:00,33.869189759
2020-02-04 13:30:00,33.869189759
2020-02-04 13:31:00,33.869189759
2020-02-04 13:32:00,33.859362633
2020-02-04 13:33:00,33.864276196
2020-02-04 13:34:00,33.859362633
2020-02-04 13:35:00,33.869189759
2020-02-04 13:36:00,33.88825438344
2020-02-04 13:37:00,33.888844011
2020-02-04 13:38:00,33.87429986452
2020-02-04 13:39:00,33.879016885
2020-02-04 13:40:00,33.883930448
2020-02-04 13:41:00,33.879016885
2020-02-04 13:42:00,33.874103322
2020-02-04 13:43:00,33.888844011
2020-02-04 13:44:00,33.893757574
2020-02-04 13:45:00,33.898671137
2020-02-04 13:46:00,33.95272033
2020-02-04 13:47:00,33.893757574
2020-02-04 13:48:00,33.908498263
2020-02-04 13:49:00,33.883930448
2020-02-04 13:50:00,33.874103322
2020-02-04 13:51:00,33.879016885
2020-02-04 13:52:00,33.849535507
2020-02-04 13:53:00,33.849535507
2020-02-04 13:54:00,33.839708381
2020-02-04 13:55:00,33.820054129
2020-02-04 13:56:00,33.815140566
2020-02-04 13:57:00,33.820054129
2020-02-04 13:58:00,33.820054129
2020-02-04 13:59:00,33.85444907
2020-02-04 14:00:00,33.86270385584
2020-02-04 14:01:00,33.839708381
2020-02-04 14:02:00,33.85444907
2020-02-04 14:03:00,33.869189759
2020-02-04 14:04:00,33.8608367019
2020-02-04 14:05:00,33.879016885
2020-02-04 14:06:00,33.918325389
2020-02-04 14:07:00,33.898671137
2020-02-04 14:08:00,33.893757574
2020-02-04 14:09:00,33.879016885
2020-02-04 14:10:00,33.893757574
2020-02-04 14:11:00,33.874103322
2020-02-04 14:12:00,33.859362633
2020-02-04 14:13:00,33.874103322
2020-02-04 14:14:00,33.883930448
2020-02-04 14:15:00,33.874103322
2020-02-04 14:16:00,33.874103322
2020-02-04 14:17:00,33.874103322
2020-02-04 14:18:00,33.879016885
2020-02-04 14:19:00,33.864276196
2020-02-04 14:20:00,33.80531344
2020-02-04 14:21:00,33.80531344
2020-02-04 14:22:00,33.800399877
2020-02-04 14:23:00,33.800399877
2020-02-04 14:24:00,33.785659188
2020-02-04 14:25:00,33.795486314
2020-02-04 14:26:00,33.800399877
2020-02-04 14:27:00,33.800399877
2020-02-04 14:28:00,33.785659188
2020-02-04 14:29:00,33.800399877
2020-02-04 14:30:00,33.800399877
2020-02-04 14:31:00,33.790572751
2020-02-04 14:32:00,33.78831251202
2020-02-04 14:33:00,33.79971197818
2020-02-04 14:34:00,33.810227003
2020-02-04 14:35:00,33.795486314
2020-02-04 14:36:00,33.820054129
2020-02-04 14:37:00,34.00185596
2020-02-04 14:38:00,35.544714742
2020-02-04 14:39:00,35.584023246
2020-02-04 14:40:00,35.790392892
2020-02-04 14:41:00,36.281749192
2020-02-04 14:42:00,36.964734449
2020-02-04 14:43:00,36.714142736
2020-02-04 14:44:00,37.32332627674
2020-02-04 14:45:00,37.578929824
2020-02-04 14:46:00,37.09740065
2020-02-04 14:47:00,36.92798099776
2020-02-04 14:48:00,37.1475189926
2020-02-04 14:49:00,37.3430788
2020-02-04 14:50:00,38.050631872
2020-02-04 14:51:00,38.365099904
2020-02-04 14:52:00,38.099767502
2020-02-04 14:53:00,37.461004312
2020-02-04 14:54:00,37.30357375348
2020-02-04 14:55:00,37.205499036
2020-02-04 14:56:00,37.230066851
2020-02-04 14:57:00,37.023697205
2020-02-04 14:58:00,36.866463189
2020-02-04 14:59:00,36.984388701
2020-02-04 15:00:00,36.959820886
2020-02-04 15:01:00,36.782932618
2020-02-04 15:02:00,36.778019055
2020-02-04 15:03:00,36.748537677
2020-02-04 15:04:00,36.40026433156
2020-02-04 15:05:00,36.448810334
2020-02-04 15:06:00,36.37726885672
2020-02-04 15:07:00,36.217872873
2020-02-04 15:08:00,36.40950183
2020-02-04 15:09:00,36.399674704
2020-02-04 15:10:00,36.296489881
2020-02-04 15:11:00,36.3534872118
2020-02-04 15:12:00,36.468464586
2020-02-04 15:13:00,36.532340905
2020-02-04 15:14:00,36.517600216
2020-02-04 15:15:00,36.404588267
2020-02-04 15:16:00,36.389847578
2020-02-04 15:17:00,36.291576318
2020-02-04 15:18:00,36.23104122184
2020-02-04 15:19:00,36.237527125
2020-02-04 15:20:00,36.203132184
2020-02-04 15:21:00,36.149082991
2020-02-04 15:22:00,36.158910117
2020-02-04 15:23:00,36.222786436
2020-02-04 15:24:00,36.242440688
2020-02-04 15:25:00,36.247354251
2020-02-04 15:26:00,36.242440688
2020-02-04 15:27:00,36.276835629
2020-02-04 15:28:00,36.36046447126
2020-02-04 15:29:00,36.42895953948
2020-02-04 15:30:00,36.36793308702
2020-02-04 15:31:00,36.335798385
2020-02-04 15:32:00,36.257181377
2020-02-04 15:33:00,36.21295931
2020-02-04 15:34:00,36.271922066
2020-02-04 15:35:00,36.257181377
2020-02-04 15:36:00,36.25442978172
2020-02-04 15:37:00,36.271922066
2020-02-04 15:38:00,36.217872873
2020-02-04 15:39:00,36.286662755
2020-02-04 15:40:00,36.281749192
2020-02-04 15:41:00,36.26966182702
2020-02-04 15:42:00,36.271922066
2020-02-04 15:43:00,36.478291712
2020-02-04 15:44:00,36.478291712
2020-02-04 15:45:00,36.443896771
2020-02-04 15:46:00,36.473378149
2020-02-04 15:47:00,36.502859527
2020-02-04 15:48:00,36.61253025316
2020-02-04 15:49:00,36.758364803
2020-02-04 15:50:00,36.551995157
2020-02-04 15:51:00,36.576562972
2020-02-04 15:52:00,36.571649409
2020-02-04 15:53:00,36.581476535
2020-02-04 15:54:00,36.610957913
2020-02-04 15:55:00,36.758364803
2020-02-04 15:56:00,36.728883425
2020-02-04 15:57:00,36.75944578686
2020-02-04 15:58:00,36.836981811
2020-02-04 15:59:00,36.861549626
2020-02-04 16:00:00,36.763278366
2020-02-05 09:31:00,36.33343987476
2020-02-05 09:32:00,36.429156082
2020-02-05 09:33:00,36.399674704
2020-02-05 09:34:00,36.350539074
2020-02-05 09:35:00,36.21295931
2020-02-05 09:36:00,36.370193326
2020-02-05 09:37:00,36.350539074
2020-02-05 09:38:00,36.389847578
2020-02-05 09:39:00,36.31123057
2020-02-05 09:40:00,36.26209494
2020-02-05 09:41:00,36.14348152918
2020-02-05 09:42:00,36.124515176
2020-02-05 09:43:00,36.036071042
2020-02-05 09:44:00,36.144169428
2020-02-05 09:45:00,36.281749192
2020-02-05 09:46:00,36.25246435652
2020-02-05 09:47:00,36.227699999
2020-02-05 09:48:00,36.252267814
2020-02-05 09:49:00,36.198218621
2020-02-05 09:50:00,36.242440688
2020-02-05 09:51:00,36.16804934418
2020-02-05 09:52:00,36.222786436
2020-02-05 09:53:00,36.252267814
2020-02-05 09:54:00,36.217872873
2020-02-05 09:55:00,36.271922066
2020-02-05 09:56:00,36.291576318
2020-02-05 09:57:00,36.306317007
2020-02-05 09:58:00,36.281749192
2020-02-05 09:59:00,36.306317007
2020-02-05 10:00:00,36.355452637
2020-02-05 10:01:00,36.355452637
2020-02-05 10:02:00,36.31123057
2020-02-05 10:03:00,36.301403444
2020-02-05 10:04:00,36.252267814
2020-02-05 10:05:00,36.173650806
2020-02-05 10:06:00,36.11468805
2020-02-05 10:07:00,36.153996554
2020-02-05 10:08:00,36.139255865
2020-02-05 10:09:00,36.153996554
2020-02-05 10:10:00,36.134342302
2020-02-05 10:11:00,36.124515176
2020-02-05 10:12:00,36.11468805
2020-02-05 10:13:00,36.095033798
2020-02-05 10:14:00,36.095033798
2020-02-05 10:15:00,36.075379546
2020-02-05 10:16:00,36.124515176
2020-02-05 10:17:00,36.099947361
2020-02-05 10:18:00,36.139255865
2020-02-05 10:19:00,36.134342302
2020-02-05 10:20:00,36.1417126465
2020-02-05 10:21:00,36.16382368
2020-02-05 10:22:00,36.144169428
2020-02-05 10:23:00,36.149082991
2020-02-05 10:24:00,36.193305058
2020-02-05 10:25:00,36.16382368
2020-02-05 10:26:00,36.178564369
2020-02-05 10:27:00,36.178564369
2020-02-05 10:28:00,36.178564369
2020-02-05 10:29:00,36.15242421384
2020-02-05 10:30:00,36.149082991
2020-02-05 10:31:00,36.153996554
2020-02-05 10:32:00,36.144169428
2020-02-05 10:33:00,36.134342302
2020-02-05 10:34:00,36.203132184
2020-02-05 10:35:00,36.134342302
2020-02-05 10:36:00,36.134342302
2020-02-05 10:37:00,36.095033798
2020-02-05 10:38:00,36.075379546
2020-02-05 10:39:00,36.075379546
2020-02-05 10:40:00,36.01641679
2020-02-05 10:41:00,36.021330353
2020-02-05 10:42:00,36.040984605
2020-02-05 10:43:00,36.080293109
2020-02-05 10:44:00,36.085206672
2020-02-05 10:45:00,36.119601613
2020-02-05 10:46:00,36.090120235
2020-02-05 10:47:00,36.055725294
2020-02-05 10:48:00,36.095033798
2020-02-05 10:49:00,36.104860924
2020-02-05 10:50:00,36.104860924
2020-02-05 10:51:00,36.13424403074
2020-02-05 10:52:00,36.090120235
2020-02-05 10:53:00,36.075379546
2020-02-05 10:54:00,36.085206672
2020-02-05 10:55:00,36.080293109
2020-02-05 10:56:00,36.070465983
2020-02-05 10:57:00,36.109774487
2020-02-05 10:58:00,36.099947361
2020-02-05 10:59:00,36.144169428
2020-02-05 11:00:00,36.099947361
2020-02-05 11:01:00,36.085206672
2020-02-05 11:02:00,36.095033798
2020-02-05 11:03:00,36.104860924
2020-02-05 11:04:00,36.08530494326
2020-02-05 11:05:00,36.080293109
2020-02-05 11:06:00,36.060638857
2020-02-05 11:07:00,36.095033798
2020-02-05 11:08:00,36.10495919526
2020-02-05 11:09:00,36.109774487
2020-02-05 11:10:00,36.119601613
2020-02-05 11:11:00,36.11478632126
2020-02-05 11:12:00,36.16382368
2020-02-05 11:13:00,36.173650806
2020-02-05 11:14:00,36.252267814
2020-02-05 11:15:00,36.26209494
2020-02-05 11:16:00,36.306317007
2020-02-05 11:17:00,36.330884822
2020-02-05 11:18:00,36.345625511
2020-02-05 11:19:00,36.355452637
2020-02-05 11:20:00,36.286662755
2020-02-05 11:21:00,36.301403444
2020-02-05 11:22:00,36.257181377
2020-02-05 11:23:00,36.252267814
2020-02-05 11:24:00,36.276835629
2020-02-05 11:25:00,36.227699999
2020-02-05 11:26:00,36.217872873
2020-02-05 11:27:00,36.247354251
2020-02-05 11:28:00,36.291576318
2020-02-05 11:29:00,36.31123057
2020-02-05 11:30:00,36.340711948
2020-02-05 11:31:00,36.325971259
2020-02-05 11:32:00,36.350539074
2020-02-05 11:33:00,36.3603662
2020-02-05 11:34:00,36.34827883502
2020-02-05 11:35:00,36.306317007
2020-02-05 11:36:00,36.345625511
2020-02-05 11:37:00,36.3603662
2020-02-05 11:38:00,36.355452637
2020-02-05 11:39:00,36.365279763
2020-02-05 11:40:00,36.3544699244
2020-02-05 11:41:00,36.350539074
2020-02-05 11:42:00,36.34719785116
2020-02-05 11:43:00,36.335798385
2020-02-05 11:44:00,36.276835629
2020-02-05 11:45:00,36.380020452
2020-02-05 11:46:00,36.414415393
2020-02-05 11:47:00,36.483205275
2020-02-05 11:48:00,36.478291712
2020-02-05 11:49:00,36.453723897
2020-02-05 11:50:00,36.463551023
2020-02-05 11:51:00,36.497945964
2020-02-05 11:52:00,36.48330354626
2020-02-05 11:53:00,36.478291712
2020-02-05 11:54:00,36.45863746
2020-02-05 11:55:00,36.45863746
2020-02-05 11:56:00,36.438983208
2020-02-05 11:57:00,36.40950183
2020-02-05 11:58:00,36.512686653
2020-02-05 11:59:00,36.51602787584
2020-02-05 12:00:00,36.561822283
2020-02-05 12:01:00,36.537254468
2020-02-05 12:02:00,36.517600216
2020-02-05 12:03:00,36.497945964
2020-02-05 12:04:00,36.493032401
2020-02-05 12:05:00,36.483205275
2020-02-05 12:06:00,36.493032401
2020-02-05 12:07:00,36.512686653
2020-02-05 12:08:00,36.542168031
2020-02-05 12:09:00,36.50777309
2020-02-05 12:10:00,36.478291712
2020-02-05 12:11:00,36.50551285102
2020-02-05 12:12:00,36.502859527
2020-02-05 12:13:00,36.488118838
2020-02-05 12:14:00,36.48556378524
2020-02-05 12:15:00,36.483205275
2020-02-05 12:16:00,36.478291712
2020-02-05 12:17:00,36.473378149
2020-02-05 12:18:00,36.47062655372
2020-02-05 12:19:00,36.468464586
2020-02-05 12:20:00,36.48428625886
2020-02-05 12:21:00,36.488118838
2020-02-05 12:22:00,36.463551023
2020-02-05 12:23:00,36.497945964
2020-02-05 12:24:00,36.493032401
2020-02-05 12:25:00,36.527427342
2020-02-05 12:26:00,36.527427342
2020-02-05 12:27:00,36.537254468
2020-02-05 12:28:00,36.5574000763
2020-02-05 12:29:00,36.586390098
2020-02-05 12:30:00,36.542168031
2020-02-05 12:31:00,36.537254468
2020-02-05 12:32:00,36.54698332274
2020-02-05 12:33:00,36.55690872
2020-02-05 12:34:00,36.537254468
2020-02-05 12:35:00,36.50777309
2020-02-05 12:36:00,36.517600216
2020-02-05 12:37:00,36.512686653
2020-02-05 12:38:00,36.493032401
2020-02-05 12:39:00,36.478291712
2020-02-05 12:40:00,36.463551023
2020-02-05 12:41:00,36.4493016903
2020-02-05 12:42:00,36.443896771
2020-02-05 12:43:00,36.448810334
2020-02-05 12:44:00,36.414415393
2020-02-05 12:45:00,36.463551023
2020-02-05 12:46:00,36.517600216
2020-02-05 12:47:00,36.502859527
2020-02-05 12:48:00,36.5347976865
2020-02-05 12:49:00,36.512686653
2020-02-05 12:50:00,36.527427342
2020-02-05 12:51:00,36.547081594
2020-02-05 12:52:00,36.55690872
2020-02-05 12:53:00,36.591303661
2020-02-05 12:54:00,36.596217224
2020-02-05 12:55:00,36.571649409
2020-02-05 12:56:00,36.561822283
2020-02-05 12:57:00,36.61027001418
2020-02-05 12:58:00,36.591303661
2020-02-05 12:59:00,36.601130787
2020-02-05 13:00:00,36.615871476
2020-02-05 13:01:00,36.596217224
2020-02-05 13:02:00,36.625698602
2020-02-05 13:03:00,36.689574921
2020-02-05 13:04:00,36.684661358
2020-02-05 13:05:00,36.679747795
2020-02-05 13:06:00,36.665007106
2020-02-05 13:07:00,36.694488484
2020-02-05 13:08:00,36.67404806192
2020-02-05 13:09:00,36.669920669
2020-02-05 13:10:00,36.714142736
2020-02-05 13:11:00,36.709229173
2020-02-05 13:12:00,36.72564047342
2020-02-05 13:13:00,36.70431561
2020-02-05 13:14:00,36.65517998
2020-02-05 13:15:00,36.699402047
2020-02-05 13:16:00,36.719056299
2020-02-05 13:17:00,36.733796988
2020-02-05 13:18:00,36.699402047
2020-02-05 13:19:00,36.748537677
2020-02-05 13:20:00,36.719056299
2020-02-05 13:21:00,36.684661358
2020-02-05 13:22:00,36.660093543
2020-02-05 13:23:00,36.65517998
2020-02-05 13:24:00,36.669920669
2020-02-05 13:25:00,36.66726734498
2020-02-05 13:26:00,36.694488484
2020-02-05 13:27:00,36.679747795
2020-02-05 13:28:00,36.669920669
2020-02-05 13:29:00,36.684661358
2020-02-05 13:30:00,36.679747795
2020-02-05 13:31:00,36.669920669
2020-02-05 13:32:00,36.674834232
2020-02-05 13:33:00,36.68348210288
2020-02-05 13:34:00,36.65517998
2020-02-05 13:35:00,36.660093543
2020-02-05 13:36:00,36.679747795
2020-02-05 13:37:00,36.65360763984
2020-02-05 13:38:00,36.65517998
2020-02-05 13:39:00,36.669920669
2020-02-05 13:40:00,36.669920669
2020-02-05 13:41:00,36.694488484
2020-02-05 13:42:00,36.674834232
2020-02-05 13:43:00,36.665007106
2020-02-05 13:44:00,36.674834232
2020-02-05 13:45:00,36.684661358
2020-02-05 13:46:00,36.70431561
2020-02-05 13:47:00,36.7102118856
2020-02-05 13:48:00,36.699402047
2020-02-05 13:49:00,36.650266417
2020-02-05 13:50:00,36.684661358
2020-02-05 13:51:00,36.679747795
2020-02-05 13:52:00,36.679747795
2020-02-05 13:53:00,36.684661358
2020-02-05 13:54:00,36.679747795
2020-02-05 13:55:00,36.665007106
2020-02-05 13:56:00,36.67198436546
2020-02-05 13:57:00,36.650266417
2020-02-05 13:58:00,36.669920669
2020-02-05 13:59:00,36.660093543
2020-02-05 14:00:00,36.669920669
2020-02-05 14:01:00,36.640439291
2020-02-05 14:02:00,36.630612165
2020-02-05 14:03:00,36.64918543314
2020-02-05 14:04:00,36.640439291
2020-02-05 14:05:00,36.640439291
2020-02-05 14:06:00,36.694488484
2020-02-05 14:07:00,36.689574921
2020-02-05 14:08:00,36.669920669
2020-02-05 14:09:00,36.679747795
2020-02-05 14:10:00,36.709229173
2020-02-05 14:11:00,36.70431561
2020-02-05 14:12:00,36.709229173
2020-02-05 14:13:00,36.71689433128
2020-02-05 14:14:00,36.70431561
2020-02-05 14:15:00,36.709229173
2020-02-05 14:16:00,36.709229173
2020-02-05 14:17:00,36.714142736
2020-02-05 14:18:00,36.738710551
2020-02-05 14:19:00,36.738710551
2020-02-05 14:20:00,36.70431561
2020-02-05 14:21:00,36.689574921
2020-02-05 14:22:00,36.68682332572
2020-02-05 14:23:00,36.684661358
2020-02-05 14:24:00,36.743624114
2020-02-05 14:25:00,36.728883425
2020-02-05 14:26:00,36.738710551
2020-02-05 14:27:00,36.748537677
2020-02-05 14:28:00,36.748537677
2020-02-05 14:29:00,36.768191929
2020-02-05 14:30:00,36.758364803
2020-02-05 14:31:00,36.743624114
2020-02-05 14:32:00,36.75345124
2020-02-05 14:33:00,36.728883425
2020-02-05 14:34:00,36.743624114
2020-02-05 14:35:00,36.763278366
2020-02-05 14:36:00,36.797673307
2020-02-05 14:37:00,36.768191929
2020-02-05 14:38:00,36.758364803
2020-02-05 14:39:00,36.738710551
2020-02-05 14:40:00,36.714142736
2020-02-05 14:41:00,36.728883425
2020-02-05 14:42:00,36.709229173
2020-02-05 14:43:00,36.70431561
2020-02-05 14:44:00,36.689574921
2020-02-05 14:45:00,36.719056299
2020-02-05 14:46:00,36.699402047
2020-02-05 14:47:00,36.645352854
2020-02-05 14:48:00,36.650266417
2020-02-05 14:49:00,36.660093543
2020-02-05 14:50:00,36.635525728
2020-02-05 14:51:00,36.674834232
2020-02-05 14:52:00,36.674834232
2020-02-05 14:53:00,36.669920669
2020-02-05 14:54:00,36.645352854
2020-02-05 14:55:00,36.640439291
2020-02-05 14:56:00,36.620785039
2020-02-05 14:57:00,36.601130787
2020-02-05 14:58:00,36.532340905
2020-02-05 14:59:00,36.551995157
2020-02-05 15:00:00,36.55690872
2020-02-05 15:01:00,36.601130787
2020-02-05 15:02:00,36.650266417
2020-02-05 15:03:00,36.640439291
2020-02-05 15:04:00,36.610957913
2020-02-05 15:05:00,36.601130787
2020-02-05 15:06:00,36.591303661
2020-02-05 15:07:00,36.591303661
2020-02-05 15:08:00,36.601130787
2020-02-05 15:09:00,36.60604435
2020-02-05 15:10:00,36.60771496142
2020-02-05 15:11:00,36.596217224
2020-02-05 15:12:00,36.601130787
2020-02-05 15:13:00,36.601130787
2020-02-05 15:14:00,36.601130787
2020-02-05 15:15:00,36.610957913
2020-02-05 15:16:00,36.610957913
2020-02-05 15:17:00,36.620785039
2020-02-05 15:18:00,36.650266417
2020-02-05 15:19:00,36.640439291
2020-02-05 15:20:00,36.630612165
2020-02-05 15:21:00,36.615871476
2020-02-05 15:22:00,36.615871476
2020-02-05 15:23:00,36.630612165
2020-02-05 15:24:00,36.601130787
2020-02-05 15:25:00,36.58717626808
2020-02-05 15:26:00,36.542168031
2020-02-05 15:27:00,36.566735846
2020-02-05 15:28:00,36.571649409
2020-02-05 15:29:00,36.561822283
2020-02-05 15:30:00,36.561822283
2020-02-05 15:31:00,36.571649409
2020-02-05 15:32:00,36.561822283
2020-02-05 15:33:00,36.547081594
2020-02-05 15:34:00,36.542168031
2020-02-05 15:35:00,36.512686653
2020-02-05 15:36:00,36.517600216
2020-02-05 15:37:00,36.493032401
2020-02-05 15:38:00,36.45883400252
2020-02-05 15:39:00,36.483205275
2020-02-05 15:40:00,36.493032401
2020-02-05 15:41:00,36.493032401
2020-02-05 15:42:00,36.497945964
2020-02-05 15:43:00,36.532340905
2020-02-05 15:44:00,36.542168031
2020-02-05 15:45:00,36.532340905
2020-02-05 15:46:00,36.512686653
2020-02-05 15:47:00,36.561822283
2020-02-05 15:48:00,36.551995157
2020-02-05 15:49:00,36.537254468
2020-02-05 15:50:00,36.512686653
2020-02-05 15:51:00,36.483205275
2020-02-05 15:52:00,36.502859527
2020-02-05 15:53:00,36.522513779
2020-02-05 15:54:00,36.493032401
2020-02-05 15:55:00,36.522513779
2020-02-05 15:56:00,36.493032401
2020-02-05 15:57:00,36.448810334
2020-02-05 15:58:00,36.468464586
2020-02-05 15:59:00,36.473378149
2020-02-05 16:00:00,36.483205275
2020-02-06 09:31:00,36.989302264
2020-02-06 09:32:00,37.112141339
2020-02-06 09:33:00,37.19567191
2020-02-06 09:34:00,37.352905926
2020-02-06 09:35:00,37.436436497
2020-02-06 09:36:00,37.519967068
2020-02-06 09:37:00,37.544534883
2020-02-06 09:38:00,37.578929824
2020-02-06 09:39:00,37.795126596
2020-02-06 09:40:00,37.72623844274
2020-02-06 09:41:00,37.500312816
2020-02-06 09:42:00,37.49048569
2020-02-06 09:43:00,37.628065454
2020-02-06 09:44:00,37.682114647
2020-02-06 09:45:00,37.7155268754
2020-02-06 09:46:00,37.677201084
2020-02-06 09:47:00,37.8039710094
2020-02-06 09:48:00,37.75060971522
2020-02-06 09:49:00,37.809867285
2020-02-06 09:50:00,37.760731655
2020-02-06 09:51:00,37.78520119874
2020-02-06 09:52:00,37.780385907
2020-02-06 09:53:00,37.795126596
2020-02-06 09:54:00,37.790213033
2020-02-06 09:55:00,37.888484293
2020-02-06 09:56:00,37.913052108
2020-02-06 09:57:00,37.991669116
2020-02-06 09:58:00,38.050631872
2020-02-06 09:59:00,38.03923240584
2020-02-06 10:00:00,38.060458998
2020-02-06 10:01:00,38.148903132
2020-02-06 10:02:00,38.24599513688
2020-02-06 10:03:00,38.217693014
2020-02-06 10:04:00,38.202952325
2020-02-06 10:05:00,38.330704963
2020-02-06 10:06:00,38.286482896
2020-02-06 10:07:00,38.247174392
2020-02-06 10:08:00,38.183298073
2020-02-06 10:09:00,38.148903132
2020-02-06 10:10:00,38.232433703
2020-02-06 10:11:00,38.099767502
2020-02-06 10:12:00,38.045718309
2020-02-06 10:13:00,38.060458998
2020-02-06 10:14:00,38.026064057
2020-02-06 10:15:00,38.07854090984
2020-02-06 10:16:00,38.03097762
2020-02-06 10:17:00,37.922879234
2020-02-06 10:18:00,37.8344351
2020-02-06 10:19:00,37.859002915
2020-02-06 10:20:00,37.78529947
2020-02-06 10:21:00,37.88357073
2020-02-06 10:22:00,37.937619923
2020-02-06 10:23:00,37.868830041
2020-02-06 10:24:00,37.898311419
2020-02-06 10:25:00,37.94243521474
2020-02-06 10:26:00,37.942533486
2020-02-06 10:27:00,38.139076006
2020-02-06 10:28:00,38.099767502
2020-02-06 10:29:00,38.08011325
2020-02-06 10:30:00,38.139076006
2020-02-06 10:31:00,38.089940376
2020-02-06 10:32:00,38.03097762
2020-02-06 10:33:00,37.976928427
2020-02-06 10:34:00,37.913052108
2020-02-06 10:35:00,37.917965671
2020-02-06 10:36:00,37.942533486
2020-02-06 10:37:00,37.937619923
2020-02-06 10:38:00,37.93270636
2020-02-06 10:39:00,37.93005303598
2020-02-06 10:40:00,37.942533486
2020-02-06 10:41:00,38.050631872
2020-02-06 10:42:00,38.134162443
2020-02-06 10:43:00,38.070286124
2020-02-06 10:44:00,38.016236931
2020-02-06 10:45:00,37.991669116
2020-02-06 10:46:00,37.97918866598
2020-02-06 10:47:00,38.089940376
2020-02-06 10:48:00,38.119421754
2020-02-06 10:49:00,38.040804746
2020-02-06 10:50:00,37.99176738726
2020-02-06 10:51:00,37.991669116
2020-02-06 10:52:00,38.00729424634
2020-02-06 10:53:00,37.98184199
2020-02-06 10:54:00,37.922879234
2020-02-06 10:55:00,37.849175789
2020-02-06 10:56:00,37.888484293
2020-02-06 10:57:00,37.91147976784
2020-02-06 10:58:00,37.942533486
2020-02-06 10:59:00,37.893397856
2020-02-06 11:00:00,37.863916478
2020-02-06 11:01:00,37.844262226
2020-02-06 11:02:00,37.844262226
2020-02-06 11:03:00,37.87069719494
2020-02-06 11:04:00,37.8344351
2020-02-06 11:05:00,37.750904529
2020-02-06 11:06:00,37.775472344
2020-02-06 11:07:00,37.824607974
2020-02-06 11:08:00,37.854089352
2020-02-06 11:09:00,37.824607974
2020-02-06 11:10:00,37.854089352
2020-02-06 11:11:00,37.8344351
2020-02-06 11:12:00,37.84740690632
2020-02-06 11:13:00,37.804953722
2020-02-06 11:14:00,37.78529947
2020-02-06 11:15:00,37.73616384
2020-02-06 11:16:00,37.726336714
2020-02-06 11:17:00,37.7174923006
2020-02-06 11:18:00,37.696855336
2020-02-06 11:19:00,37.770558781
2020-02-06 11:20:00,37.78529947
2020-02-06 11:21:00,37.83286275984
2020-02-06 11:22:00,37.8531066394
2020-02-06 11:23:00,37.922879234
2020-02-06 11:24:00,37.942533486
2020-02-06 11:25:00,37.913052108
2020-02-06 11:26:00,37.888484293
2020-02-06 11:27:00,37.922879234
2020-02-06 11:28:00,37.922879234
2020-02-06 11:29:00,37.942533486
2020-02-06 11:30:00,37.942533486
2020-02-06 11:31:00,37.937619923
2020-02-06 11:32:00,37.878657167
2020-02-06 11:33:00,37.873743604
2020-02-06 11:34:00,37.873743604
2020-02-06 11:35:00,37.903224982
2020-02-06 11:36:00,37.873743604
2020-02-06 11:37:00,37.898311419
2020-02-06 11:38:00,37.952360612
2020-02-06 11:39:00,37.98184199
2020-02-06 11:40:00,37.98184199
2020-02-06 11:41:00,37.98184199
2020-02-06 11:42:00,37.9813506337
2020-02-06 11:43:00,37.962187738
2020-02-06 11:44:00,37.962187738
2020-02-06 11:45:00,37.942533486
2020-02-06 11:46:00,37.927792797
2020-02-06 11:47:00,37.942533486
2020-02-06 11:48:00,37.927792797
2020-02-06 11:49:00,37.88357073
2020-02-06 11:50:00,37.93270636
2020-02-06 11:51:00,37.913052108
2020-02-06 11:52:00,37.93270636
2020-02-06 11:53:00,37.903224982
2020-02-06 11:54:00,37.908138545
2020-02-06 11:55:00,37.893397856
2020-02-06 11:56:00,37.888484293
2020-02-06 11:57:00,37.8997854879
2020-02-06 11:58:00,37.888484293
2020-02-06 11:59:00,37.90263535444
2020-02-06 12:00:00,37.849175789
2020-02-06 12:01:00,37.854089352
2020-02-06 12:02:00,37.91295383674
2020-02-06 12:03:00,37.947447049
2020-02-06 12:04:00,37.903224982
2020-02-06 12:05:00,37.93270636
2020-02-06 12:06:00,37.93270636
2020-02-06 12:07:00,37.952360612
2020-02-06 12:08:00,38.001496242
2020-02-06 12:09:00,37.972014864
2020-02-06 12:10:00,38.001496242
2020-02-06 12:11:00,37.991669116
2020-02-06 12:12:00,37.99383108372
2020-02-06 12:13:00,37.98184199
2020-02-06 12:14:00,37.991669116
2020-02-06 12:15:00,37.952360612
2020-02-06 12:16:00,38.001496242
2020-02-06 12:17:00,37.976928427
2020-02-06 12:18:00,37.937619923
2020-02-06 12:19:00,37.967101301
2020-02-06 12:20:00,37.98184199
2020-02-06 12:21:00,37.976928427
2020-02-06 12:22:00,37.972014864
2020-02-06 12:23:00,38.011323368
2020-02-06 12:24:00,38.02341073298
2020-02-06 12:25:00,38.03097762
2020-02-06 12:26:00,38.00906312902
2020-02-06 12:27:00,38.0265554133
2020-02-06 12:28:00,38.03097762
2020-02-06 12:29:00,38.001496242
2020-02-06 12:30:00,38.021150494
2020-02-06 12:31:00,38.03097762
2020-02-06 12:32:00,38.01957815384
2020-02-06 12:33:00,38.021150494
2020-02-06 12:34:00,38.006409805
2020-02-06 12:35:00,38.03097762
2020-02-06 12:36:00,38.03097762
2020-02-06 12:37:00,38.016236931
2020-02-06 12:38:00,37.952360612
2020-02-06 12:39:00,37.98184199
2020-02-06 12:40:00,37.996582679
2020-02-06 12:41:00,38.050631872
2020-02-06 12:42:00,38.040804746
2020-02-06 12:43:00,38.060458998
2020-02-06 12:44:00,38.060458998
2020-02-06 12:45:00,38.065372561
2020-02-06 12:46:00,37.991669116
2020-02-06 12:47:00,37.962187738
2020-02-06 12:48:00,37.962187738
2020-02-06 12:49:00,37.97211313526
2020-02-06 12:50:00,37.972014864
2020-02-06 12:51:00,37.937619923
2020-02-06 12:52:00,37.962187738
2020-02-06 12:53:00,37.94263175726
2020-02-06 12:54:00,37.952360612
2020-02-06 12:55:00,37.95255715452
2020-02-06 12:56:00,37.88357073
2020-02-06 12:57:00,37.898311419
2020-02-06 12:58:00,37.903224982
2020-02-06 12:59:00,37.908138545
2020-02-06 13:00:00,37.908138545
2020-02-06 13:01:00,37.898311419
2020-02-06 13:02:00,37.917965671
2020-02-06 13:03:00,37.93270636
2020-02-06 13:04:00,37.91020224146
2020-02-06 13:05:00,37.90440423712
2020-02-06 13:06:00,37.908138545
2020-02-06 13:07:00,37.893397856
2020-02-06 13:08:00,37.898311419
2020-02-06 13:09:00,37.88357073
2020-02-06 13:10:00,37.88366900126
2020-02-06 13:11:00,37.89202205836
2020-02-06 13:12:00,37.898311419
2020-02-06 13:13:00,37.868830041
2020-02-06 13:14:00,37.878657167
2020-02-06 13:15:00,37.859002915
2020-02-06 13:16:00,37.790213033
2020-02-06 13:17:00,37.775472344
2020-02-06 13:18:00,37.800040159
2020-02-06 13:19:00,37.780385907
2020-02-06 13:20:00,37.775472344
2020-02-06 13:21:00,37.73616384
2020-02-06 13:22:00,37.73616384
2020-02-06 13:23:00,37.701768899
2020-02-06 13:24:00,37.677201084
2020-02-06 13:25:00,37.667373958
2020-02-06 13:26:00,37.652633269
2020-02-06 13:27:00,37.642806143
2020-02-06 13:28:00,37.647719706
2020-02-06 13:29:00,37.608411202
2020-02-06 13:30:00,37.6894849915
2020-02-06 13:31:00,37.618238328
2020-02-06 13:32:00,37.593670513
2020-02-06 13:33:00,37.534707757
2020-02-06 13:34:00,37.500312816
2020-02-06 13:35:00,37.510139942
2020-02-06 13:36:00,37.451177186
2020-02-06 13:37:00,37.485572127
2020-02-06 13:38:00,37.46434553484
2020-02-06 13:39:00,37.446263623
2020-02-06 13:40:00,37.465917875
2020-02-06 13:41:00,37.470831438
2020-02-06 13:42:00,37.495399253
2020-02-06 13:43:00,37.470831438
2020-02-06 13:44:00,37.451177186
2020-02-06 13:45:00,37.485572127
2020-02-06 13:46:00,37.510139942
2020-02-06 13:47:00,37.461004312
2020-02-06 13:48:00,37.431522934
2020-02-06 13:49:00,37.402041556
2020-02-06 13:50:00,37.436436497
2020-02-06 13:51:00,37.456090749
2020-02-06 13:52:00,37.48223090416
2020-02-06 13:53:00,37.485572127
2020-02-06 13:54:00,37.500312816
2020-02-06 13:55:00,37.515053505
2020-02-06 13:56:00,37.475745001
2020-02-06 13:57:00,37.475745001
2020-02-06 13:58:00,37.480658564
2020-02-06 13:59:00,37.475745001
2020-02-06 14:00:00,37.49048569
2020-02-06 14:01:00,37.451177186
2020-02-06 14:02:00,37.456090749
2020-02-06 14:03:00,37.456090749
2020-02-06 14:04:00,37.451177186
2020-02-06 14:05:00,37.446263623
2020-02-06 14:06:00,37.456090749
2020-02-06 14:07:00,37.456090749
2020-02-06 14:08:00,37.510139942
2020-02-06 14:09:00,37.49048569
2020-02-06 14:10:00,37.465917875
2020-02-06 14:11:00,37.475745001
2020-02-06 14:12:00,37.49048569
2020-02-06 14:13:00,37.480658564
2020-02-06 14:14:00,37.465917875
2020-02-06 14:15:00,37.451177186
2020-02-06 14:16:00,37.461004312
2020-02-06 14:17:00,37.431522934
2020-02-06 14:18:00,37.387300867
2020-02-06 14:19:00,37.36381403586
2020-02-06 14:20:00,37.333251674
2020-02-06 14:21:00,37.313597422
2020-02-06 14:22:00,37.303770296
2020-02-06 14:23:00,37.298856733
2020-02-06 14:24:00,37.289029607
2020-02-06 14:25:00,37.32332627674
2020-02-06 14:26:00,37.338165237
2020-02-06 14:27:00,37.352905926
2020-02-06 14:28:00,37.323424548
2020-02-06 14:29:00,37.3430788
2020-02-06 14:30:00,37.328338111
2020-02-06 14:31:00,37.3347257429
2020-02-06 14:32:00,37.323424548
2020-02-06 14:33:00,37.318510985
2020-02-06 14:34:00,37.318510985
2020-02-06 14:35:00,37.333251674
2020-02-06 14:36:00,37.298856733
2020-02-06 14:37:00,37.303770296
2020-02-06 14:38:00,37.323424548
2020-02-06 14:39:00,37.3430788
2020-02-06 14:40:00,37.318510985
2020-02-06 14:41:00,37.367646615
2020-02-06 14:42:00,37.357819489
2020-02-06 14:43:00,37.382387304
2020-02-06 14:44:00,37.38798876582
2020-02-06 14:45:00,37.406955119
2020-02-06 14:46:00,37.397127993
2020-02-06 14:47:00,37.39732453552
2020-02-06 14:48:00,37.39221443
2020-02-06 14:49:00,37.402041556
2020-02-06 14:50:00,37.431522934
2020-02-06 14:51:00,37.43309527416
2020-02-06 14:52:00,37.387300867
2020-02-06 14:53:00,37.411868682
2020-02-06 14:54:00,37.397127993
2020-02-06 14:55:00,37.402041556
2020-02-06 14:56:00,37.39221443
2020-02-06 14:57:00,37.387300867
2020-02-06 14:58:00,37.397127993
2020-02-06 14:59:00,37.39221443
2020-02-06 15:00:00,37.42543011588
2020-02-06 15:01:00,37.451177186
2020-02-06 15:02:00,37.465917875
2020-02-06 15:03:00,37.480658564
2020-02-06 15:04:00,37.426609371
2020-02-06 15:05:00,37.451177186
2020-02-06 15:06:00,37.45343742498
2020-02-06 15:07:00,37.461004312
2020-02-06 15:08:00,37.470831438
2020-02-06 15:09:00,37.480658564
2020-02-06 15:10:00,37.475745001
2020-02-06 15:11:00,37.44135006
2020-02-06 15:12:00,37.416782245
2020-02-06 15:13:00,37.43142466274
2020-02-06 15:14:00,37.431522934
2020-02-06 15:15:00,37.461004312
2020-02-06 15:16:00,37.45088237222
2020-02-06 15:17:00,37.456090749
2020-02-06 15:18:00,37.461004312
2020-02-06 15:19:00,37.456090749
2020-02-06 15:20:00,37.446263623
2020-02-06 15:21:00,37.44135006
2020-02-06 15:22:00,37.402041556
2020-02-06 15:23:00,37.44135006
2020-02-06 15:24:00,37.406955119
2020-02-06 15:25:00,37.382387304
2020-02-06 15:26:00,37.402041556
2020-02-06 15:27:00,37.411868682
2020-02-06 15:28:00,37.411868682
2020-02-06 15:29:00,37.3430788
2020-02-06 15:30:00,37.352905926
2020-02-06 15:31:00,37.37098783784
2020-02-06 15:32:00,37.367646615
2020-02-06 15:33:00,37.347992363
2020-02-06 15:34:00,37.352905926
2020-02-06 15:35:00,37.3430788
2020-02-06 15:36:00,37.3430788
2020-02-06 15:37:00,37.377473741
2020-02-06 15:38:00,37.367646615
2020-02-06 15:39:00,37.352905926
2020-02-06 15:40:00,37.372560178
2020-02-06 15:41:00,37.39221443
2020-02-06 15:42:00,37.39221443
2020-02-06 15:43:00,37.39221443
2020-02-06 15:44:00,37.382387304
2020-02-06 15:45:00,37.357819489
2020-02-06 15:46:00,37.362733052
2020-02-06 15:47:00,37.3430788
2020-02-06 15:48:00,37.372560178
2020-02-06 15:49:00,37.387300867
2020-02-06 15:50:00,37.377473741
2020-02-06 15:51:00,37.284116044
2020-02-06 15:52:00,37.298856733
2020-02-06 15:53:00,37.323424548
2020-02-06 15:54:00,37.3430788
2020-02-06 15:55:00,37.225153288
2020-02-06 15:56:00,37.328338111
2020-02-06 15:57:00,37.333251674
2020-02-06 15:58:00,37.313597422
2020-02-06 15:59:00,37.3430788
2020-02-06 16:00:00,37.3430788
2020-02-07 09:31:00,35.62333175
2020-02-07 09:32:00,35.780565766
2020-02-07 09:33:00,35.795306455
2020-02-07 09:34:00,35.760911514
2020-02-07 09:35:00,35.682294506
2020-02-07 09:36:00,35.584023246
2020-02-07 09:37:00,35.706862321
2020-02-07 09:38:00,35.790392892
2020-02-07 09:39:00,35.810047144
2020-02-07 09:40:00,35.706862321
2020-02-07 09:41:00,35.692121632
2020-02-07 09:42:00,35.598763935
2020-02-07 09:43:00,35.638072439
2020-02-07 09:44:00,35.68209796348
2020-02-07 09:45:00,35.780565766
2020-02-07 09:46:00,35.741257262
2020-02-07 09:47:00,35.67512070402
2020-02-07 09:48:00,35.751084388
2020-02-07 09:49:00,35.795306455
2020-02-07 09:50:00,35.800220018
2020-02-07 09:51:00,35.859182774
2020-02-07 09:52:00,35.8793283823
2020-02-07 09:53:00,35.873923463
2020-02-07 09:54:00,35.952540471
2020-02-07 09:55:00,36.036071042
2020-02-07 09:56:00,35.986935412
2020-02-07 09:57:00,35.972194723
2020-02-07 09:58:00,35.991848975
2020-02-07 09:59:00,35.834614959
2020-02-07 10:00:00,35.859182774
2020-02-07 10:01:00,35.790392892
2020-02-07 10:02:00,35.854269211
2020-02-07 10:03:00,35.888664152
2020-02-07 10:04:00,35.864096337
2020-02-07 10:05:00,35.87657678702
2020-02-07 10:06:00,35.883750589
2020-02-07 10:07:00,35.8690099
2020-02-07 10:08:00,35.878837026
2020-02-07 10:09:00,35.923059093
2020-02-07 10:10:00,35.8532864984
2020-02-07 10:11:00,35.888664152
2020-02-07 10:12:00,35.947626908
2020-02-07 10:13:00,36.001676101
2020-02-07 10:14:00,35.977108286
2020-02-07 10:15:00,35.937799782
2020-02-07 10:16:00,35.986935412
2020-02-07 10:17:00,35.977108286
2020-02-07 10:18:00,35.96728116
2020-02-07 10:19:00,35.957454034
2020-02-07 10:20:00,35.96728116
2020-02-07 10:21:00,36.0046242388
2020-02-07 10:22:00,36.050811731
2020-02-07 10:23:00,36.036071042
2020-02-07 10:24:00,36.045898168
2020-02-07 10:25:00,36.036071042
2020-02-07 10:26:00,36.075379546
2020-02-07 10:27:00,36.075379546
2020-02-07 10:28:00,36.001676101
2020-02-07 10:29:00,35.977108286
2020-02-07 10:30:00,35.942713345
2020-02-07 10:31:00,35.98320110412
2020-02-07 10:32:00,36.036071042
2020-02-07 10:33:00,35.982021849
2020-02-07 10:34:00,35.986935412
2020-02-07 10:35:00,36.021330353
2020-02-07 10:36:00,35.977108286
2020-02-07 10:37:00,35.986935412
2020-02-07 10:38:00,35.99833487816
2020-02-07 10:39:00,36.026243916
2020-02-07 10:40:00,35.977108286
2020-02-07 10:41:00,35.98929392224
2020-02-07 10:42:00,36.006589664
2020-02-07 10:43:00,36.06555242
2020-02-07 10:44:00,36.075379546
2020-02-07 10:45:00,36.095033798
2020-02-07 10:46:00,36.075379546
2020-02-07 10:47:00,36.036071042
2020-02-07 10:48:00,36.036071042
2020-02-07 10:49:00,36.036071042
2020-02-07 10:50:00,36.036071042
2020-02-07 10:51:00,36.080293109
2020-02-07 10:52:00,36.104860924
2020-02-07 10:53:00,36.080293109
2020-02-07 10:54:00,36.06555242
2020-02-07 10:55:00,36.075379546
2020-02-07 10:56:00,36.080293109
2020-02-07 10:57:00,36.11468805
2020-02-07 10:58:00,36.149082991
2020-02-07 10:59:00,36.119601613
2020-02-07 11:00:00,36.11468805
2020-02-07 11:01:00,36.124515176
2020-02-07 11:02:00,36.085206672
2020-02-07 11:03:00,36.134342302
2020-02-07 11:04:00,36.139255865
2020-02-07 11:05:00,36.153996554
2020-02-07 11:06:00,36.16382368
2020-02-07 11:07:00,36.149082991
2020-02-07 11:08:00,36.173650806
2020-02-07 11:09:00,36.173650806
2020-02-07 11:10:00,36.095033798
2020-02-07 11:11:00,36.11468805
2020-02-07 11:12:00,36.14525041186
2020-02-07 11:13:00,36.144169428
2020-02-07 11:14:00,36.158910117
2020-02-07 11:15:00,36.16382368
2020-02-07 11:16:00,36.18505027216
2020-02-07 11:17:00,36.153996554
2020-02-07 11:18:00,36.168737243
2020-02-07 11:19:00,36.193305058
2020-02-07 11:20:00,36.17355253474
2020-02-07 11:21:00,36.222786436
2020-02-07 11:22:00,36.227699999
2020-02-07 11:23:00,36.21295931
2020-02-07 11:24:00,36.183477932
2020-02-07 11:25:00,36.203132184
2020-02-07 11:26:00,36.222786436
2020-02-07 11:27:00,36.203132184
2020-02-07 11:28:00,36.16382368
2020-02-07 11:29:00,36.144169428
2020-02-07 11:30:00,36.099947361
2020-02-07 11:31:00,36.119601613
2020-02-07 11:32:00,36.149082991
2020-02-07 11:33:00,36.134342302
2020-02-07 11:34:00,36.0896288787
2020-02-07 11:35:00,36.036071042
2020-02-07 11:36:00,35.96728116
2020-02-07 11:37:00,35.996762538
2020-02-07 11:38:00,36.026243916
2020-02-07 11:39:00,35.996762538
2020-02-07 11:40:00,35.96728116
2020-02-07 11:41:00,35.96728116
2020-02-07 11:42:00,35.97701001474
2020-02-07 11:43:00,35.977108286
2020-02-07 11:44:00,35.98064605136
2020-02-07 11:45:00,35.996762538
2020-02-07 11:46:00,35.96728116
2020-02-07 11:47:00,35.932886219
2020-02-07 11:48:00,35.927972656
2020-02-07 11:49:00,35.986935412
2020-02-07 11:50:00,35.942713345
2020-02-07 11:51:00,35.986935412
2020-02-07 11:52:00,35.996762538
2020-02-07 11:53:00,36.006589664
2020-02-07 11:54:00,36.026243916
2020-02-07 11:55:00,36.045898168
2020-02-07 11:56:00,36.03646412704
2020-02-07 11:57:00,36.006589664
2020-02-07 11:58:00,36.031157479
2020-02-07 11:59:00,36.026243916
2020-02-07 12:00:00,36.01641679
2020-02-07 12:01:00,36.01641679
2020-02-07 12:02:00,36.011503227
2020-02-07 12:03:00,36.036071042
2020-02-07 12:04:00,36.021330353
2020-02-07 12:05:00,36.045898168
2020-02-07 12:06:00,36.02958513884
2020-02-07 12:07:00,36.01651506126
2020-02-07 12:08:00,36.0203476404
2020-02-07 12:09:00,36.05002556092
2020-02-07 12:10:00,36.026243916
2020-02-07 12:11:00,36.01641679
2020-02-07 12:12:00,36.01798913016
2020-02-07 12:13:00,36.036071042
2020-02-07 12:14:00,36.031157479
2020-02-07 12:15:00,36.050811731
2020-02-07 12:16:00,36.045898168
2020-02-07 12:17:00,36.060638857
2020-02-07 12:18:00,36.099947361
2020-02-07 12:19:00,36.095033798
2020-02-07 12:20:00,36.026243916
2020-02-07 12:21:00,36.06555242
2020-02-07 12:22:00,36.090120235
2020-02-07 12:23:00,36.090120235
2020-02-07 12:24:00,36.07999829522
2020-02-07 12:25:00,36.095033798
2020-02-07 12:26:00,36.090120235
2020-02-07 12:27:00,36.085206672
2020-02-07 12:28:00,36.090120235
2020-02-07 12:29:00,36.0635869948
2020-02-07 12:30:00,36.075379546
2020-02-07 12:31:00,36.06555242
2020-02-07 12:32:00,36.055725294
2020-02-07 12:33:00,36.045898168
2020-02-07 12:34:00,36.021330353
2020-02-07 12:35:00,35.996762538
2020-02-07 12:36:00,36.021330353
2020-02-07 12:37:00,36.031157479
2020-02-07 12:38:00,36.011503227
2020-02-07 12:39:00,36.021330353
2020-02-07 12:40:00,36.026243916
2020-02-07 12:41:00,36.01641679
2020-02-07 12:42:00,36.01641679
2020-02-07 12:43:00,36.01641679
2020-02-07 12:44:00,36.090120235
2020-02-07 12:45:00,36.080293109
2020-02-07 12:46:00,36.045898168
2020-02-07 12:47:00,36.006589664
2020-02-07 12:48:00,36.040984605
2020-02-07 12:49:00,36.031157479
2020-02-07 12:50:00,36.036071042
2020-02-07 12:51:00,36.031157479
2020-02-07 12:52:00,36.026243916
2020-02-07 12:53:00,36.01641679
2020-02-07 12:54:00,36.03597277074
2020-02-07 12:55:00,36.045898168
2020-02-07 12:56:00,36.060638857
2020-02-07 12:57:00,36.080293109
2020-02-07 12:58:00,36.124515176
2020-02-07 12:59:00,36.11468805
2020-02-07 13:00:00,36.085206672
2020-02-07 13:01:00,36.036071042
2020-02-07 13:02:00,36.036071042
2020-02-07 13:03:00,36.026243916
2020-02-07 13:04:00,36.055725294
2020-02-07 13:05:00,36.045898168
2020-02-07 13:06:00,36.045898168
2020-02-07 13:07:00,36.026243916
2020-02-07 13:08:00,36.021330353
2020-02-07 13:09:00,36.026243916
2020-02-07 13:10:00,36.01641679
2020-02-07 13:11:00,36.01641679
2020-02-07 13:12:00,36.001676101
2020-02-07 13:13:00,35.96728116
2020-02-07 13:14:00,35.957454034
2020-02-07 13:15:00,35.947626908
2020-02-07 13:16:00,35.986935412
2020-02-07 13:17:00,35.982021849
2020-02-07 13:18:00,35.98231666278
2020-02-07 13:19:00,35.957454034
2020-02-07 13:20:00,35.96728116
2020-02-07 13:21:00,35.923059093
2020-02-07 13:22:00,35.93200177766
2020-02-07 13:23:00,35.932886219
2020-02-07 13:24:00,35.923059093
2020-02-07 13:25:00,35.913231967
2020-02-07 13:26:00,35.913231967
2020-02-07 13:27:00,35.903404841
2020-02-07 13:28:00,35.903404841
2020-02-07 13:29:00,35.893577715
2020-02-07 13:30:00,35.898491278
2020-02-07 13:31:00,35.932886219
2020-02-07 13:32:00,35.942713345
2020-02-07 13:33:00,35.96728116
2020-02-07 13:34:00,35.932886219
2020-02-07 13:35:00,35.839528522
2020-02-07 13:36:00,35.878837026
2020-02-07 13:37:00,35.893577715
2020-02-07 13:38:00,35.8690099
2020-02-07 13:39:00,35.864096337
2020-02-07 13:40:00,35.839528522
2020-02-07 13:41:00,35.849355648
2020-02-07 13:42:00,35.839528522
2020-02-07 13:43:00,35.8690099
2020-02-07 13:44:00,35.8690099
2020-02-07 13:45:00,35.8690099
2020-02-07 13:46:00,35.829701396
2020-02-07 13:47:00,35.800220018
2020-02-07 13:48:00,35.780565766
2020-02-07 13:49:00,35.790392892
2020-02-07 13:50:00,35.79265313098
2020-02-07 13:51:00,35.795306455
2020-02-07 13:52:00,35.775652203
2020-02-07 13:53:00,35.775652203
2020-02-07 13:54:00,35.80031828926
2020-02-07 13:55:00,35.790392892
2020-02-07 13:56:00,35.780565766
2020-02-07 13:57:00,35.751084388
2020-02-07 13:58:00,35.741257262
2020-02-07 13:59:00,35.716689447
2020-02-07 14:00:00,35.741257262
2020-02-07 14:01:00,35.77073864
2020-02-07 14:02:00,35.677380943
2020-02-07 14:03:00,35.706862321
2020-02-07 14:04:00,35.682294506
2020-02-07 14:05:00,35.633158876
2020-02-07 14:06:00,35.633158876
2020-02-07 14:07:00,35.62333175
2020-02-07 14:08:00,35.628245313
2020-02-07 14:09:00,35.652813128
2020-02-07 14:10:00,35.6252971752
2020-02-07 14:11:00,35.628245313
2020-02-07 14:12:00,35.588936809
2020-02-07 14:13:00,35.588936809
2020-02-07 14:14:00,35.564368994
2020-02-07 14:15:00,35.598763935
2020-02-07 14:16:00,35.638072439
2020-02-07 14:17:00,35.62745914292
2020-02-07 14:18:00,35.608591061
2020-02-07 14:19:00,35.613504624
2020-02-07 14:20:00,35.584023246
2020-02-07 14:21:00,35.52506049
2020-02-07 14:22:00,35.500492675
2020-02-07 14:23:00,35.505406238
2020-02-07 14:24:00,35.495579112
2020-02-07 14:25:00,35.480838423
2020-02-07 14:26:00,35.485751986
2020-02-07 14:27:00,35.505406238
2020-02-07 14:28:00,35.520146927
2020-02-07 14:29:00,35.515233364
2020-02-07 14:30:00,35.50078748878
2020-02-07 14:31:00,35.534887616
2020-02-07 14:32:00,35.549628305
2020-02-07 14:33:00,35.57419612
2020-02-07 14:34:00,35.554541868
2020-02-07 14:35:00,35.549628305
2020-02-07 14:36:00,35.539801179
2020-02-07 14:37:00,35.549628305
2020-02-07 14:38:00,35.564368994
2020-02-07 14:39:00,35.515233364
2020-02-07 14:40:00,35.47749720016
2020-02-07 14:41:00,35.461184171
2020-02-07 14:42:00,35.480838423
2020-02-07 14:43:00,35.466097734
2020-02-07 14:44:00,35.466097734
2020-02-07 14:45:00,35.534887616
2020-02-07 14:46:00,35.515233364
2020-02-07 14:47:00,35.515233364
2020-02-07 14:48:00,35.466097734
2020-02-07 14:49:00,35.461184171
2020-02-07 14:50:00,35.456270608
2020-02-07 14:51:00,35.451357045
2020-02-07 14:52:00,35.45194667256
2020-02-07 14:53:00,35.44123510522
2020-02-07 14:54:00,35.416962104
2020-02-07 14:55:00,35.466097734
2020-02-07 14:56:00,35.456270608
2020-02-07 14:57:00,35.471011297
2020-02-07 14:58:00,35.485751986
2020-02-07 14:59:00,35.466097734
2020-02-07 15:00:00,35.471011297
2020-02-07 15:01:00,35.485751986
2020-02-07 15:02:00,35.4832952045
2020-02-07 15:03:00,35.510319801
2020-02-07 15:04:00,35.505406238
2020-02-07 15:05:00,35.4887001238
2020-02-07 15:06:00,35.47268190842
2020-02-07 15:07:00,35.4877174112
2020-02-07 15:08:00,35.490665549
2020-02-07 15:09:00,35.485751986
2020-02-07 15:10:00,35.495579112
2020-02-07 15:11:00,35.505406238
2020-02-07 15:12:00,35.485751986
2020-02-07 15:13:00,35.490665549
2020-02-07 15:14:00,35.510319801
2020-02-07 15:15:00,35.515233364
2020-02-07 15:16:00,35.539801179
2020-02-07 15:17:00,35.549628305
2020-02-07 15:18:00,35.57419612
2020-02-07 15:19:00,35.569282557
2020-02-07 15:20:00,35.569282557
2020-02-07 15:21:00,35.520146927
2020-02-07 15:22:00,35.520146927
2020-02-07 15:23:00,35.529974053
2020-02-07 15:24:00,35.490665549
2020-02-07 15:25:00,35.466097734
2020-02-07 15:26:00,35.52506049
2020-02-07 15:27:00,35.539801179
2020-02-07 15:28:00,35.554541868
2020-02-07 15:29:00,35.579109683
2020-02-07 15:30:00,35.584023246
2020-02-07 15:31:00,35.608591061
2020-02-07 15:32:00,35.62333175
2020-02-07 15:33:00,35.584023246
2020-02-07 15:34:00,35.57419612
2020-02-07 15:35:00,35.569282557
2020-02-07 15:36:00,35.559455431
2020-02-07 15:37:00,35.564368994
2020-02-07 15:38:00,35.57419612
2020-02-07 15:39:00,35.588936809
2020-02-07 15:40:00,35.564368994
2020-02-07 15:41:00,35.613504624
2020-02-07 15:42:00,35.603677498
2020-02-07 15:43:00,35.608591061
2020-02-07 15:44:00,35.603677498
2020-02-07 15:45:00,35.608591061
2020-02-07 15:46:00,35.618418187
2020-02-07 15:47:00,35.608591061
2020-02-07 15:48:00,35.618418187
2020-02-07 15:49:00,35.62333175
2020-02-07 15:50:00,35.598763935
2020-02-07 15:51:00,35.588936809
2020-02-07 15:52:00,35.588936809
2020-02-07 15:53:00,35.544714742
2020-02-07 15:54:00,35.52506049
2020-02-07 15:55:00,35.554541868
2020-02-07 15:56:00,35.559455431
2020-02-07 15:57:00,35.539801179
2020-02-07 15:58:00,35.549628305
2020-02-07 15:59:00,35.549628305
2020-02-07 16:00:00,35.57419612
2020-02-10 09:31:00,35.466097734
2020-02-10 09:32:00,35.505406238
2020-02-10 09:33:00,35.57232896606
2020-02-10 09:34:00,35.515233364
2020-02-10 09:35:00,35.441529919
2020-02-10 09:36:00,35.318690844
2020-02-10 09:37:00,35.367826474
2020-02-10 09:38:00,35.31407209478
2020-02-10 09:39:00,35.36016131572
2020-02-10 09:40:00,35.357999348
2020-02-10 09:41:00,35.343258659
2020-02-10 09:42:00,35.367826474
2020-02-10 09:43:00,35.407134978
2020-02-10 09:44:00,35.42600305992
2020-02-10 09:45:00,35.446443482
2020-02-10 09:46:00,35.3776536
2020-02-10 09:47:00,35.38689109844
2020-02-10 09:48:00,35.407134978
2020-02-10 09:49:00,35.397307852
2020-02-10 09:50:00,35.3776536
2020-02-10 09:51:00,35.387480726
2020-02-10 09:52:00,35.3776536
2020-02-10 09:53:00,35.397307852
2020-02-10 09:54:00,35.402221415
2020-02-10 09:55:00,35.397307852
2020-02-10 09:56:00,35.382567163
2020-02-10 09:57:00,35.416962104
2020-02-10 09:58:00,35.436616356
2020-02-10 09:59:00,35.456270608
2020-02-10 10:00:00,35.43848350994
2020-02-10 10:01:00,35.47592486
2020-02-10 10:02:00,35.446443482
2020-02-10 10:03:00,35.446443482
2020-02-10 10:04:00,35.490665549
2020-02-10 10:05:00,35.505406238
2020-02-10 10:06:00,35.505406238
2020-02-10 10:07:00,35.480838423
2020-02-10 10:08:00,35.500492675
2020-02-10 10:09:00,35.47592486
2020-02-10 10:10:00,35.485751986
2020-02-10 10:11:00,35.495579112
2020-02-10 10:12:00,35.47975743914
2020-02-10 10:13:00,35.47700584386
2020-02-10 10:14:00,35.446443482
2020-02-10 10:15:00,35.42315319338
2020-02-10 10:16:00,35.441529919
2020-02-10 10:17:00,35.431702793
2020-02-10 10:18:00,35.436616356
2020-02-10 10:19:00,35.416962104
2020-02-10 10:20:00,35.416962104
2020-02-10 10:21:00,35.397307852
2020-02-10 10:22:00,35.357999348
2020-02-10 10:23:00,35.397307852
2020-02-10 10:24:00,35.372740037
2020-02-10 10:25:00,35.382567163
2020-02-10 10:26:00,35.348172222
2020-02-10 10:27:00,35.35583738028
2020-02-10 10:28:00,35.353085785
2020-02-10 10:29:00,35.33618312828
2020-02-10 10:30:00,35.333431533
2020-02-10 10:31:00,35.353085785
2020-02-10 10:32:00,35.289209466
2020-02-10 10:33:00,35.30876544674
2020-02-10 10:34:00,35.27938234
2020-02-10 10:35:00,35.269555214
2020-02-10 10:36:00,35.27171718172
2020-02-10 10:37:00,35.299036592
2020-02-10 10:38:00,35.27938234
2020-02-10 10:39:00,35.289209466
2020-02-10 10:40:00,35.289209466
2020-02-10 10:41:00,35.264641651
2020-02-10 10:42:00,35.26945694274
2020-02-10 10:43:00,35.254814525
2020-02-10 10:44:00,35.225333147
2020-02-10 10:45:00,35.210592458
2020-02-10 10:46:00,35.220419584
2020-02-10 10:47:00,35.18111108
2020-02-10 10:48:00,35.151629702
2020-02-10 10:49:00,35.161456828
2020-02-10 10:50:00,35.195851769
2020-02-10 10:51:00,35.151629702
2020-02-10 10:52:00,35.13197545
2020-02-10 10:53:00,35.1496642768
2020-02-10 10:54:00,35.146716139
2020-02-10 10:55:00,35.17501826188
2020-02-10 10:56:00,35.200765332
2020-02-10 10:57:00,35.190938206
2020-02-10 10:58:00,35.17433036306
2020-02-10 10:59:00,35.17708195834
2020-02-10 11:00:00,35.176197517
2020-02-10 11:01:00,35.186024643
2020-02-10 11:02:00,35.146716139
2020-02-10 11:03:00,35.151629702
2020-02-10 11:04:00,35.176197517
2020-02-10 11:05:00,35.18111108
2020-02-10 11:06:00,35.176197517
2020-02-10 11:07:00,35.151629702
2020-02-10 11:08:00,35.141802576
2020-02-10 11:09:00,35.141802576
2020-02-10 11:10:00,35.166370391
2020-02-10 11:11:00,35.166370391
2020-02-10 11:12:00,35.141802576
2020-02-10 11:13:00,35.141802576
2020-02-10 11:14:00,35.146716139
2020-02-10 11:15:00,35.1344322315
2020-02-10 11:16:00,35.13197545
2020-02-10 11:17:00,35.1363976567
2020-02-10 11:18:00,35.14897637798
2020-02-10 11:19:00,35.146716139
2020-02-10 11:20:00,35.13472704528
2020-02-10 11:21:00,35.11015923028
2020-02-10 11:22:00,35.097580509
2020-02-10 11:23:00,35.0931583023
2020-02-10 11:24:00,35.102494072
2020-02-10 11:25:00,35.097580509
2020-02-10 11:26:00,35.12981348228
2020-02-10 11:27:00,35.107407635
2020-02-10 11:28:00,35.08283982
2020-02-10 11:29:00,35.08067785228
2020-02-10 11:30:00,35.063185568
2020-02-10 11:31:00,35.073012694
2020-02-10 11:32:00,35.092666946
2020-02-10 11:33:00,35.073012694
2020-02-10 11:34:00,35.043531316
2020-02-10 11:35:00,35.014049938
2020-02-10 11:36:00,34.98456856
2020-02-10 11:37:00,35.023877064
2020-02-10 11:38:00,35.004222812
2020-02-10 11:39:00,35.014049938
2020-02-10 11:40:00,35.014049938
2020-02-10 11:41:00,35.009136375
2020-02-10 11:42:00,35.014049938
2020-02-10 11:43:00,35.073012694
2020-02-10 11:44:00,35.068099131
2020-02-10 11:45:00,35.0911928771
2020-02-10 11:46:00,35.112321198
2020-02-10 11:47:00,35.127061887
2020-02-10 11:48:00,35.127061887
2020-02-10 11:49:00,35.13197545
2020-02-10 11:50:00,35.112321198
2020-02-10 11:51:00,35.117234761
2020-02-10 11:52:00,35.117234761
2020-02-10 11:53:00,35.087753383
2020-02-10 11:54:00,35.102494072
2020-02-10 11:55:00,35.068099131
2020-02-10 11:56:00,35.112321198
2020-02-10 11:57:00,35.10092173184
2020-02-10 11:58:00,35.097580509
2020-02-10 11:59:00,35.097580509
2020-02-10 12:00:00,35.136889013
2020-02-10 12:01:00,35.127061887
2020-02-10 12:02:00,35.112321198
2020-02-10 12:03:00,35.13197545
2020-02-10 12:04:00,35.11841401612
2020-02-10 12:05:00,35.092666946
2020-02-10 12:06:00,35.107407635
2020-02-10 12:07:00,35.107407635
2020-02-10 12:08:00,35.102494072
2020-02-10 12:09:00,35.112321198
2020-02-10 12:10:00,35.087753383
2020-02-10 12:11:00,35.09050497828
2020-02-10 12:12:00,35.122148324
2020-02-10 12:13:00,35.141802576
2020-02-10 12:14:00,35.151629702
2020-02-10 12:15:00,35.18111108
2020-02-10 12:16:00,35.16912198628
2020-02-10 12:17:00,35.17511653314
2020-02-10 12:18:00,35.1796370111
2020-02-10 12:19:00,35.171283954
2020-02-10 12:20:00,35.15172797326
2020-02-10 12:21:00,35.16922025754
2020-02-10 12:22:00,35.156543265
2020-02-10 12:23:00,35.146716139
2020-02-10 12:24:00,35.13698728426
2020-02-10 12:25:00,35.146716139
2020-02-10 12:26:00,35.13197545
2020-02-10 12:27:00,35.141802576
2020-02-10 12:28:00,35.156543265
2020-02-10 12:29:00,35.15821387642
2020-02-10 12:30:00,35.156543265
2020-02-10 12:31:00,35.151629702
2020-02-10 12:32:00,35.141802576
2020-02-10 12:33:00,35.112321198
2020-02-10 12:34:00,35.112321198
2020-02-10 12:35:00,35.063185568
2020-02-10 12:36:00,35.08283982
2020-02-10 12:37:00,35.068099131
2020-02-10 12:38:00,35.053358442
2020-02-10 12:39:00,35.048444879
2020-02-10 12:40:00,35.0715386251
2020-02-10 12:41:00,35.043531316
2020-02-10 12:42:00,35.063185568
2020-02-10 12:43:00,35.058272005
2020-02-10 12:44:00,35.03370419
2020-02-10 12:45:00,35.05267054318
2020-02-10 12:46:00,35.03370419
2020-02-10 12:47:00,35.02603903172
2020-02-10 12:48:00,35.014049938
2020-02-10 12:49:00,35.009136375
2020-02-10 12:50:00,35.053358442
2020-02-10 12:51:00,35.043531316
2020-02-10 12:52:00,35.038617753
2020-02-10 12:53:00,35.018963501
2020-02-10 12:54:00,35.014049938
2020-02-10 12:55:00,34.999309249
2020-02-10 12:56:00,35.018963501
2020-02-10 12:57:00,35.018963501
2020-02-10 12:58:00,34.98456856
2020-02-10 12:59:00,34.969827871
2020-02-10 13:00:00,35.01100352894
2020-02-10 13:01:00,34.979654997
2020-02-10 13:02:00,34.979654997
2020-02-10 13:03:00,34.989482123
2020-02-10 13:04:00,34.98456856
2020-02-10 13:05:00,34.999309249
2020-02-10 13:06:00,34.99822826514
2020-02-10 13:07:00,35.0184721447
2020-02-10 13:08:00,35.018963501
2020-02-10 13:09:00,35.00756403484
2020-02-10 13:10:00,35.03370419
2020-02-10 13:11:00,35.043531316
2020-02-10 13:12:00,35.053358442
2020-02-10 13:13:00,35.058272005
2020-02-10 13:14:00,35.048444879
2020-02-10 13:15:00,35.028790627
2020-02-10 13:16:00,35.03242666362
2020-02-10 13:17:00,35.028790627
2020-02-10 13:18:00,35.03370419
2020-02-10 13:19:00,34.994395686
2020-02-10 13:20:00,34.989482123
2020-02-10 13:21:00,34.999309249
2020-02-10 13:22:00,35.014049938
2020-02-10 13:23:00,35.009136375
2020-02-10 13:24:00,35.004222812
2020-02-10 13:25:00,35.014049938
2020-02-10 13:26:00,35.018963501
2020-02-10 13:27:00,35.018963501
2020-02-10 13:28:00,35.023877064
2020-02-10 13:29:00,34.994395686
2020-02-10 13:30:00,34.979654997
2020-02-10 13:31:00,34.98456856
2020-02-10 13:32:00,34.98456856
2020-02-10 13:33:00,34.9722846525
2020-02-10 13:34:00,34.950173619
2020-02-10 13:35:00,34.94535832726
2020-02-10 13:36:00,34.925605804
2020-02-10 13:37:00,34.95833013358
2020-02-10 13:38:00,34.93543293
2020-02-10 13:39:00,34.930519367
2020-02-10 13:40:00,34.93906896662
2020-02-10 13:41:00,34.940346493
2020-02-10 13:42:00,34.95292521428
2020-02-10 13:43:00,34.94408080088
2020-02-10 13:44:00,34.920692241
2020-02-10 13:45:00,34.930519367
2020-02-10 13:46:00,34.896124426
2020-02-10 13:47:00,34.8862973
2020-02-10 13:48:00,34.905951552
2020-02-10 13:49:00,34.905951552
2020-02-10 13:50:00,34.915778678
2020-02-10 13:51:00,34.9088996898
2020-02-10 13:52:00,34.920692241
2020-02-10 13:53:00,34.89828639372
2020-02-10 13:54:00,34.905951552
2020-02-10 13:55:00,34.920692241
2020-02-10 13:56:00,34.925605804
2020-02-10 13:57:00,34.910865115
2020-02-10 13:58:00,34.925605804
2020-02-10 13:59:00,34.915778678
2020-02-10 14:00:00,34.901037989
2020-02-10 14:01:00,34.901037989
2020-02-10 14:02:00,34.89769676616
2020-02-10 14:03:00,34.901037989
2020-02-10 14:04:00,34.896124426
2020-02-10 14:05:00,34.881383737
2020-02-10 14:06:00,34.88501977362
2020-02-10 14:07:00,34.88786964016
2020-02-10 14:08:00,34.91361671028
2020-02-10 14:09:00,34.920692241
2020-02-10 14:10:00,34.94309808828
2020-02-10 14:11:00,34.950173619
2020-02-10 14:12:00,34.98456856
2020-02-10 14:13:00,35.014049938
2020-02-10 14:14:00,35.03370419
2020-02-10 14:15:00,35.043531316
2020-02-10 14:16:00,35.038617753
2020-02-10 14:17:00,35.077926257
2020-02-10 14:18:00,35.058272005
2020-02-10 14:19:00,35.073012694
2020-02-10 14:20:00,35.0592547176
2020-02-10 14:21:00,35.073012694
2020-02-10 14:22:00,35.08283982
2020-02-10 14:23:00,35.087753383
2020-02-10 14:24:00,35.10278888578
2020-02-10 14:25:00,35.13197545
2020-02-10 14:26:00,35.136889013
2020-02-10 14:27:00,35.117234761
2020-02-10 14:28:00,35.117234761
2020-02-10 14:29:00,35.12224659526
2020-02-10 14:30:00,35.13197545
2020-02-10 14:31:00,35.117234761
2020-02-10 14:32:00,35.11566242084
2020-02-10 14:33:00,35.127061887
2020-02-10 14:34:00,35.122148324
2020-02-10 14:35:00,35.141802576
2020-02-10 14:36:00,35.136889013
2020-02-10 14:37:00,35.117234761
2020-02-10 14:38:00,35.097580509
2020-02-10 14:39:00,35.097580509
2020-02-10 14:40:00,35.102494072
2020-02-10 14:41:00,35.097580509
2020-02-10 14:42:00,35.073012694
2020-02-10 14:43:00,35.102494072
2020-02-10 14:44:00,35.102494072
2020-02-10 14:45:00,35.102494072
2020-02-10 14:46:00,35.102494072
2020-02-10 14:47:00,35.112321198
2020-02-10 14:48:00,35.117234761
2020-02-10 14:49:00,35.13197545
2020-02-10 14:50:00,35.127061887
2020-02-10 14:51:00,35.14396454372
2020-02-10 14:52:00,35.13197545
2020-02-10 14:53:00,35.127061887
2020-02-10 14:54:00,35.13197545
2020-02-10 14:55:00,35.1231310366
2020-02-10 14:56:00,35.13197545
2020-02-10 14:57:00,35.146716139
2020-02-10 14:58:00,35.146716139
2020-02-10 14:59:00,35.141802576
2020-02-10 15:00:00,35.161456828
2020-02-10 15:01:00,35.151629702
2020-02-10 15:02:00,35.117234761
2020-02-10 15:03:00,35.122148324
2020-02-10 15:04:00,35.127061887
2020-02-10 15:05:00,35.13197545
2020-02-10 15:06:00,35.136889013
2020-02-10 15:07:00,35.136889013
2020-02-10 15:08:00,35.141802576
2020-02-10 15:09:00,35.136889013
2020-02-10 15:10:00,35.13914925198
2020-02-10 15:11:00,35.13040310984
2020-02-10 15:12:00,35.161456828
2020-02-10 15:13:00,35.15388994098
2020-02-10 15:14:00,35.161456828
2020-02-10 15:15:00,35.18111108
2020-02-10 15:16:00,35.18111108
2020-02-10 15:17:00,35.18111108
2020-02-10 15:18:00,35.146716139
2020-02-10 15:19:00,35.151629702
2020-02-10 15:20:00,35.151629702
2020-02-10 15:21:00,35.151629702
2020-02-10 15:22:00,35.171283954
2020-02-10 15:23:00,35.166370391
2020-02-10 15:24:00,35.171283954
2020-02-10 15:25:00,35.18111108
2020-02-10 15:26:00,35.190938206
2020-02-10 15:27:00,35.220419584
2020-02-10 15:28:00,35.220419584
2020-02-10 15:29:00,35.23024671
2020-02-10 15:30:00,35.220419584
2020-02-10 15:31:00,35.220419584
2020-02-10 15:32:00,35.1983085505
2020-02-10 15:33:00,35.210592458
2020-02-10 15:34:00,35.220419584
2020-02-10 15:35:00,35.225333147
2020-02-10 15:36:00,35.215506021
2020-02-10 15:37:00,35.210592458
2020-02-10 15:38:00,35.205678895
2020-02-10 15:39:00,35.23024671
2020-02-10 15:40:00,35.225333147
2020-02-10 15:41:00,35.240073836
2020-02-10 15:42:00,35.235160273
2020-02-10 15:43:00,35.240073836
2020-02-10 15:44:00,35.259728088
2020-02-10 15:45:00,35.259728088
2020-02-10 15:46:00,35.259728088
2020-02-10 15:47:00,35.264641651
2020-02-10 15:48:00,35.264641651
2020-02-10 15:49:00,35.269555214
2020-02-10 15:50:00,35.294123029
2020-02-10 15:51:00,35.235160273
2020-02-10 15:52:00,35.254814525
2020-02-10 15:53:00,35.274468777
2020-02-10 15:54:00,35.289209466
2020-02-10 15:55:00,35.387480726
2020-02-10 15:56:00,35.348172222
2020-02-10 15:57:00,35.372740037
2020-02-10 15:58:00,35.308863718
2020-02-10 15:59:00,35.372740037
2020-02-10 16:00:00,35.397307852
2020-02-11 09:31:00,35.72160301
2020-02-11 09:32:00,35.72160301
2020-02-11 09:33:00,35.7034228269
2020-02-11 09:34:00,35.701948758
2020-02-11 09:35:00,35.687208069
2020-02-11 09:36:00,35.642986002
2020-02-11 09:37:00,35.628245313
2020-02-11 09:38:00,35.652813128
2020-02-11 09:39:00,35.701948758
2020-02-11 09:40:00,35.726516573
2020-02-11 09:41:00,35.70499516706
2020-02-11 09:42:00,35.751084388
2020-02-11 09:43:00,35.810047144
2020-02-11 09:44:00,35.90006361816
2020-02-11 09:45:00,35.888664152
2020-02-11 09:46:00,35.8690099
2020-02-11 09:47:00,35.883750589
2020-02-11 09:48:00,35.898491278
2020-02-11 09:49:00,35.859182774
2020-02-11 09:50:00,35.873923463
2020-02-11 09:51:00,35.810047144
2020-02-11 09:52:00,35.760911514
2020-02-11 09:53:00,35.790392892
2020-02-11 09:54:00,35.760911514
2020-02-11 09:55:00,35.765825077
2020-02-11 09:56:00,35.77073864
2020-02-11 09:57:00,35.760911514
2020-02-11 09:58:00,35.765825077
2020-02-11 09:59:00,35.711775884
2020-02-11 10:00:00,35.682294506
2020-02-11 10:01:00,35.72160301
2020-02-11 10:02:00,35.701948758
2020-02-11 10:03:00,35.687208069
2020-02-11 10:04:00,35.706862321
2020-02-11 10:05:00,35.70116258792
2020-02-11 10:06:00,35.731430136
2020-02-11 10:07:00,35.7442053998
2020-02-11 10:08:00,35.75187055808
2020-02-11 10:09:00,35.77073864
2020-02-11 10:10:00,35.760911514
2020-02-11 10:11:00,35.77309715024
2020-02-11 10:12:00,35.795306455
2020-02-11 10:13:00,35.829701396
2020-02-11 10:14:00,35.859182774
2020-02-11 10:15:00,35.90232385714
2020-02-11 10:16:00,35.913231967
2020-02-11 10:17:00,35.908318404
2020-02-11 10:18:00,35.932886219
2020-02-11 10:19:00,35.859182774
2020-02-11 10:20:00,35.903404841
2020-02-11 10:21:00,35.89642758154
2020-02-11 10:22:00,35.888664152
2020-02-11 10:23:00,35.903404841
2020-02-11 10:24:00,35.91814553
2020-02-11 10:25:00,35.888664152
2020-02-11 10:26:00,35.91814553
2020-02-11 10:27:00,35.908318404
2020-02-11 10:28:00,35.859182774
2020-02-11 10:29:00,35.839528522
2020-02-11 10:30:00,35.8326495338
2020-02-11 10:31:00,35.839528522
2020-02-11 10:32:00,35.829701396
2020-02-11 10:33:00,35.805133581
2020-02-11 10:34:00,35.8552519236
2020-02-11 10:35:00,35.810047144
2020-02-11 10:36:00,35.810047144
2020-02-11 10:37:00,35.829701396
2020-02-11 10:38:00,35.839528522
2020-02-11 10:39:00,35.839528522
2020-02-11 10:40:00,35.84817639288
2020-02-11 10:41:00,35.878837026
2020-02-11 10:42:00,35.84945391926
2020-02-11 10:43:00,35.91814553
2020-02-11 10:44:00,35.937799782
2020-02-11 10:45:00,35.91814553
2020-02-11 10:46:00,35.91814553
2020-02-11 10:47:00,35.91814553
2020-02-11 10:48:00,35.92138848158
2020-02-11 10:49:00,35.908318404
2020-02-11 10:50:00,35.923059093
2020-02-11 10:51:00,35.947626908
2020-02-11 10:52:00,35.94880616312
2020-02-11 10:53:00,35.91814553
2020-02-11 10:54:00,35.908318404
2020-02-11 10:55:00,35.93210004892
2020-02-11 10:56:00,35.9166714611
2020-02-11 10:57:00,35.90910457408
2020-02-11 10:58:00,35.91814553
2020-02-11 10:59:00,35.844442085
2020-02-11 11:00:00,35.854269211
2020-02-11 11:01:00,35.844442085
2020-02-11 11:02:00,35.8690099
2020-02-11 11:03:00,35.888664152
2020-02-11 11:04:00,35.864096337
2020-02-11 11:05:00,35.829701396
2020-02-11 11:06:00,35.810047144
2020-02-11 11:07:00,35.859182774
2020-02-11 11:08:00,35.854269211
2020-02-11 11:09:00,35.873923463
2020-02-11 11:10:00,35.86468596456
2020-02-11 11:11:00,35.844442085
2020-02-11 11:12:00,35.844442085
2020-02-11 11:13:00,35.8478815791
2020-02-11 11:14:00,35.864096337
2020-02-11 11:15:00,35.859182774
2020-02-11 11:16:00,35.878837026
2020-02-11 11:17:00,35.913231967
2020-02-11 11:18:00,35.91814553
2020-02-11 11:19:00,35.913231967
2020-02-11 11:20:00,35.898491278
2020-02-11 11:21:00,35.888664152
2020-02-11 11:22:00,35.883750589
2020-02-11 11:23:00,35.888664152
2020-02-11 11:24:00,35.878837026
2020-02-11 11:25:00,35.89200537484
2020-02-11 11:26:00,35.888664152
2020-02-11 11:27:00,35.908318404
2020-02-11 11:28:00,35.883750589
2020-02-11 11:29:00,35.898491278
2020-02-11 11:30:00,35.923059093
2020-02-11 11:31:00,35.91814553
2020-02-11 11:32:00,35.932886219
2020-02-11 11:33:00,35.91814553
2020-02-11 11:34:00,35.883750589
2020-02-11 11:35:00,35.883750589
2020-02-11 11:36:00,35.893577715
2020-02-11 11:37:00,35.81987427
2020-02-11 11:38:00,35.834614959
2020-02-11 11:39:00,35.810047144
2020-02-11 11:40:00,35.79196523216
2020-02-11 11:41:00,35.814960707
2020-02-11 11:42:00,35.790392892
2020-02-11 11:43:00,35.80886788888
2020-02-11 11:44:00,35.829701396
2020-02-11 11:45:00,35.849355648
2020-02-11 11:46:00,35.839528522
2020-02-11 11:47:00,35.81987427
2020-02-11 11:48:00,35.849355648
2020-02-11 11:49:00,35.84483517004
2020-02-11 11:50:00,35.849355648
2020-02-11 11:51:00,35.83972506452
2020-02-11 11:52:00,35.859182774
2020-02-11 11:53:00,35.864096337
2020-02-11 11:54:00,35.849355648
2020-02-11 11:55:00,35.8773629571
2020-02-11 11:56:00,35.859182774
2020-02-11 11:57:00,35.8690099
2020-02-11 11:58:00,35.883750589
2020-02-11 11:59:00,35.883750589
2020-02-11 12:00:00,35.849355648
2020-02-11 12:01:00,35.888664152
2020-02-11 12:02:00,35.903404841
2020-02-11 12:03:00,35.888664152
2020-02-11 12:04:00,35.893577715
2020-02-11 12:05:00,35.878837026
2020-02-11 12:06:00,35.87235112284
2020-02-11 12:07:00,35.873923463
2020-02-11 12:08:00,35.883750589
2020-02-11 12:09:00,35.888664152
2020-02-11 12:10:00,35.898491278
2020-02-11 12:11:00,35.90989074416
2020-02-11 12:12:00,35.903404841
2020-02-11 12:13:00,35.898491278
2020-02-11 12:14:00,35.908318404
2020-02-11 12:15:00,35.898491278
2020-02-11 12:16:00,35.91814553
2020-02-11 12:17:00,35.913231967
2020-02-11 12:18:00,35.913231967
2020-02-11 12:19:00,35.923059093
2020-02-11 12:20:00,35.932886219
2020-02-11 12:21:00,35.93298449026
2020-02-11 12:22:00,35.927972656
2020-02-11 12:23:00,35.913231967
2020-02-11 12:24:00,35.908318404
2020-02-11 12:25:00,35.9058616225
2020-02-11 12:26:00,35.908318404
2020-02-11 12:27:00,35.908318404
2020-02-11 12:28:00,35.913231967
2020-02-11 12:29:00,35.91814553
2020-02-11 12:30:00,35.908318404
2020-02-11 12:31:00,35.913231967
2020-02-11 12:32:00,35.898491278
2020-02-11 12:33:00,35.883750589
2020-02-11 12:34:00,35.913231967
2020-02-11 12:35:00,35.903404841
2020-02-11 12:36:00,35.898491278
2020-02-11 12:37:00,35.878837026
2020-02-11 12:38:00,35.8690099
2020-02-11 12:39:00,35.859182774
2020-02-11 12:40:00,35.878837026
2020-02-11 12:41:00,35.8690099
2020-02-11 12:42:00,35.873923463
2020-02-11 12:43:00,35.86547213464
2020-02-11 12:44:00,35.888664152
2020-02-11 12:45:00,35.888664152
2020-02-11 12:46:00,35.854269211
2020-02-11 12:47:00,35.854269211
2020-02-11 12:48:00,35.84110086216
2020-02-11 12:49:00,35.844442085
2020-02-11 12:50:00,35.844442085
2020-02-11 12:51:00,35.844442085
2020-02-11 12:52:00,35.849355648
2020-02-11 12:53:00,35.844442085
2020-02-11 12:54:00,35.854269211
2020-02-11 12:55:00,35.873923463
2020-02-11 12:56:00,35.864096337
2020-02-11 12:57:00,35.893577715
2020-02-11 12:58:00,35.888664152
2020-02-11 12:59:00,35.87618370198
2020-02-11 13:00:00,35.908318404
2020-02-11 13:01:00,35.89082611972
2020-02-11 13:02:00,35.908318404
2020-02-11 13:03:00,35.957454034
2020-02-11 13:04:00,35.957454034
2020-02-11 13:05:00,35.957454034
2020-02-11 13:06:00,35.957454034
2020-02-11 13:07:00,35.96393993716
2020-02-11 13:08:00,35.96728116
2020-02-11 13:09:00,35.96728116
2020-02-11 13:10:00,35.977108286
2020-02-11 13:11:00,35.957454034
2020-02-11 13:12:00,35.96728116
2020-02-11 13:13:00,35.982021849
2020-02-11 13:14:00,35.9731774356
2020-02-11 13:15:00,35.977108286
2020-02-11 13:16:00,35.996762538
2020-02-11 13:17:00,36.001676101
2020-02-11 13:18:00,35.99096453366
2020-02-11 13:19:00,36.006589664
2020-02-11 13:20:00,36.006589664
2020-02-11 13:21:00,35.9903749061
2020-02-11 13:22:00,35.996762538
2020-02-11 13:23:00,36.006589664
2020-02-11 13:24:00,36.00442769628
2020-02-11 13:25:00,36.006589664
2020-02-11 13:26:00,36.006589664
2020-02-11 13:27:00,36.001676101
2020-02-11 13:28:00,36.006589664
2020-02-11 13:29:00,36.026243916
2020-02-11 13:30:00,36.026243916
2020-02-11 13:31:00,36.026243916
2020-02-11 13:32:00,36.026243916
2020-02-11 13:33:00,36.011503227
2020-02-11 13:34:00,35.986935412
2020-02-11 13:35:00,35.97720655726
2020-02-11 13:36:00,35.996762538
2020-02-11 13:37:00,36.006589664
2020-02-11 13:38:00,36.021330353
2020-02-11 13:39:00,36.0110118707
2020-02-11 13:40:00,36.006589664
2020-02-11 13:41:00,36.026243916
2020-02-11 13:42:00,36.021330353
2020-02-11 13:43:00,36.04265521642
2020-02-11 13:44:00,36.026243916
2020-02-11 13:45:00,36.026243916
2020-02-11 13:46:00,36.026243916
2020-02-11 13:47:00,36.036071042
2020-02-11 13:48:00,36.026243916
2020-02-11 13:49:00,36.021330353
2020-02-11 13:50:00,36.01641679
2020-02-11 13:51:00,36.001676101
2020-02-11 13:52:00,35.96728116
2020-02-11 13:53:00,35.947626908
2020-02-11 13:54:00,35.937799782
2020-02-11 13:55:00,35.91814553
2020-02-11 13:56:00,35.91814553
2020-02-11 13:57:00,35.91814553
2020-02-11 13:58:00,35.8970172091
2020-02-11 13:59:00,35.908318404
2020-02-11 14:00:00,35.898491278
2020-02-11 14:01:00,35.923059093
2020-02-11 14:02:00,35.913231967
2020-02-11 14:03:00,35.888664152
2020-02-11 14:04:00,35.849355648
2020-02-11 14:05:00,35.829701396
2020-02-11 14:06:00,35.829701396
2020-02-11 14:07:00,35.824787833
2020-02-11 14:08:00,35.81987427
2020-02-11 14:09:00,35.824787833
2020-02-11 14:10:00,35.82075871134
2020-02-11 14:11:00,35.83127373616
2020-02-11 14:12:00,35.84601442516
2020-02-11 14:13:00,35.839528522
2020-02-11 14:14:00,35.834614959
2020-02-11 14:15:00,35.814960707
2020-02-11 14:16:00,35.810047144
2020-02-11 14:17:00,35.81987427
2020-02-11 14:18:00,35.8184002011
2020-02-11 14:19:00,35.800220018
2020-02-11 14:20:00,35.805133581
2020-02-11 14:21:00,35.81987427
2020-02-11 14:22:00,35.795306455
2020-02-11 14:23:00,35.790392892
2020-02-11 14:24:00,35.795306455
2020-02-11 14:25:00,35.800220018
2020-02-11 14:26:00,35.814960707
2020-02-11 14:27:00,35.82203623772
2020-02-11 14:28:00,35.814960707
2020-02-11 14:29:00,35.83235472002
2020-02-11 14:30:00,35.839528522
2020-02-11 14:31:00,35.844442085
2020-02-11 14:32:00,35.839528522
2020-02-11 14:33:00,35.844442085
2020-02-11 14:34:00,35.849355648
2020-02-11 14:35:00,35.81987427
2020-02-11 14:36:00,35.81987427
2020-02-11 14:37:00,35.810047144
2020-02-11 14:38:00,35.814960707
2020-02-11 14:39:00,35.805133581
2020-02-11 14:40:00,35.81987427
2020-02-11 14:41:00,35.810047144
2020-02-11 14:42:00,35.81987427
2020-02-11 14:43:00,35.829701396
2020-02-11 14:44:00,35.829701396
2020-02-11 14:45:00,35.859182774
2020-02-11 14:46:00,35.83156854994
2020-02-11 14:47:00,35.834614959
2020-02-11 14:48:00,35.83795618184
2020-02-11 14:49:00,35.834614959
2020-02-11 14:50:00,35.849355648
2020-02-11 14:51:00,35.86350670944
2020-02-11 14:52:00,35.859182774
2020-02-11 14:53:00,35.829701396
2020-02-11 14:54:00,35.849355648
2020-02-11 14:55:00,35.8690099
2020-02-11 14:56:00,35.8606568429
2020-02-11 14:57:00,35.839528522
2020-02-11 14:58:00,35.8508297169
2020-02-11 14:59:00,35.814960707
2020-02-11 15:00:00,35.814960707
2020-02-11 15:01:00,35.785479329
2020-02-11 15:02:00,35.810047144
2020-02-11 15:03:00,35.77231098016
2020-02-11 15:04:00,35.785479329
2020-02-11 15:05:00,35.780565766
2020-02-11 15:06:00,35.790392892
2020-02-11 15:07:00,35.790392892
2020-02-11 15:08:00,35.785479329
2020-02-11 15:09:00,35.785479329
2020-02-11 15:10:00,35.751084388
2020-02-11 15:11:00,35.780565766
2020-02-11 15:12:00,35.775652203
2020-02-11 15:13:00,35.760911514
2020-02-11 15:14:00,35.77073864
2020-02-11 15:15:00,35.790392892
2020-02-11 15:16:00,35.790392892
2020-02-11 15:17:00,35.790392892
2020-02-11 15:18:00,35.780565766
2020-02-11 15:19:00,35.760911514
2020-02-11 15:20:00,35.77073864
2020-02-11 15:21:00,35.780565766
2020-02-11 15:22:00,35.77073864
2020-02-11 15:23:00,35.765825077
2020-02-11 15:24:00,35.810047144
2020-02-11 15:25:00,35.829701396
2020-02-11 15:26:00,35.834614959
2020-02-11 15:27:00,35.829701396
2020-02-11 15:28:00,35.81987427
2020-02-11 15:29:00,35.83943025074
2020-02-11 15:30:00,35.829701396
2020-02-11 15:31:00,35.824787833
2020-02-11 15:32:00,35.81987427
2020-02-11 15:33:00,35.829701396
2020-02-11 15:34:00,35.849355648
2020-02-11 15:35:00,35.864096337
2020-02-11 15:36:00,35.888664152
2020-02-11 15:37:00,35.903404841
2020-02-11 15:38:00,35.88099899372
2020-02-11 15:39:00,35.873923463
2020-02-11 15:40:00,35.8690099
2020-02-11 15:41:00,35.859182774
2020-02-11 15:42:00,35.864096337
2020-02-11 15:43:00,35.86547213464
2020-02-11 15:44:00,35.878837026
2020-02-11 15:45:00,35.849355648
2020-02-11 15:46:00,35.854269211
2020-02-11 15:47:00,35.888664152
2020-02-11 15:48:00,35.864096337
2020-02-11 15:49:00,35.859182774
2020-02-11 15:50:00,35.844442085
2020-02-11 15:51:00,35.854269211
2020-02-11 15:52:00,35.878837026
2020-02-11 15:53:00,35.859182774
2020-02-11 15:54:00,35.898491278
2020-02-11 15:55:00,35.878837026
2020-02-11 15:56:00,35.878837026
2020-02-11 15:57:00,35.844442085
2020-02-11 15:58:00,35.81987427
2020-02-11 15:59:00,35.810047144
2020-02-11 16:00:00,35.805133581
2020-02-12 09:31:00,36.153996554
2020-02-12 09:32:00,36.119601613
2020-02-12 09:33:00,36.16382368
2020-02-12 09:34:00,36.1166534752
2020-02-12 09:35:00,36.134342302
2020-02-12 09:36:00,36.21295931
2020-02-12 09:37:00,36.301403444
2020-02-12 09:38:00,36.350539074
2020-02-12 09:39:00,36.26209494
2020-02-12 09:40:00,36.291576318
2020-02-12 09:41:00,36.291576318
2020-02-12 09:42:00,36.3603662
2020-02-12 09:43:00,36.370193326
2020-02-12 09:44:00,36.340711948
2020-02-12 09:45:00,36.3603662
2020-02-12 09:46:00,36.424242519
2020-02-12 09:47:00,36.340711948
2020-02-12 09:48:00,36.3520131429
2020-02-12 09:49:00,36.330884822
2020-02-12 09:50:00,36.321057696
2020-02-12 09:51:00,36.41353095166
2020-02-12 09:52:00,36.389847578
2020-02-12 09:53:00,36.419328956
2020-02-12 09:54:00,36.389847578
2020-02-12 09:55:00,36.419328956
2020-02-12 09:56:00,36.414415393
2020-02-12 09:57:00,36.42267017884
2020-02-12 09:58:00,36.522513779
2020-02-12 09:59:00,36.48743093918
2020-02-12 10:00:00,36.527427342
2020-02-12 10:01:00,36.635525728
2020-02-12 10:02:00,36.630612165
2020-02-12 10:03:00,36.610957913
2020-02-12 10:04:00,36.55690872
2020-02-12 10:05:00,36.502859527
2020-02-12 10:06:00,36.502859527
2020-02-12 10:07:00,36.502859527
2020-02-12 10:08:00,36.45863746
2020-02-12 10:09:00,36.478291712
2020-02-12 10:10:00,36.49342548604
2020-02-12 10:11:00,36.512686653
2020-02-12 10:12:00,36.488118838
2020-02-12 10:13:00,36.488118838
2020-02-12 10:14:00,36.517600216
2020-02-12 10:15:00,36.581476535
2020-02-12 10:16:00,36.610957913
2020-02-12 10:17:00,36.65517998
2020-02-12 10:18:00,36.65517998
2020-02-12 10:19:00,36.689574921
2020-02-12 10:20:00,36.684661358
2020-02-12 10:21:00,36.714142736
2020-02-12 10:22:00,36.714142736
2020-02-12 10:23:00,36.728883425
2020-02-12 10:24:00,36.763278366
2020-02-12 10:25:00,36.782932618
2020-02-12 10:26:00,36.797673307
2020-02-12 10:27:00,36.778019055
2020-02-12 10:28:00,36.782932618
2020-02-12 10:29:00,36.817327559
2020-02-12 10:30:00,36.778019055
2020-02-12 10:31:00,36.832068248
2020-02-12 10:32:00,36.817327559
2020-02-12 10:33:00,36.812413996
2020-02-12 10:34:00,36.78067237902
2020-02-12 10:35:00,36.763278366
2020-02-12 10:36:00,36.748537677
2020-02-12 10:37:00,36.763278366
2020-02-12 10:38:00,36.768191929
2020-02-12 10:39:00,36.719056299
2020-02-12 10:40:00,36.758364803
2020-02-12 10:41:00,36.812413996
2020-02-12 10:42:00,36.773105492
2020-02-12 10:43:00,36.782932618
2020-02-12 10:44:00,36.822241122
2020-02-12 10:45:00,36.758364803
2020-02-12 10:46:00,36.778019055
2020-02-12 10:47:00,36.80258687
2020-02-12 10:48:00,36.763278366
2020-02-12 10:49:00,36.74431201282
2020-02-12 10:50:00,36.738710551
2020-02-12 10:51:00,36.714142736
2020-02-12 10:52:00,36.694488484
2020-02-12 10:53:00,36.714142736
2020-02-12 10:54:00,36.73812092344
2020-02-12 10:55:00,36.70431561
2020-02-12 10:56:00,36.733796988
2020-02-12 10:57:00,36.719056299
2020-02-12 10:58:00,36.738710551
2020-02-12 10:59:00,36.73861227974
2020-02-12 11:00:00,36.75345124
2020-02-12 11:01:00,36.748537677
2020-02-12 11:02:00,36.733796988
2020-02-12 11:03:00,36.714142736
2020-02-12 11:04:00,36.679747795
2020-02-12 11:05:00,36.645352854
2020-02-12 11:06:00,36.65517998
2020-02-12 11:07:00,36.65517998
2020-02-12 11:08:00,36.66982239774
2020-02-12 11:09:00,36.620785039
2020-02-12 11:10:00,36.610957913
2020-02-12 11:11:00,36.610957913
2020-02-12 11:12:00,36.60604435
2020-02-12 11:13:00,36.601130787
2020-02-12 11:14:00,36.610957913
2020-02-12 11:15:00,36.55690872
2020-02-12 11:16:00,36.581476535
2020-02-12 11:17:00,36.547081594
2020-02-12 11:18:00,36.551995157
2020-02-12 11:19:00,36.60604435
2020-02-12 11:20:00,36.59710166534
2020-02-12 11:21:00,36.615871476
2020-02-12 11:22:00,36.576562972
2020-02-12 11:23:00,36.596217224
2020-02-12 11:24:00,36.591303661
2020-02-12 11:25:00,36.601130787
2020-02-12 11:26:00,36.620785039
2020-02-12 11:27:00,36.640439291
2020-02-12 11:28:00,36.660093543
2020-02-12 11:29:00,36.674834232
2020-02-12 11:30:00,36.669920669
2020-02-12 11:31:00,36.679747795
2020-02-12 11:32:00,36.64230644494
2020-02-12 11:33:00,36.665007106
2020-02-12 11:34:00,36.645352854
2020-02-12 11:35:00,36.65517998
2020-02-12 11:36:00,36.660093543
2020-02-12 11:37:00,36.635525728
2020-02-12 11:38:00,36.620785039
2020-02-12 11:39:00,36.610957913
2020-02-12 11:40:00,36.610957913
2020-02-12 11:41:00,36.601130787
2020-02-12 11:42:00,36.586390098
2020-02-12 11:43:00,36.561822283
2020-02-12 11:44:00,36.596217224
2020-02-12 11:45:00,36.586390098
2020-02-12 11:46:00,36.60447200984
2020-02-12 11:47:00,36.615871476
2020-02-12 11:48:00,36.65517998
2020-02-12 11:49:00,36.630612165
2020-02-12 11:50:00,36.635525728
2020-02-12 11:51:00,36.65517998
2020-02-12 11:52:00,36.65517998
2020-02-12 11:53:00,36.660093543
2020-02-12 11:54:00,36.679747795
2020-02-12 11:55:00,36.674834232
2020-02-12 11:56:00,36.674834232
2020-02-12 11:57:00,36.689574921
2020-02-12 11:58:00,36.679747795
2020-02-12 11:59:00,36.65517998
2020-02-12 12:00:00,36.684661358
2020-02-12 12:01:00,36.67296707806
2020-02-12 12:02:00,36.674834232
2020-02-12 12:03:00,36.674834232
2020-02-12 12:04:00,36.694488484
2020-02-12 12:05:00,36.68977146352
2020-02-12 12:06:00,36.714142736
2020-02-12 12:07:00,36.733796988
2020-02-12 12:08:00,36.728883425
2020-02-12 12:09:00,36.748537677
2020-02-12 12:10:00,36.758364803
2020-02-12 12:11:00,36.74716187936
2020-02-12 12:12:00,36.743624114
2020-02-12 12:13:00,36.743624114
2020-02-12 12:14:00,36.743624114
2020-02-12 12:15:00,36.743624114
2020-02-12 12:16:00,36.74922557582
2020-02-12 12:17:00,36.748537677
2020-02-12 12:18:00,36.748537677
2020-02-12 12:19:00,36.738710551
2020-02-12 12:20:00,36.76268873844
2020-02-12 12:21:00,36.782932618
2020-02-12 12:22:00,36.792759744
2020-02-12 12:23:00,36.787846181
2020-02-12 12:24:00,36.778019055
2020-02-12 12:25:00,36.782932618
2020-02-12 12:26:00,36.768191929
2020-02-12 12:27:00,36.77831386878
2020-02-12 12:28:00,36.792759744
2020-02-12 12:29:00,36.792759744
2020-02-12 12:30:00,36.80258687
2020-02-12 12:31:00,36.807500433
2020-02-12 12:32:00,36.768191929
2020-02-12 12:33:00,36.792759744
2020-02-12 12:34:00,36.7893202499
2020-02-12 12:35:00,36.773105492
2020-02-12 12:36:00,36.78706001092
2020-02-12 12:37:00,36.782932618
2020-02-12 12:38:00,36.77536573098
2020-02-12 12:39:00,36.743624114
2020-02-12 12:40:00,36.768191929
2020-02-12 12:41:00,36.763278366
2020-02-12 12:42:00,36.7608215845
2020-02-12 12:43:00,36.763278366
2020-02-12 12:44:00,36.768191929
2020-02-12 12:45:00,36.748537677
2020-02-12 12:46:00,36.7495203896
2020-02-12 12:47:00,36.748537677
2020-02-12 12:48:00,36.748537677
2020-02-12 12:49:00,36.75345124
2020-02-12 12:50:00,36.743624114
2020-02-12 12:51:00,36.733796988
2020-02-12 12:52:00,36.738710551
2020-02-12 12:53:00,36.723969862
2020-02-12 12:54:00,36.728883425
2020-02-12 12:55:00,36.723969862
2020-02-12 12:56:00,36.699402047
2020-02-12 12:57:00,36.714142736
2020-02-12 12:58:00,36.699402047
2020-02-12 12:59:00,36.70431561
2020-02-12 13:00:00,36.699402047
2020-02-12 13:01:00,36.694488484
2020-02-12 13:02:00,36.684661358
2020-02-12 13:03:00,36.684661358
2020-02-12 13:04:00,36.689574921
2020-02-12 13:05:00,36.684661358
2020-02-12 13:06:00,36.714142736
2020-02-12 13:07:00,36.689574921
2020-02-12 13:08:00,36.674834232
2020-02-12 13:09:00,36.665007106
2020-02-12 13:10:00,36.63768769572
2020-02-12 13:11:00,36.625698602
2020-02-12 13:12:00,36.630612165
2020-02-12 13:13:00,36.620785039
2020-02-12 13:14:00,36.60604435
2020-02-12 13:15:00,36.630612165
2020-02-12 13:16:00,36.650266417
2020-02-12 13:17:00,36.65006987448
2020-02-12 13:18:00,36.62982599492
2020-02-12 13:19:00,36.640439291
2020-02-12 13:20:00,36.63247931894
2020-02-12 13:21:00,36.630612165
2020-02-12 13:22:00,36.6271726709
2020-02-12 13:23:00,36.63768769572
2020-02-12 13:24:00,36.640439291
2020-02-12 13:25:00,36.635525728
2020-02-12 13:26:00,36.625698602
2020-02-12 13:27:00,36.630612165
2020-02-12 13:28:00,36.645352854
2020-02-12 13:29:00,36.645352854
2020-02-12 13:30:00,36.660093543
2020-02-12 13:31:00,36.689574921
2020-02-12 13:32:00,36.689574921
2020-02-12 13:33:00,36.694488484
2020-02-12 13:34:00,36.694488484
2020-02-12 13:35:00,36.669920669
2020-02-12 13:36:00,36.660093543
2020-02-12 13:37:00,36.65517998
2020-02-12 13:38:00,36.669920669
2020-02-12 13:39:00,36.689574921
2020-02-12 13:40:00,36.694488484
2020-02-12 13:41:00,36.714142736
2020-02-12 13:42:00,36.723969862
2020-02-12 13:43:00,36.719056299
2020-02-12 13:44:00,36.7175822301
2020-02-12 13:45:00,36.728883425
2020-02-12 13:46:00,36.733796988
2020-02-12 13:47:00,36.723969862
2020-02-12 13:48:00,36.738710551
2020-02-12 13:49:00,36.728883425
2020-02-12 13:50:00,36.709229173
2020-02-12 13:51:00,36.70431561
2020-02-12 13:52:00,36.7116859545
2020-02-12 13:53:00,36.723969862
2020-02-12 13:54:00,36.723969862
2020-02-12 13:55:00,36.714142736
2020-02-12 13:56:00,36.70431561
2020-02-12 13:57:00,36.714142736
2020-02-12 13:58:00,36.714142736
2020-02-12 13:59:00,36.733796988
2020-02-12 14:00:00,36.75345124
2020-02-12 14:01:00,36.748537677
2020-02-12 14:02:00,36.75345124
2020-02-12 14:03:00,36.73212637658
2020-02-12 14:04:00,36.7264266435
2020-02-12 14:05:00,36.723969862
2020-02-12 14:06:00,36.714142736
2020-02-12 14:07:00,36.709229173
2020-02-12 14:08:00,36.714142736
2020-02-12 14:09:00,36.728883425
2020-02-12 14:10:00,36.733796988
2020-02-12 14:11:00,36.763278366
2020-02-12 14:12:00,36.743624114
2020-02-12 14:13:00,36.743624114
2020-02-12 14:14:00,36.728883425
2020-02-12 14:15:00,36.733796988
2020-02-12 14:16:00,36.738710551
2020-02-12 14:17:00,36.738710551
2020-02-12 14:18:00,36.723969862
2020-02-12 14:19:00,36.733796988
2020-02-12 14:20:00,36.733796988
2020-02-12 14:21:00,36.75345124
2020-02-12 14:22:00,36.738710551
2020-02-12 14:23:00,36.758364803
2020-02-12 14:24:00,36.75757863292
2020-02-12 14:25:00,36.75354951126
2020-02-12 14:26:00,36.75345124
2020-02-12 14:27:00,36.743624114
2020-02-12 14:28:00,36.738710551
2020-02-12 14:29:00,36.738710551
2020-02-12 14:30:00,36.738710551
2020-02-12 14:31:00,36.743624114
2020-02-12 14:32:00,36.738710551
2020-02-12 14:33:00,36.763278366
2020-02-12 14:34:00,36.758364803
2020-02-12 14:35:00,36.75345124
2020-02-12 14:36:00,36.768191929
2020-02-12 14:37:00,36.778019055
2020-02-12 14:38:00,36.792759744
2020-02-12 14:39:00,36.778019055
2020-02-12 14:40:00,36.75345124
2020-02-12 14:41:00,36.743624114
2020-02-12 14:42:00,36.743624114
2020-02-12 14:43:00,36.743624114
2020-02-12 14:44:00,36.743624114
2020-02-12 14:45:00,36.719056299
2020-02-12 14:46:00,36.719056299
2020-02-12 14:47:00,36.723969862
2020-02-12 14:48:00,36.733796988
2020-02-12 14:49:00,36.748537677
2020-02-12 14:50:00,36.73487797186
2020-02-12 14:51:00,36.738710551
2020-02-12 14:52:00,36.699402047
2020-02-12 14:53:00,36.679747795
2020-02-12 14:54:00,36.665007106
2020-02-12 14:55:00,36.665007106
2020-02-12 14:56:00,36.650266417
2020-02-12 14:57:00,36.650266417
2020-02-12 14:58:00,36.640439291
2020-02-12 14:59:00,36.630612165
2020-02-12 15:00:00,36.630612165
2020-02-12 15:01:00,36.630612165
2020-02-12 15:02:00,36.620785039
2020-02-12 15:03:00,36.630612165
2020-02-12 15:04:00,36.625698602
2020-02-12 15:05:00,36.674834232
2020-02-12 15:06:00,36.674834232
2020-02-12 15:07:00,36.674834232
2020-02-12 15:08:00,36.669920669
2020-02-12 15:09:00,36.65517998
2020-02-12 15:10:00,36.650266417
2020-02-12 15:11:00,36.625698602
2020-02-12 15:12:00,36.601130787
2020-02-12 15:13:00,36.615871476
2020-02-12 15:14:00,36.6232418205
2020-02-12 15:15:00,36.615871476
2020-02-12 15:16:00,36.596217224
2020-02-12 15:17:00,36.601130787
2020-02-12 15:18:00,36.596217224
2020-02-12 15:19:00,36.581476535
2020-02-12 15:20:00,36.576562972
2020-02-12 15:21:00,36.566735846
2020-02-12 15:22:00,36.542168031
2020-02-12 15:23:00,36.542168031
2020-02-12 15:24:00,36.55690872
2020-02-12 15:25:00,36.55690872
2020-02-12 15:26:00,36.561822283
2020-02-12 15:27:00,36.532340905
2020-02-12 15:28:00,36.50777309
2020-02-12 15:29:00,36.55690872
2020-02-12 15:30:00,36.547081594
2020-02-12 15:31:00,36.532340905
2020-02-12 15:32:00,36.53509250028
2020-02-12 15:33:00,36.527427342
2020-02-12 15:34:00,36.493032401
2020-02-12 15:35:00,36.473378149
2020-02-12 15:36:00,36.50443186716
2020-02-12 15:37:00,36.502859527
2020-02-12 15:38:00,36.497945964
2020-02-12 15:39:00,36.502859527
2020-02-12 15:40:00,36.488118838
2020-02-12 15:41:00,36.512686653
2020-02-12 15:42:00,36.532340905
2020-02-12 15:43:00,36.551995157
2020-02-12 15:44:00,36.571649409
2020-02-12 15:45:00,36.581476535
2020-02-12 15:46:00,36.581476535
2020-02-12 15:47:00,36.551995157
2020-02-12 15:48:00,36.561822283
2020-02-12 15:49:00,36.591303661
2020-02-12 15:50:00,36.561822283
2020-02-12 15:51:00,36.591303661
2020-02-12 15:52:00,36.581476535
2020-02-12 15:53:00,36.561822283
2020-02-12 15:54:00,36.576562972
2020-02-12 15:55:00,36.561822283
2020-02-12 15:56:00,36.542168031
2020-02-12 15:57:00,36.551995157
2020-02-12 15:58:00,36.54865393416
2020-02-12 15:59:00,36.542168031
2020-02-12 16:00:00,36.50777309
2020-02-13 09:31:00,36.21295931
2020-02-13 09:32:00,36.173650806
2020-02-13 09:33:00,36.144169428
2020-02-13 09:34:00,36.21295931
2020-02-13 09:35:00,36.193305058
2020-02-13 09:36:00,36.301403444
2020-02-13 09:37:00,36.291576318
2020-02-13 09:38:00,36.31123057
2020-02-13 09:39:00,36.301403444
2020-02-13 09:40:00,36.340711948
2020-02-13 09:41:00,36.31123057
2020-02-13 09:42:00,36.321057696
2020-02-13 09:43:00,36.316144133
2020-02-13 09:44:00,36.330884822
2020-02-13 09:45:00,36.370193326
2020-02-13 09:46:00,36.399674704
2020-02-13 09:47:00,36.380020452
2020-02-13 09:48:00,36.389847578
2020-02-13 09:49:00,36.370193326
2020-02-13 09:50:00,36.389847578
2020-02-13 09:51:00,36.399674704
2020-02-13 09:52:00,36.399674704
2020-02-13 09:53:00,36.389847578
2020-02-13 09:54:00,36.380020452
2020-02-13 09:55:00,36.40950183
2020-02-13 09:56:00,36.389847578
2020-02-13 09:57:00,36.389847578
2020-02-13 09:58:00,36.389847578
2020-02-13 09:59:00,36.3603662
2020-02-13 10:00:00,36.330884822
2020-02-13 10:01:00,36.350539074
2020-02-13 10:02:00,36.321057696
2020-02-13 10:03:00,36.340711948
2020-02-13 10:04:00,36.291576318
2020-02-13 10:05:00,36.301403444
2020-02-13 10:06:00,36.31123057
2020-02-13 10:07:00,36.31123057
2020-02-13 10:08:00,36.30936341606
2020-02-13 10:09:00,36.321057696
2020-02-13 10:10:00,36.330884822
2020-02-13 10:11:00,36.330884822
2020-02-13 10:12:00,36.3603662
2020-02-13 10:13:00,36.380020452
2020-02-13 10:14:00,36.404588267
2020-02-13 10:15:00,36.370193326
2020-02-13 10:16:00,36.380020452
2020-02-13 10:17:00,36.370193326
2020-02-13 10:18:00,36.380020452
2020-02-13 10:19:00,36.389847578
2020-02-13 10:20:00,36.394761141
2020-02-13 10:21:00,36.40950183
2020-02-13 10:22:00,36.40950183
2020-02-13 10:23:00,36.40144358668
2020-02-13 10:24:00,36.438983208
2020-02-13 10:25:00,36.429156082
2020-02-13 10:26:00,36.438983208
2020-02-13 10:27:00,36.438983208
2020-02-13 10:28:00,36.45863746
2020-02-13 10:29:00,36.434069645
2020-02-13 10:30:00,36.438983208
2020-02-13 10:31:00,36.448810334
2020-02-13 10:32:00,36.453723897
2020-02-13 10:33:00,36.438983208
2020-02-13 10:34:00,36.453723897
2020-02-13 10:35:00,36.468464586
2020-02-13 10:36:00,36.478291712
2020-02-13 10:37:00,36.42394770522
2020-02-13 10:38:00,36.434069645
2020-02-13 10:39:00,36.429156082
2020-02-13 10:40:00,36.419328956
2020-02-13 10:41:00,36.419328956
2020-02-13 10:42:00,36.429156082
2020-02-13 10:43:00,36.419328956
2020-02-13 10:44:00,36.42443906152
2020-02-13 10:45:00,36.438983208
2020-02-13 10:46:00,36.42404597648
2020-02-13 10:47:00,36.438983208
2020-02-13 10:48:00,36.448810334
2020-02-13 10:49:00,36.448810334
2020-02-13 10:50:00,36.443896771
2020-02-13 10:51:00,36.448810334
2020-02-13 10:52:00,36.488118838
2020-02-13 10:53:00,36.483205275
2020-02-13 10:54:00,36.478291712
2020-02-13 10:55:00,36.478291712
2020-02-13 10:56:00,36.45863746
2020-02-13 10:57:00,36.468464586
2020-02-13 10:58:00,36.468464586
2020-02-13 10:59:00,36.493032401
2020-02-13 11:00:00,36.488118838
2020-02-13 11:01:00,36.4581461037
2020-02-13 11:02:00,36.438983208
2020-02-13 11:03:00,36.448810334
2020-02-13 11:04:00,36.448810334
2020-02-13 11:05:00,36.443896771
2020-02-13 11:06:00,36.45863746
2020-02-13 11:07:00,36.478291712
2020-02-13 11:08:00,36.478291712
2020-02-13 11:09:00,36.45863746
2020-02-13 11:10:00,36.438983208
2020-02-13 11:11:00,36.448810334
2020-02-13 11:12:00,36.448810334
2020-02-13 11:13:00,36.448810334
2020-02-13 11:14:00,36.429156082
2020-02-13 11:15:00,36.40950183
2020-02-13 11:16:00,36.40950183
2020-02-13 11:17:00,36.380020452
2020-02-13 11:18:00,36.394761141
2020-02-13 11:19:00,36.404588267
2020-02-13 11:20:00,36.4158894619
2020-02-13 11:21:00,36.399674704
2020-02-13 11:22:00,36.40950183
2020-02-13 11:23:00,36.40576752212
2020-02-13 11:24:00,36.399674704
2020-02-13 11:25:00,36.434069645
2020-02-13 11:26:00,36.424242519
2020-02-13 11:27:00,36.424242519
2020-02-13 11:28:00,36.483205275
2020-02-13 11:29:00,36.478291712
2020-02-13 11:30:00,36.50777309
2020-02-13 11:31:00,36.497945964
2020-02-13 11:32:00,36.527427342
2020-02-13 11:33:00,36.532340905
2020-02-13 11:34:00,36.542168031
2020-02-13 11:35:00,36.55690872
2020-02-13 11:36:00,36.566735846
2020-02-13 11:37:00,36.55916895898
2020-02-13 11:38:00,36.576562972
2020-02-13 11:39:00,36.55690872
2020-02-13 11:40:00,36.566735846
2020-02-13 11:41:00,36.591303661
2020-02-13 11:42:00,36.601130787
2020-02-13 11:43:00,36.586390098
2020-02-13 11:44:00,36.55690872
2020-02-13 11:45:00,36.537254468
2020-02-13 11:46:00,36.493032401
2020-02-13 11:47:00,36.50777309
2020-02-13 11:48:00,36.478291712
2020-02-13 11:49:00,36.45863746
2020-02-13 11:50:00,36.478291712
2020-02-13 11:51:00,36.478291712
2020-02-13 11:52:00,36.473378149
2020-02-13 11:53:00,36.4610942415
2020-02-13 11:54:00,36.468464586
2020-02-13 11:55:00,36.45863746
2020-02-13 11:56:00,36.468464586
2020-02-13 11:57:00,36.45863746
2020-02-13 11:58:00,36.468464586
2020-02-13 11:59:00,36.478291712
2020-02-13 12:00:00,36.473378149
2020-02-13 12:01:00,36.493032401
2020-02-13 12:02:00,36.50777309
2020-02-13 12:03:00,36.517600216
2020-02-13 12:04:00,36.512686653
2020-02-13 12:05:00,36.532340905
2020-02-13 12:06:00,36.517600216
2020-02-13 12:07:00,36.517600216
2020-02-13 12:08:00,36.542168031
2020-02-13 12:09:00,36.53204609122
2020-02-13 12:10:00,36.527427342
2020-02-13 12:11:00,36.517600216
2020-02-13 12:12:00,36.50993505772
2020-02-13 12:13:00,36.51917255616
2020-02-13 12:14:00,36.52064662506
2020-02-13 12:15:00,36.517600216
2020-02-13 12:16:00,36.4940151136
2020-02-13 12:17:00,36.497945964
2020-02-13 12:18:00,36.50777309
2020-02-13 12:19:00,36.50777309
2020-02-13 12:20:00,36.502859527
2020-02-13 12:21:00,36.4989286766
2020-02-13 12:22:00,36.502859527
2020-02-13 12:23:00,36.488118838
2020-02-13 12:24:00,36.488118838
2020-02-13 12:25:00,36.493032401
2020-02-13 12:26:00,36.50777309
2020-02-13 12:27:00,36.488118838
2020-02-13 12:28:00,36.45863746
2020-02-13 12:29:00,36.473378149
2020-02-13 12:30:00,36.483205275
2020-02-13 12:31:00,36.478291712
2020-02-13 12:32:00,36.463551023
2020-02-13 12:33:00,36.45863746
2020-02-13 12:34:00,36.478291712
2020-02-13 12:35:00,36.473378149
2020-02-13 12:36:00,36.4768176431
2020-02-13 12:37:00,36.4694472986
2020-02-13 12:38:00,36.468464586
2020-02-13 12:39:00,36.448810334
2020-02-13 12:40:00,36.448810334
2020-02-13 12:41:00,36.453723897
2020-02-13 12:42:00,36.438983208
2020-02-13 12:43:00,36.44871206274
2020-02-13 12:44:00,36.429156082
2020-02-13 12:45:00,36.448810334
2020-02-13 12:46:00,36.468464586
2020-02-13 12:47:00,36.45863746
2020-02-13 12:48:00,36.468464586
2020-02-13 12:49:00,36.468464586
2020-02-13 12:50:00,36.463551023
2020-02-13 12:51:00,36.473378149
2020-02-13 12:52:00,36.478291712
2020-02-13 12:53:00,36.468464586
2020-02-13 12:54:00,36.468464586
2020-02-13 12:55:00,36.463551023
2020-02-13 12:56:00,36.438983208
2020-02-13 12:57:00,36.438983208
2020-02-13 12:58:00,36.438983208
2020-02-13 12:59:00,36.429156082
2020-02-13 13:00:00,36.434069645
2020-02-13 13:01:00,36.443896771
2020-02-13 13:02:00,36.448810334
2020-02-13 13:03:00,36.45863746
2020-02-13 13:04:00,36.448810334
2020-02-13 13:05:00,36.448810334
2020-02-13 13:06:00,36.45283945566
2020-02-13 13:07:00,36.45863746
2020-02-13 13:08:00,36.45863746
2020-02-13 13:09:00,36.473378149
2020-02-13 13:10:00,36.473378149
2020-02-13 13:11:00,36.497945964
2020-02-13 13:12:00,36.488118838
2020-02-13 13:13:00,36.488118838
2020-02-13 13:14:00,36.468464586
2020-02-13 13:15:00,36.448810334
2020-02-13 13:16:00,36.4350523576
2020-02-13 13:17:00,36.438983208
2020-02-13 13:18:00,36.424242519
2020-02-13 13:19:00,36.42443906152
2020-02-13 13:20:00,36.429156082
2020-02-13 13:21:00,36.448810334
2020-02-13 13:22:00,36.438983208
2020-02-13 13:23:00,36.453723897
2020-02-13 13:24:00,36.468464586
2020-02-13 13:25:00,36.45863746
2020-02-13 13:26:00,36.45863746
2020-02-13 13:27:00,36.45863746
2020-02-13 13:28:00,36.468464586
2020-02-13 13:29:00,36.468464586
2020-02-13 13:30:00,36.473378149
2020-02-13 13:31:00,36.468464586
2020-02-13 13:32:00,36.473378149
2020-02-13 13:33:00,36.478291712
2020-02-13 13:34:00,36.488118838
2020-02-13 13:35:00,36.478291712
2020-02-13 13:36:00,36.463551023
2020-02-13 13:37:00,36.468464586
2020-02-13 13:38:00,36.468464586
2020-02-13 13:39:00,36.473378149
2020-02-13 13:40:00,36.45863746
2020-02-13 13:41:00,36.448810334
2020-02-13 13:42:00,36.438983208
2020-02-13 13:43:00,36.468464586
2020-02-13 13:44:00,36.51190048292
2020-02-13 13:45:00,36.517600216
2020-02-13 13:46:00,36.547081594
2020-02-13 13:47:00,36.586390098
2020-02-13 13:48:00,36.581476535
2020-02-13 13:49:00,36.55690872
2020-02-13 13:50:00,36.55690872
2020-02-13 13:51:00,36.532340905
2020-02-13 13:52:00,36.532340905
2020-02-13 13:53:00,36.517600216
2020-02-13 13:54:00,36.50777309
2020-02-13 13:55:00,36.497945964
2020-02-13 13:56:00,36.512686653
2020-02-13 13:57:00,36.497945964
2020-02-13 13:58:00,36.497945964
2020-02-13 13:59:00,36.488118838
2020-02-13 14:00:00,36.497945964
2020-02-13 14:01:00,36.502859527
2020-02-13 14:02:00,36.48182947736
2020-02-13 14:03:00,36.478291712
2020-02-13 14:04:00,36.48389317382
2020-02-13 14:05:00,36.478291712
2020-02-13 14:06:00,36.473378149
2020-02-13 14:07:00,36.45863746
2020-02-13 14:08:00,36.468464586
2020-02-13 14:09:00,36.468464586
2020-02-13 14:10:00,36.463551023
2020-02-13 14:11:00,36.453723897
2020-02-13 14:12:00,36.45863746
2020-02-13 14:13:00,36.46482854938
2020-02-13 14:14:00,36.497945964
2020-02-13 14:15:00,36.527427342
2020-02-13 14:16:00,36.53145646366
2020-02-13 14:17:00,36.52388957664
2020-02-13 14:18:00,36.55690872
2020-02-13 14:19:00,36.542168031
2020-02-13 14:20:00,36.55690872
2020-02-13 14:21:00,36.571649409
2020-02-13 14:22:00,36.566735846
2020-02-13 14:23:00,36.581476535
2020-02-13 14:24:00,36.60604435
2020-02-13 14:25:00,36.610957913
2020-02-13 14:26:00,36.60604435
2020-02-13 14:27:00,36.576562972
2020-02-13 14:28:00,36.576562972
2020-02-13 14:29:00,36.571649409
2020-02-13 14:30:00,36.571649409
2020-02-13 14:31:00,36.576562972
2020-02-13 14:32:00,36.591303661
2020-02-13 14:33:00,36.60604435
2020-02-13 14:34:00,36.596217224
2020-02-13 14:35:00,36.610957913
2020-02-13 14:36:00,36.615871476
2020-02-13 14:37:00,36.60604435
2020-02-13 14:38:00,36.615871476
2020-02-13 14:39:00,36.615871476
2020-02-13 14:40:00,36.615871476
2020-02-13 14:41:00,36.615871476
2020-02-13 14:42:00,36.60928730158
2020-02-13 14:43:00,36.610957913
2020-02-13 14:44:00,36.60604435
2020-02-13 14:45:00,36.610957913
2020-02-13 14:46:00,36.610957913
2020-02-13 14:47:00,36.60604435
2020-02-13 14:48:00,36.60977865788
2020-02-13 14:49:00,36.576562972
2020-02-13 14:50:00,36.581476535
2020-02-13 14:51:00,36.60604435
2020-02-13 14:52:00,36.59110711848
2020-02-13 14:53:00,36.581476535
2020-02-13 14:54:00,36.591303661
2020-02-13 14:55:00,36.596217224
2020-02-13 14:56:00,36.586390098
2020-02-13 14:57:00,36.571649409
2020-02-13 14:58:00,36.55690872
2020-02-13 14:59:00,36.551995157
2020-02-13 15:00:00,36.537254468
2020-02-13 15:01:00,36.527427342
2020-02-13 15:02:00,36.49804423526
2020-02-13 15:03:00,36.443896771
2020-02-13 15:04:00,36.488118838
2020-02-13 15:05:00,36.468464586
2020-02-13 15:06:00,36.468464586
2020-02-13 15:07:00,36.468464586
2020-02-13 15:08:00,36.4822225624
2020-02-13 15:09:00,36.497945964
2020-02-13 15:10:00,36.497945964
2020-02-13 15:11:00,36.4940151136
2020-02-13 15:12:00,36.478291712
2020-02-13 15:13:00,36.463551023
2020-02-13 15:14:00,36.443896771
2020-02-13 15:15:00,36.453723897
2020-02-13 15:16:00,36.463551023
2020-02-13 15:17:00,36.453723897
2020-02-13 15:18:00,36.468464586
2020-02-13 15:19:00,36.478291712
2020-02-13 15:20:00,36.473378149
2020-02-13 15:21:00,36.478291712
2020-02-13 15:22:00,36.448810334
2020-02-13 15:23:00,36.468464586
2020-02-13 15:24:00,36.45863746
2020-02-13 15:25:00,36.43829530918
2020-02-13 15:26:00,36.473378149
2020-02-13 15:27:00,36.45863746
2020-02-13 15:28:00,36.45863746
2020-02-13 15:29:00,36.483205275
2020-02-13 15:30:00,36.48163293484
2020-02-13 15:31:00,36.493032401
2020-02-13 15:32:00,36.493032401
2020-02-13 15:33:00,36.448810334
2020-02-13 15:34:00,36.448810334
2020-02-13 15:35:00,36.483205275
2020-02-13 15:36:00,36.493032401
2020-02-13 15:37:00,36.478291712
2020-02-13 15:38:00,36.493032401
2020-02-13 15:39:00,36.497945964
2020-02-13 15:40:00,36.493032401
2020-02-13 15:41:00,36.488118838
2020-02-13 15:42:00,36.473378149
2020-02-13 15:43:00,36.468464586
2020-02-13 15:44:00,36.448810334
2020-02-13 15:45:00,36.45863746
2020-02-13 15:46:00,36.463551023
2020-02-13 15:47:00,36.483205275
2020-02-13 15:48:00,36.488118838
2020-02-13 15:49:00,36.497945964
2020-02-13 15:50:00,36.488118838
2020-02-13 15:51:00,36.493032401
2020-02-13 15:52:00,36.468464586
2020-02-13 15:53:00,36.468464586
2020-02-13 15:54:00,36.493032401
2020-02-13 15:55:00,36.561822283
2020-02-13 15:56:00,36.551995157
2020-02-13 15:57:00,36.551995157
2020-02-13 15:58:00,36.547081594
2020-02-13 15:59:00,36.55690872
2020-02-13 16:00:00,36.547081594
2020-02-14 09:31:00,36.920512382
2020-02-14 09:32:00,36.920512382
2020-02-14 09:33:00,36.836981811
2020-02-14 09:34:00,36.684661358
2020-02-14 09:35:00,36.79747676448
2020-02-14 09:36:00,36.930339508
2020-02-14 09:37:00,37.0664452031
2020-02-14 09:38:00,37.038437894
2020-02-14 09:39:00,36.822241122
2020-02-14 09:40:00,36.807500433
2020-02-14 09:41:00,36.891031004
2020-02-14 09:42:00,36.8517225
2020-02-14 09:43:00,36.8517225
2020-02-14 09:44:00,36.8517225
2020-02-14 09:45:00,36.871376752
2020-02-14 09:46:00,36.886117441
2020-02-14 09:47:00,36.90085813
2020-02-14 09:48:00,36.871376752
2020-02-14 09:49:00,36.930339508
2020-02-14 09:50:00,36.910685256
2020-02-14 09:51:00,36.90085813
2020-02-14 09:52:00,36.861549626
2020-02-14 09:53:00,36.930339508
2020-02-14 09:54:00,37.018783642
2020-02-14 09:55:00,37.018783642
2020-02-14 09:56:00,37.067919272
2020-02-14 09:57:00,37.156363406
2020-02-14 09:58:00,37.09740065
2020-02-14 09:59:00,37.067919272
2020-02-14 10:00:00,37.09740065
2020-02-14 10:01:00,37.176017658
2020-02-14 10:02:00,37.166190532
2020-02-14 10:03:00,37.156363406
2020-02-14 10:04:00,37.17395396154
2020-02-14 10:05:00,37.171104095
2020-02-14 10:06:00,37.171104095
2020-02-14 10:07:00,37.151449843
2020-02-14 10:08:00,37.185844784
2020-02-14 10:09:00,37.185844784
2020-02-14 10:10:00,37.239893977
2020-02-14 10:11:00,37.215326162
2020-02-14 10:12:00,37.205499036
2020-02-14 10:13:00,37.215326162
2020-02-14 10:14:00,37.176017658
2020-02-14 10:15:00,37.19262550094
2020-02-14 10:16:00,37.200585473
2020-02-14 10:17:00,37.171104095
2020-02-14 10:18:00,37.14643800874
2020-02-14 10:19:00,37.171104095
2020-02-14 10:20:00,37.24480754
2020-02-14 10:21:00,37.274288918
2020-02-14 10:22:00,37.30416338104
2020-02-14 10:23:00,37.29394317
2020-02-14 10:24:00,37.32224529288
2020-02-14 10:25:00,37.3022962271
2020-02-14 10:26:00,37.289029607
2020-02-14 10:27:00,37.274288918
2020-02-14 10:28:00,37.274288918
2020-02-14 10:29:00,37.20540076474
2020-02-14 10:30:00,37.176017658
2020-02-14 10:31:00,37.185844784
2020-02-14 10:32:00,37.225153288
2020-02-14 10:33:00,37.239893977
2020-02-14 10:34:00,37.249721103
2020-02-14 10:35:00,37.29394317
2020-02-14 10:36:00,37.274288918
2020-02-14 10:37:00,37.298856733
2020-02-14 10:38:00,37.303770296
2020-02-14 10:39:00,37.259548229
2020-02-14 10:40:00,37.249721103
2020-02-14 10:41:00,37.254634666
2020-02-14 10:42:00,37.205499036
2020-02-14 10:43:00,37.185844784
2020-02-14 10:44:00,37.17591938674
2020-02-14 10:45:00,37.220239725
2020-02-14 10:46:00,37.24480754
2020-02-14 10:47:00,37.269375355
2020-02-14 10:48:00,37.274288918
2020-02-14 10:49:00,37.29404144126
2020-02-14 10:50:00,37.254634666
2020-02-14 10:51:00,37.25473293726
2020-02-14 10:52:00,37.269375355
2020-02-14 10:53:00,37.289029607
2020-02-14 10:54:00,37.2787111247
2020-02-14 10:55:00,37.24480754
2020-02-14 10:56:00,37.313597422
2020-02-14 10:57:00,37.323424548
2020-02-14 10:58:00,37.3347257429
2020-02-14 10:59:00,37.367646615
2020-02-14 11:00:00,37.39221443
2020-02-14 11:01:00,37.3430788
2020-02-14 11:02:00,37.347992363
2020-02-14 11:03:00,37.352905926
2020-02-14 11:04:00,37.362733052
2020-02-14 11:05:00,37.367646615
2020-02-14 11:06:00,37.372560178
2020-02-14 11:07:00,37.362733052
2020-02-14 11:08:00,37.333251674
2020-02-14 11:09:00,37.3430788
2020-02-14 11:10:00,37.357819489
2020-02-14 11:11:00,37.161276969
2020-02-14 11:12:00,37.254634666
2020-02-14 11:13:00,37.274288918
2020-02-14 11:14:00,37.29394317
2020-02-14 11:15:00,37.333251674
2020-02-14 11:16:00,37.333251674
2020-02-14 11:17:00,37.352905926
2020-02-14 11:18:00,37.318510985
2020-02-14 11:19:00,37.3430788
2020-02-14 11:20:00,37.3735428906
2020-02-14 11:21:00,37.39221443
2020-02-14 11:22:00,37.421695808
2020-02-14 11:23:00,37.446263623
2020-02-14 11:24:00,37.41894421272
2020-02-14 11:25:00,37.461004312
2020-02-14 11:26:00,37.475745001
2020-02-14 11:27:00,37.465917875
2020-02-14 11:28:00,37.461004312
2020-02-14 11:29:00,37.431522934
2020-02-14 11:30:00,37.4634610935
2020-02-14 11:31:00,37.451177186
2020-02-14 11:32:00,37.451177186
2020-02-14 11:33:00,37.461004312
2020-02-14 11:34:00,37.461004312
2020-02-14 11:35:00,37.470831438
2020-02-14 11:36:00,37.49048569
2020-02-14 11:37:00,37.485572127
2020-02-14 11:38:00,37.515053505
2020-02-14 11:39:00,37.53962132
2020-02-14 11:40:00,37.554362009
2020-02-14 11:41:00,37.49048569
2020-02-14 11:42:00,37.485572127
2020-02-14 11:43:00,37.44135006
2020-02-14 11:44:00,37.436436497
2020-02-14 11:45:00,37.44135006
2020-02-14 11:46:00,37.382387304
2020-02-14 11:47:00,37.411868682
2020-02-14 11:48:00,37.44135006
2020-02-14 11:49:00,37.39221443
2020-02-14 11:50:00,37.40420352372
2020-02-14 11:51:00,37.411868682
2020-02-14 11:52:00,37.456090749
2020-02-14 11:53:00,37.44135006
2020-02-14 11:54:00,37.451177186
2020-02-14 11:55:00,37.48056029274
2020-02-14 11:56:00,37.475745001
2020-02-14 11:57:00,37.461004312
2020-02-14 11:58:00,37.451177186
2020-02-14 11:59:00,37.49048569
2020-02-14 12:00:00,37.475745001
2020-02-14 12:01:00,37.480658564
2020-02-14 12:02:00,37.510139942
2020-02-14 12:03:00,37.495399253
2020-02-14 12:04:00,37.505226379
2020-02-14 12:05:00,37.50797797428
2020-02-14 12:06:00,37.524880631
2020-02-14 12:07:00,37.519967068
2020-02-14 12:08:00,37.465917875
2020-02-14 12:09:00,37.461004312
2020-02-14 12:10:00,37.480658564
2020-02-14 12:11:00,37.456090749
2020-02-14 12:12:00,37.461004312
2020-02-14 12:13:00,37.44135006
2020-02-14 12:14:00,37.446263623
2020-02-14 12:15:00,37.436436497
2020-02-14 12:16:00,37.411868682
2020-02-14 12:17:00,37.39221443
2020-02-14 12:18:00,37.362733052
2020-02-14 12:19:00,37.36283132326
2020-02-14 12:20:00,37.3430788
2020-02-14 12:21:00,37.352905926
2020-02-14 12:22:00,37.313597422
2020-02-14 12:23:00,37.29394317
2020-02-14 12:24:00,37.323424548
2020-02-14 12:25:00,37.34298052874
2020-02-14 12:26:00,37.3430788
2020-02-14 12:27:00,37.372560178
2020-02-14 12:28:00,37.387300867
2020-02-14 12:29:00,37.372560178
2020-02-14 12:30:00,37.406955119
2020-02-14 12:31:00,37.36656563114
2020-02-14 12:32:00,37.3686293276
2020-02-14 12:33:00,37.382387304
2020-02-14 12:34:00,37.402041556
2020-02-14 12:35:00,37.402041556
2020-02-14 12:36:00,37.406955119
2020-02-14 12:37:00,37.411868682
2020-02-14 12:38:00,37.436436497
2020-02-14 12:39:00,37.362733052
2020-02-14 12:40:00,37.41216349578
2020-02-14 12:41:00,37.362733052
2020-02-14 12:42:00,37.362733052
2020-02-14 12:43:00,37.372560178
2020-02-14 12:44:00,37.38228903274
2020-02-14 12:45:00,37.35890047286
2020-02-14 12:46:00,37.382387304
2020-02-14 12:47:00,37.3863181544
2020-02-14 12:48:00,37.362733052
2020-02-14 12:49:00,37.3430788
2020-02-14 12:50:00,37.36872759886
2020-02-14 12:51:00,37.352905926
2020-02-14 12:52:00,37.372560178
2020-02-14 12:53:00,37.362733052
2020-02-14 12:54:00,37.352905926
2020-02-14 12:55:00,37.372560178
2020-02-14 12:56:00,37.39221443
2020-02-14 12:57:00,37.37865299612
2020-02-14 12:58:00,37.377473741
2020-02-14 12:59:00,37.387300867
2020-02-14 13:00:00,37.40125538592
2020-02-14 13:01:00,37.397127993
2020-02-14 13:02:00,37.397127993
2020-02-14 13:03:00,37.39221443
2020-02-14 13:04:00,37.402041556
2020-02-14 13:05:00,37.416782245
2020-02-14 13:06:00,37.431522934
2020-02-14 13:07:00,37.39221443
2020-02-14 13:08:00,37.39221443
2020-02-14 13:09:00,37.362733052
2020-02-14 13:10:00,37.29394317
2020-02-14 13:11:00,37.303770296
2020-02-14 13:12:00,37.328338111
2020-02-14 13:13:00,37.333251674
2020-02-14 13:14:00,37.323424548
2020-02-14 13:15:00,37.372560178
2020-02-14 13:16:00,37.3430788
2020-02-14 13:17:00,37.313597422
2020-02-14 13:18:00,37.313597422
2020-02-14 13:19:00,37.313597422
2020-02-14 13:20:00,37.29394317
2020-02-14 13:21:00,37.303770296
2020-02-14 13:22:00,37.308683859
2020-02-14 13:23:00,37.313597422
2020-02-14 13:24:00,37.313597422
2020-02-14 13:25:00,37.333251674
2020-02-14 13:26:00,37.32568478698
2020-02-14 13:27:00,37.32136085154
2020-02-14 13:28:00,37.303770296
2020-02-14 13:29:00,37.29895500426
2020-02-14 13:30:00,37.308683859
2020-02-14 13:31:00,37.303770296
2020-02-14 13:32:00,37.29394317
2020-02-14 13:33:00,37.29394317
2020-02-14 13:34:00,37.313597422
2020-02-14 13:35:00,37.3430788
2020-02-14 13:36:00,37.3430788
2020-02-14 13:37:00,37.3460269378
2020-02-14 13:38:00,37.362733052
2020-02-14 13:39:00,37.35447826616
2020-02-14 13:40:00,37.313597422
2020-02-14 13:41:00,37.31349915074
2020-02-14 13:42:00,37.318510985
2020-02-14 13:43:00,37.303770296
2020-02-14 13:44:00,37.313597422
2020-02-14 13:45:00,37.333251674
2020-02-14 13:46:00,37.313597422
2020-02-14 13:47:00,37.303770296
2020-02-14 13:48:00,37.313597422
2020-02-14 13:49:00,37.303770296
2020-02-14 13:50:00,37.289029607
2020-02-14 13:51:00,37.284116044
2020-02-14 13:52:00,37.303770296
2020-02-14 13:53:00,37.313597422
2020-02-14 13:54:00,37.303770296
2020-02-14 13:55:00,37.29394317
2020-02-14 13:56:00,37.313597422
2020-02-14 13:57:00,37.333251674
2020-02-14 13:58:00,37.308683859
2020-02-14 13:59:00,37.323424548
2020-02-14 14:00:00,37.352905926
2020-02-14 14:01:00,37.362733052
2020-02-14 14:02:00,37.37472214572
2020-02-14 14:03:00,37.39211615874
2020-02-14 14:04:00,37.411868682
2020-02-14 14:05:00,37.41894421272
2020-02-14 14:06:00,37.402041556
2020-02-14 14:07:00,37.406955119
2020-02-14 14:08:00,37.39221443
2020-02-14 14:09:00,37.411868682
2020-02-14 14:10:00,37.411868682
2020-02-14 14:11:00,37.421695808
2020-02-14 14:12:00,37.44135006
2020-02-14 14:13:00,37.402041556
2020-02-14 14:14:00,37.406955119
2020-02-14 14:15:00,37.352905926
2020-02-14 14:16:00,37.352905926
2020-02-14 14:17:00,37.34091683228
2020-02-14 14:18:00,37.39221443
2020-02-14 14:19:00,37.36656563114
2020-02-14 14:20:00,37.382387304
2020-02-14 14:21:00,37.387300867
2020-02-14 14:22:00,37.402041556
2020-02-14 14:23:00,37.406955119
2020-02-14 14:24:00,37.421695808
2020-02-14 14:25:00,37.431522934
2020-02-14 14:26:00,37.42385777572
2020-02-14 14:27:00,37.431522934
2020-02-14 14:28:00,37.431522934
2020-02-14 14:29:00,37.39221443
2020-02-14 14:30:00,37.39221443
2020-02-14 14:31:00,37.38818530834
2020-02-14 14:32:00,37.421695808
2020-02-14 14:33:00,37.382387304
2020-02-14 14:34:00,37.426609371
2020-02-14 14:35:00,37.426609371
2020-02-14 14:36:00,37.4388932785
2020-02-14 14:37:00,37.451177186
2020-02-14 14:38:00,37.456090749
2020-02-14 14:39:00,37.470831438
2020-02-14 14:40:00,37.456090749
2020-02-14 14:41:00,37.461004312
2020-02-14 14:42:00,37.480658564
2020-02-14 14:43:00,37.470831438
2020-02-14 14:44:00,37.470831438
2020-02-14 14:45:00,37.480658564
2020-02-14 14:46:00,37.451177186
2020-02-14 14:47:00,37.436436497
2020-02-14 14:48:00,37.451177186
2020-02-14 14:49:00,37.46316627972
2020-02-14 14:50:00,37.44135006
2020-02-14 14:51:00,37.451177186
2020-02-14 14:52:00,37.461004312
2020-02-14 14:53:00,37.465917875
2020-02-14 14:54:00,37.456090749
2020-02-14 14:55:00,37.500312816
2020-02-14 14:56:00,37.47938103762
2020-02-14 14:57:00,37.49225457268
2020-02-14 14:58:00,37.495399253
2020-02-14 14:59:00,37.500312816
2020-02-14 15:00:00,37.480658564
2020-02-14 15:01:00,37.461004312
2020-02-14 15:02:00,37.44518263914
2020-02-14 15:03:00,37.461004312
2020-02-14 15:04:00,37.461004312
2020-02-14 15:05:00,37.456090749
2020-02-14 15:06:00,37.500312816
2020-02-14 15:07:00,37.5081745168
2020-02-14 15:08:00,37.510139942
2020-02-14 15:09:00,37.49048569
2020-02-14 15:10:00,37.48370497306
2020-02-14 15:11:00,37.519967068
2020-02-14 15:12:00,37.500312816
2020-02-14 15:13:00,37.451177186
2020-02-14 15:14:00,37.465917875
2020-02-14 15:15:00,37.461004312
2020-02-14 15:16:00,37.4433154852
2020-02-14 15:17:00,37.406955119
2020-02-14 15:18:00,37.402041556
2020-02-14 15:19:00,37.402041556
2020-02-14 15:20:00,37.426609371
2020-02-14 15:21:00,37.416782245
2020-02-14 15:22:00,37.421695808
2020-02-14 15:23:00,37.4605129557
2020-02-14 15:24:00,37.500312816
2020-02-14 15:25:00,37.505226379
2020-02-14 15:26:00,37.505226379
2020-02-14 15:27:00,37.49844566206
2020-02-14 15:28:00,37.49048569
2020-02-14 15:29:00,37.485572127
2020-02-14 15:30:00,37.49048569
2020-02-14 15:31:00,37.485572127
2020-02-14 15:32:00,37.50247478372
2020-02-14 15:33:00,37.480658564
2020-02-14 15:34:00,37.500312816
2020-02-14 15:35:00,37.515053505
2020-02-14 15:36:00,37.515053505
2020-02-14 15:37:00,37.524880631
2020-02-14 15:38:00,37.485572127
2020-02-14 15:39:00,37.485572127
2020-02-14 15:40:00,37.475745001
2020-02-14 15:41:00,37.446263623
2020-02-14 15:42:00,37.44960484584
2020-02-14 15:43:00,37.446263623
2020-02-14 15:44:00,37.461004312
2020-02-14 15:45:00,37.461004312
2020-02-14 15:46:00,37.436436497
2020-02-14 15:47:00,37.4423327726
2020-02-14 15:48:00,37.44135006
2020-02-14 15:49:00,37.431522934
2020-02-14 15:50:00,37.421695808
2020-02-14 15:51:00,37.397127993
2020-02-14 15:52:00,37.402041556
2020-02-14 15:53:00,37.377473741
2020-02-14 15:54:00,37.39221443
2020-02-14 15:55:00,37.39221443
2020-02-14 15:56:00,37.3936884989
2020-02-14 15:57:00,37.461004312
2020-02-14 15:58:00,37.49048569
2020-02-14 15:59:00,37.49697159316
2020-02-14 16:00:00,37.480658564
2020-02-18 09:31:00,37.726336714
2020-02-18 09:32:00,37.942533486
2020-02-18 09:33:00,37.903224982
2020-02-18 09:34:00,37.93270636
2020-02-18 09:35:00,37.804953722
2020-02-18 09:36:00,37.765645218
2020-02-18 09:37:00,37.63789258
2020-02-18 09:38:00,37.696855336
2020-02-18 09:39:00,37.677201084
2020-02-18 09:40:00,37.5848260996
2020-02-18 09:41:00,37.691941773
2020-02-18 09:42:00,37.706682462
2020-02-18 09:43:00,37.76200918138
2020-02-18 09:44:00,37.672287521
2020-02-18 09:45:00,37.647719706
2020-02-18 09:46:00,37.628065454
2020-02-18 09:47:00,37.593670513
2020-02-18 09:48:00,37.628065454
2020-02-18 09:49:00,37.608411202
2020-02-18 09:50:00,37.598584076
2020-02-18 09:51:00,37.618238328
2020-02-18 09:52:00,37.603497639
2020-02-18 09:53:00,37.554362009
2020-02-18 09:54:00,37.58875695
2020-02-18 09:55:00,37.618238328
2020-02-18 09:56:00,37.613324765
2020-02-18 09:57:00,37.559275572
2020-02-18 09:58:00,37.58875695
2020-02-18 09:59:00,37.544534883
2020-02-18 10:00:00,37.519967068
2020-02-18 10:01:00,37.519967068
2020-02-18 10:02:00,37.519967068
2020-02-18 10:03:00,37.500312816
2020-02-18 10:04:00,37.495399253
2020-02-18 10:05:00,37.519967068
2020-02-18 10:06:00,37.49048569
2020-02-18 10:07:00,37.524880631
2020-02-18 10:08:00,37.515053505
2020-02-18 10:09:00,37.461004312
2020-02-18 10:10:00,37.426609371
2020-02-18 10:11:00,37.421695808
2020-02-18 10:12:00,37.456090749
2020-02-18 10:13:00,37.475745001
2020-02-18 10:14:00,37.470831438
2020-02-18 10:15:00,37.505226379
2020-02-18 10:16:00,37.50267132624
2020-02-18 10:17:00,37.42434913202
2020-02-18 10:18:00,37.431522934
2020-02-18 10:19:00,37.402041556
2020-02-18 10:20:00,37.4300488651
2020-02-18 10:21:00,37.446263623
2020-02-18 10:22:00,37.475745001
2020-02-18 10:23:00,37.475745001
2020-02-18 10:24:00,37.451177186
2020-02-18 10:25:00,37.49048569
2020-02-18 10:26:00,37.485572127
2020-02-18 10:27:00,37.49048569
2020-02-18 10:28:00,37.515053505
2020-02-18 10:29:00,37.524880631
2020-02-18 10:30:00,37.411868682
2020-02-18 10:31:00,37.49048569
2020-02-18 10:32:00,37.510139942
2020-02-18 10:33:00,37.475745001
2020-02-18 10:34:00,37.49048569
2020-02-18 10:35:00,37.524880631
2020-02-18 10:36:00,37.50660217664
2020-02-18 10:37:00,37.485572127
2020-02-18 10:38:00,37.549448446
2020-02-18 10:39:00,37.554362009
2020-02-18 10:40:00,37.58875695
2020-02-18 10:41:00,37.559275572
2020-02-18 10:42:00,37.549448446
2020-02-18 10:43:00,37.549448446
2020-02-18 10:44:00,37.53962132
2020-02-18 10:45:00,37.52969592274
2020-02-18 10:46:00,37.52969592274
2020-02-18 10:47:00,37.53677145346
2020-02-18 10:48:00,37.549448446
2020-02-18 10:49:00,37.583843387
2020-02-18 10:50:00,37.549448446
2020-02-18 10:51:00,37.519967068
2020-02-18 10:52:00,37.529794194
2020-02-18 10:53:00,37.549448446
2020-02-18 10:54:00,37.53962132
2020-02-18 10:55:00,37.50041108726
2020-02-18 10:56:00,37.510139942
2020-02-18 10:57:00,37.510139942
2020-02-18 10:58:00,37.500312816
2020-02-18 10:59:00,37.49048569
2020-02-18 11:00:00,37.505226379
2020-02-18 11:01:00,37.49048569
2020-02-18 11:02:00,37.49048569
2020-02-18 11:03:00,37.475745001
2020-02-18 11:04:00,37.475745001
2020-02-18 11:05:00,37.480658564
2020-02-18 11:06:00,37.480658564
2020-02-18 11:07:00,37.48056029274
2020-02-18 11:08:00,37.411868682
2020-02-18 11:09:00,37.411868682
2020-02-18 11:10:00,37.446263623
2020-02-18 11:11:00,37.446263623
2020-02-18 11:12:00,37.456090749
2020-02-18 11:13:00,37.451177186
2020-02-18 11:14:00,37.44135006
2020-02-18 11:15:00,37.431522934
2020-02-18 11:16:00,37.431522934
2020-02-18 11:17:00,37.456090749
2020-02-18 11:18:00,37.505226379
2020-02-18 11:19:00,37.49048569
2020-02-18 11:20:00,37.46749021516
2020-02-18 11:21:00,37.500312816
2020-02-18 11:22:00,37.49530098174
2020-02-18 11:23:00,37.470831438
2020-02-18 11:24:00,37.48282053172
2020-02-18 11:25:00,37.475745001
2020-02-18 11:26:00,37.456090749
2020-02-18 11:27:00,37.44135006
2020-02-18 11:28:00,37.44135006
2020-02-18 11:29:00,37.480658564
2020-02-18 11:30:00,37.53962132
2020-02-18 11:31:00,37.5705767669
2020-02-18 11:32:00,37.569102698
2020-02-18 11:33:00,37.549448446
2020-02-18 11:34:00,37.529794194
2020-02-18 11:35:00,37.549448446
2020-02-18 11:36:00,37.549448446
2020-02-18 11:37:00,37.564189135
2020-02-18 11:38:00,37.554362009
2020-02-18 11:39:00,37.529794194
2020-02-18 11:40:00,37.500312816
2020-02-18 11:41:00,37.49048569
2020-02-18 11:42:00,37.505226379
2020-02-18 11:43:00,37.534707757
2020-02-18 11:44:00,37.529794194
2020-02-18 11:45:00,37.529794194
2020-02-18 11:46:00,37.549448446
2020-02-18 11:47:00,37.578929824
2020-02-18 11:48:00,37.53962132
2020-02-18 11:49:00,37.53962132
2020-02-18 11:50:00,37.529794194
2020-02-18 11:51:00,37.53962132
2020-02-18 11:52:00,37.53962132
2020-02-18 11:53:00,37.53962132
2020-02-18 11:54:00,37.544534883
2020-02-18 11:55:00,37.53962132
2020-02-18 11:56:00,37.53962132
2020-02-18 11:57:00,37.559275572
2020-02-18 11:58:00,37.549448446
2020-02-18 11:59:00,37.519967068
2020-02-18 12:00:00,37.534707757
2020-02-18 12:01:00,37.53962132
2020-02-18 12:02:00,37.549448446
2020-02-18 12:03:00,37.569102698
2020-02-18 12:04:00,37.574016261
2020-02-18 12:05:00,37.5519052275
2020-02-18 12:06:00,37.569102698
2020-02-18 12:07:00,37.569102698
2020-02-18 12:08:00,37.578929824
2020-02-18 12:09:00,37.549448446
2020-02-18 12:10:00,37.57902809526
2020-02-18 12:11:00,37.578929824
2020-02-18 12:12:00,37.618238328
2020-02-18 12:13:00,37.58109179172
2020-02-18 12:14:00,37.58374511574
2020-02-18 12:15:00,37.578929824
2020-02-18 12:16:00,37.569102698
2020-02-18 12:17:00,37.569102698
2020-02-18 12:18:00,37.569102698
2020-02-18 12:19:00,37.583843387
2020-02-18 12:20:00,37.59848580474
2020-02-18 12:21:00,37.578929824
2020-02-18 12:22:00,37.598584076
2020-02-18 12:23:00,37.603497639
2020-02-18 12:24:00,37.56694073028
2020-02-18 12:25:00,37.58875695
2020-02-18 12:26:00,37.593670513
2020-02-18 12:27:00,37.618238328
2020-02-18 12:28:00,37.628065454
2020-02-18 12:29:00,37.63789258
2020-02-18 12:30:00,37.623151891
2020-02-18 12:31:00,37.63789258
2020-02-18 12:32:00,37.63789258
2020-02-18 12:33:00,37.618238328
2020-02-18 12:34:00,37.6108679835
2020-02-18 12:35:00,37.608411202
2020-02-18 12:36:00,37.608411202
2020-02-18 12:37:00,37.628065454
2020-02-18 12:38:00,37.628065454
2020-02-18 12:39:00,37.6206951095
2020-02-18 12:40:00,37.642806143
2020-02-18 12:41:00,37.672287521
2020-02-18 12:42:00,37.696855336
2020-02-18 12:43:00,37.6634431076
2020-02-18 12:44:00,37.667373958
2020-02-18 12:45:00,37.6698307395
2020-02-18 12:46:00,37.691941773
2020-02-18 12:47:00,37.68702821
2020-02-18 12:48:00,37.6796578655
2020-02-18 12:49:00,37.696855336
2020-02-18 12:50:00,37.68702821
2020-02-18 12:51:00,37.657546832
2020-02-18 12:52:00,37.667373958
2020-02-18 12:53:00,37.677201084
2020-02-18 12:54:00,37.677201084
2020-02-18 12:55:00,37.677201084
2020-02-18 12:56:00,37.68702821
2020-02-18 12:57:00,37.6796578655
2020-02-18 12:58:00,37.696855336
2020-02-18 12:59:00,37.667373958
2020-02-18 13:00:00,37.6698307395
2020-02-18 13:01:00,37.6698307395
2020-02-18 13:02:00,37.68702821
2020-02-18 13:03:00,37.701768899
2020-02-18 13:04:00,37.706682462
2020-02-18 13:05:00,37.721423151
2020-02-18 13:06:00,37.6939071982
2020-02-18 13:07:00,37.6894849915
2020-02-18 13:08:00,37.696855336
2020-02-18 13:09:00,37.677201084
2020-02-18 13:10:00,37.657546832
2020-02-18 13:11:00,37.66521199028
2020-02-18 13:12:00,37.657546832
2020-02-18 13:13:00,37.672287521
2020-02-18 13:14:00,37.706682462
2020-02-18 13:15:00,37.68702821
2020-02-18 13:16:00,37.6894849915
2020-02-18 13:17:00,37.691941773
2020-02-18 13:18:00,37.691941773
2020-02-18 13:19:00,37.701768899
2020-02-18 13:20:00,37.68702821
2020-02-18 13:21:00,37.691941773
2020-02-18 13:22:00,37.691941773
2020-02-18 13:23:00,37.72476437384
2020-02-18 13:24:00,37.745990966
2020-02-18 13:25:00,37.726336714
2020-02-18 13:26:00,37.745990966
2020-02-18 13:27:00,37.745990966
2020-02-18 13:28:00,37.74481171088
2020-02-18 13:29:00,37.73616384
2020-02-18 13:30:00,37.73616384
2020-02-18 13:31:00,37.74235492938
2020-02-18 13:32:00,37.755818092
2020-02-18 13:33:00,37.765645218
2020-02-18 13:34:00,37.780385907
2020-02-18 13:35:00,37.726336714
2020-02-18 13:36:00,37.741077403
2020-02-18 13:37:00,37.745990966
2020-02-18 13:38:00,37.73616384
2020-02-18 13:39:00,37.745990966
2020-02-18 13:40:00,37.755818092
2020-02-18 13:41:00,37.755818092
2020-02-18 13:42:00,37.716509588
2020-02-18 13:43:00,37.68702821
2020-02-18 13:44:00,37.677201084
2020-02-18 13:45:00,37.68702821
2020-02-18 13:46:00,37.68702821
2020-02-18 13:47:00,37.68702821
2020-02-18 13:48:00,37.677201084
2020-02-18 13:49:00,37.696855336
2020-02-18 13:50:00,37.672287521
2020-02-18 13:51:00,37.677201084
2020-02-18 13:52:00,37.64988167372
2020-02-18 13:53:00,37.628065454
2020-02-18 13:54:00,37.608411202
2020-02-18 13:55:00,37.608411202
2020-02-18 13:56:00,37.60359591026
2020-02-18 13:57:00,37.574016261
2020-02-18 13:58:00,37.529794194
2020-02-18 13:59:00,37.510139942
2020-02-18 14:00:00,37.495399253
2020-02-18 14:01:00,37.480658564
2020-02-18 14:02:00,37.49048569
2020-02-18 14:03:00,37.49048569
2020-02-18 14:04:00,37.510139942
2020-02-18 14:05:00,37.529794194
2020-02-18 14:06:00,37.56674418776
2020-02-18 14:07:00,37.544534883
2020-02-18 14:08:00,37.559275572
2020-02-18 14:09:00,37.569102698
2020-02-18 14:10:00,37.554362009
2020-02-18 14:11:00,37.559275572
2020-02-18 14:12:00,37.564189135
2020-02-18 14:13:00,37.564189135
2020-02-18 14:14:00,37.524880631
2020-02-18 14:15:00,37.544534883
2020-02-18 14:16:00,37.554362009
2020-02-18 14:17:00,37.578929824
2020-02-18 14:18:00,37.598584076
2020-02-18 14:19:00,37.608411202
2020-02-18 14:20:00,37.623151891
2020-02-18 14:21:00,37.598584076
2020-02-18 14:22:00,37.598584076
2020-02-18 14:23:00,37.58875695
2020-02-18 14:24:00,37.569102698
2020-02-18 14:25:00,37.549448446
2020-02-18 14:26:00,37.569102698
2020-02-18 14:27:00,37.53962132
2020-02-18 14:28:00,37.524880631
2020-02-18 14:29:00,37.534707757
2020-02-18 14:30:00,37.544534883
2020-02-18 14:31:00,37.544534883
2020-02-18 14:32:00,37.544534883
2020-02-18 14:33:00,37.549448446
2020-02-18 14:34:00,37.529794194
2020-02-18 14:35:00,37.534707757
2020-02-18 14:36:00,37.495399253
2020-02-18 14:37:00,37.4929424715
2020-02-18 14:38:00,37.515053505
2020-02-18 14:39:00,37.495399253
2020-02-18 14:40:00,37.5037523101
2020-02-18 14:41:00,37.510139942
2020-02-18 14:42:00,37.510139942
2020-02-18 14:43:00,37.515053505
2020-02-18 14:44:00,37.510139942
2020-02-18 14:45:00,37.515053505
2020-02-18 14:46:00,37.510139942
2020-02-18 14:47:00,37.515053505
2020-02-18 14:48:00,37.519967068
2020-02-18 14:49:00,37.500312816
2020-02-18 14:50:00,37.510139942
2020-02-18 14:51:00,37.510139942
2020-02-18 14:52:00,37.515053505
2020-02-18 14:53:00,37.510139942
2020-02-18 14:54:00,37.475745001
2020-02-18 14:55:00,37.470831438
2020-02-18 14:56:00,37.456090749
2020-02-18 14:57:00,37.456090749
2020-02-18 14:58:00,37.49048569
2020-02-18 14:59:00,37.461004312
2020-02-18 15:00:00,37.436436497
2020-02-18 15:01:00,37.465917875
2020-02-18 15:02:00,37.465917875
2020-02-18 15:03:00,37.475745001
2020-02-18 15:04:00,37.480658564
2020-02-18 15:05:00,37.505226379
2020-02-18 15:06:00,37.49048569
2020-02-18 15:07:00,37.495399253
2020-02-18 15:08:00,37.495399253
2020-02-18 15:09:00,37.46257665216
2020-02-18 15:10:00,37.456090749
2020-02-18 15:11:00,37.461004312
2020-02-18 15:12:00,37.461004312
2020-02-18 15:13:00,37.461004312
2020-02-18 15:14:00,37.461004312
2020-02-18 15:15:00,37.44135006
2020-02-18 15:16:00,37.426609371
2020-02-18 15:17:00,37.411868682
2020-02-18 15:18:00,37.402041556
2020-02-18 15:19:00,37.40440006624
2020-02-18 15:20:00,37.4192390265
2020-02-18 15:21:00,37.416782245
2020-02-18 15:22:00,37.39221443
2020-02-18 15:23:00,37.39221443
2020-02-18 15:24:00,37.382387304
2020-02-18 15:25:00,37.387300867
2020-02-18 15:26:00,37.367646615
2020-02-18 15:27:00,37.352905926
2020-02-18 15:28:00,37.347992363
2020-02-18 15:29:00,37.32352281926
2020-02-18 15:30:00,37.338165237
2020-02-18 15:31:00,37.313597422
2020-02-18 15:32:00,37.313597422
2020-02-18 15:33:00,37.274288918
2020-02-18 15:34:00,37.279202481
2020-02-18 15:35:00,37.269375355
2020-02-18 15:36:00,37.269375355
2020-02-18 15:37:00,37.254634666
2020-02-18 15:38:00,37.284116044
2020-02-18 15:39:00,37.284116044
2020-02-18 15:40:00,37.254634666
2020-02-18 15:41:00,37.259548229
2020-02-18 15:42:00,37.25453639474
2020-02-18 15:43:00,37.259548229
2020-02-18 15:44:00,37.259548229
2020-02-18 15:45:00,37.298856733
2020-02-18 15:46:00,37.264461792
2020-02-18 15:47:00,37.254634666
2020-02-18 15:48:00,37.225153288
2020-02-18 15:49:00,37.234980414
2020-02-18 15:50:00,37.185844784
2020-02-18 15:51:00,37.19567191
2020-02-18 15:52:00,37.166190532
2020-02-18 15:53:00,37.171104095
2020-02-18 15:54:00,37.234980414
2020-02-18 15:55:00,37.220239725
2020-02-18 15:56:00,37.239893977
2020-02-18 15:57:00,37.239893977
2020-02-18 15:58:00,37.25453639474
2020-02-18 15:59:00,37.19567191
2020-02-18 16:00:00,37.215326162
2020-02-19 09:31:00,37.372560178
2020-02-19 09:32:00,37.32499688816
2020-02-19 09:33:00,37.205499036
2020-02-19 09:34:00,37.09740065
2020-02-19 09:35:00,37.09740065
2020-02-19 09:36:00,37.023697205
2020-02-19 09:37:00,36.989302264
2020-02-19 09:38:00,36.959820886
2020-02-19 09:39:00,36.974561575
2020-02-19 09:40:00,37.028610768
2020-02-19 09:41:00,37.082659961
2020-02-19 09:42:00,37.107227776
2020-02-19 09:43:00,37.121968465
2020-02-19 09:44:00,37.077746398
2020-02-19 09:45:00,37.067919272
2020-02-19 09:46:00,37.018783642
2020-02-19 09:47:00,37.087573524
2020-02-19 09:48:00,37.033524331
2020-02-19 09:49:00,37.058092146
2020-02-19 09:50:00,37.008956516
2020-02-19 09:51:00,37.004042953
2020-02-19 09:52:00,37.013870079
2020-02-19 09:53:00,37.038437894
2020-02-19 09:54:00,37.053178583
2020-02-19 09:55:00,37.028610768
2020-02-19 09:56:00,37.043351457
2020-02-19 09:57:00,37.04826502
2020-02-19 09:58:00,37.038437894
2020-02-19 09:59:00,36.989302264
2020-02-19 10:00:00,36.989302264
2020-02-19 10:01:00,37.008956516
2020-02-19 10:02:00,36.979475138
2020-02-19 10:03:00,37.013870079
2020-02-19 10:04:00,37.00119308646
2020-02-19 10:05:00,36.99912939
2020-02-19 10:06:00,36.959820886
2020-02-19 10:07:00,36.979475138
2020-02-19 10:08:00,36.94999376
2020-02-19 10:09:00,36.99912939
2020-02-19 10:10:00,37.018783642
2020-02-19 10:11:00,37.00532047938
2020-02-19 10:12:00,37.004042953
2020-02-19 10:13:00,37.018783642
2020-02-19 10:14:00,36.964734449
2020-02-19 10:15:00,36.984388701
2020-02-19 10:16:00,37.028610768
2020-02-19 10:17:00,37.058092146
2020-02-19 10:18:00,37.067919272
2020-02-19 10:19:00,37.053178583
2020-02-19 10:20:00,37.072832835
2020-02-19 10:21:00,37.058092146
2020-02-19 10:22:00,37.077746398
2020-02-19 10:23:00,37.077746398
2020-02-19 10:24:00,37.0860994551
2020-02-19 10:25:00,37.077746398
2020-02-19 10:26:00,37.038437894
2020-02-19 10:27:00,37.04826502
2020-02-19 10:28:00,37.038437894
2020-02-19 10:29:00,37.038437894
2020-02-19 10:30:00,37.038437894
2020-02-19 10:31:00,37.028610768
2020-02-19 10:32:00,37.028610768
2020-02-19 10:33:00,37.028610768
2020-02-19 10:34:00,37.018783642
2020-02-19 10:35:00,36.989302264
2020-02-19 10:36:00,36.99912939
2020-02-19 10:37:00,36.979475138
2020-02-19 10:38:00,36.99912939
2020-02-19 10:39:00,37.004042953
2020-02-19 10:40:00,36.979475138
2020-02-19 10:41:00,36.99912939
2020-02-19 10:42:00,36.989302264
2020-02-19 10:43:00,37.008956516
2020-02-19 10:44:00,36.98261981832
2020-02-19 10:45:00,36.979475138
2020-02-19 10:46:00,36.979475138
2020-02-19 10:47:00,36.974561575
2020-02-19 10:48:00,36.9716134372
2020-02-19 10:49:00,36.974561575
2020-02-19 10:50:00,36.9716134372
2020-02-19 10:51:00,36.979475138
2020-02-19 10:52:00,36.959820886
2020-02-19 10:53:00,36.964734449
2020-02-19 10:54:00,36.954907323
2020-02-19 10:55:00,36.881203878
2020-02-19 10:56:00,36.895944567
2020-02-19 10:57:00,36.92748964146
2020-02-19 10:58:00,36.90360972528
2020-02-19 10:59:00,36.90085813
2020-02-19 11:00:00,36.9018408426
2020-02-19 11:01:00,36.945080197
2020-02-19 11:02:00,36.935253071
2020-02-19 11:03:00,36.959820886
2020-02-19 11:04:00,36.99912939
2020-02-19 11:05:00,36.989302264
2020-02-19 11:06:00,36.994215827
2020-02-19 11:07:00,36.994215827
2020-02-19 11:08:00,36.974561575
2020-02-19 11:09:00,36.964734449
2020-02-19 11:10:00,36.94999376
2020-02-19 11:11:00,36.94999376
2020-02-19 11:12:00,36.954907323
2020-02-19 11:13:00,36.945080197
2020-02-19 11:14:00,36.930339508
2020-02-19 11:15:00,36.930339508
2020-02-19 11:16:00,36.94999376
2020-02-19 11:17:00,36.940166634
2020-02-19 11:18:00,36.964734449
2020-02-19 11:19:00,36.954907323
2020-02-19 11:20:00,36.964734449
2020-02-19 11:21:00,36.969648012
2020-02-19 11:22:00,36.96954974074
2020-02-19 11:23:00,36.94999376
2020-02-19 11:24:00,36.945080197
2020-02-19 11:25:00,36.940166634
2020-02-19 11:26:00,36.940166634
2020-02-19 11:27:00,36.94232860172
2020-02-19 11:28:00,36.954907323
2020-02-19 11:29:00,36.954907323
2020-02-19 11:30:00,36.979475138
2020-02-19 11:31:00,36.964734449
2020-02-19 11:32:00,36.945080197
2020-02-19 11:33:00,36.94783179228
2020-02-19 11:34:00,36.945080197
2020-02-19 11:35:00,36.94999376
2020-02-19 11:36:00,36.940166634
2020-02-19 11:37:00,36.945080197
2020-02-19 11:38:00,36.945080197
2020-02-19 11:39:00,36.964734449
2020-02-19 11:40:00,36.979475138
2020-02-19 11:41:00,36.994215827
2020-02-19 11:42:00,36.989302264
2020-02-19 11:43:00,36.984388701
2020-02-19 11:44:00,36.984388701
2020-02-19 11:45:00,36.979475138
2020-02-19 11:46:00,36.984388701
2020-02-19 11:47:00,36.984388701
2020-02-19 11:48:00,36.994215827
2020-02-19 11:49:00,36.989302264
2020-02-19 11:50:00,36.989302264
2020-02-19 11:51:00,36.979475138
2020-02-19 11:52:00,36.959820886
2020-02-19 11:53:00,36.959820886
2020-02-19 11:54:00,36.989302264
2020-02-19 11:55:00,36.989302264
2020-02-19 11:56:00,36.984388701
2020-02-19 11:57:00,36.99912939
2020-02-19 11:58:00,37.028610768
2020-02-19 11:59:00,37.033524331
2020-02-19 12:00:00,37.028610768
2020-02-19 12:01:00,37.023697205
2020-02-19 12:02:00,37.028610768
2020-02-19 12:03:00,37.038437894
2020-02-19 12:04:00,37.04826502
2020-02-19 12:05:00,37.038437894
2020-02-19 12:06:00,37.0458082385
2020-02-19 12:07:00,37.058092146
2020-02-19 12:08:00,37.067919272
2020-02-19 12:09:00,37.067919272
2020-02-19 12:10:00,37.053178583
2020-02-19 12:11:00,37.067919272
2020-02-19 12:12:00,37.07126049484
2020-02-19 12:13:00,37.102314213
2020-02-19 12:14:00,37.102314213
2020-02-19 12:15:00,37.077746398
2020-02-19 12:16:00,37.09740065
2020-02-19 12:17:00,37.09740065
2020-02-19 12:18:00,37.102314213
2020-02-19 12:19:00,37.09740065
2020-02-19 12:20:00,37.117054902
2020-02-19 12:21:00,37.112141339
2020-02-19 12:22:00,37.107227776
2020-02-19 12:23:00,37.112141339
2020-02-19 12:24:00,37.102314213
2020-02-19 12:25:00,37.102314213
2020-02-19 12:26:00,37.112141339
2020-02-19 12:27:00,37.112141339
2020-02-19 12:28:00,37.10801394608
2020-02-19 12:29:00,37.102314213
2020-02-19 12:30:00,37.107227776
2020-02-19 12:31:00,37.07784466926
2020-02-19 12:32:00,37.082659961
2020-02-19 12:33:00,37.09740065
2020-02-19 12:34:00,37.087573524
2020-02-19 12:35:00,37.09740065
2020-02-19 12:36:00,37.087573524
2020-02-19 12:37:00,37.087573524
2020-02-19 12:38:00,37.126882028
2020-02-19 12:39:00,37.11833242838
2020-02-19 12:40:00,37.117054902
2020-02-19 12:41:00,37.117054902
2020-02-19 12:42:00,37.107227776
2020-02-19 12:43:00,37.082659961
2020-02-19 12:44:00,37.087573524
2020-02-19 12:45:00,37.087573524
2020-02-19 12:46:00,37.077746398
2020-02-19 12:47:00,37.092487087
2020-02-19 12:48:00,37.087573524
2020-02-19 12:49:00,37.077746398
2020-02-19 12:50:00,37.082659961
2020-02-19 12:51:00,37.082659961
2020-02-19 12:52:00,37.077746398
2020-02-19 12:53:00,37.087573524
2020-02-19 12:54:00,37.077746398
2020-02-19 12:55:00,37.077746398
2020-02-19 12:56:00,37.082659961
2020-02-19 12:57:00,37.087573524
2020-02-19 12:58:00,37.082659961
2020-02-19 12:59:00,37.08285650352
2020-02-19 13:00:00,37.0625143527
2020-02-19 13:01:00,37.067919272
2020-02-19 13:02:00,37.082659961
2020-02-19 13:03:00,37.0797118232
2020-02-19 13:04:00,37.077746398
2020-02-19 13:05:00,37.087573524
2020-02-19 13:06:00,37.07990836572
2020-02-19 13:07:00,37.087573524
2020-02-19 13:08:00,37.0806945358
2020-02-19 13:09:00,37.087573524
2020-02-19 13:10:00,37.087573524
2020-02-19 13:11:00,37.092487087
2020-02-19 13:12:00,37.09740065
2020-02-19 13:13:00,37.112141339
2020-02-19 13:14:00,37.112141339
2020-02-19 13:15:00,37.117054902
2020-02-19 13:16:00,37.107227776
2020-02-19 13:17:00,37.102314213
2020-02-19 13:18:00,37.092487087
2020-02-19 13:19:00,37.0949438685
2020-02-19 13:20:00,37.09740065
2020-02-19 13:21:00,37.087573524
2020-02-19 13:22:00,37.077746398
2020-02-19 13:23:00,37.067919272
2020-02-19 13:24:00,37.067919272
2020-02-19 13:25:00,37.038437894
2020-02-19 13:26:00,37.033524331
2020-02-19 13:27:00,37.033524331
2020-02-19 13:28:00,37.028610768
2020-02-19 13:29:00,37.028610768
2020-02-19 13:30:00,37.072832835
2020-02-19 13:31:00,37.053178583
2020-02-19 13:32:00,37.04826502
2020-02-19 13:33:00,37.053178583
2020-02-19 13:34:00,37.038437894
2020-02-19 13:35:00,37.038437894
2020-02-19 13:36:00,37.043351457
2020-02-19 13:37:00,37.038437894
2020-02-19 13:38:00,37.0438428133
2020-02-19 13:39:00,37.0197663546
2020-02-19 13:40:00,37.028610768
2020-02-19 13:41:00,37.028610768
2020-02-19 13:42:00,37.028610768
2020-02-19 13:43:00,37.043351457
2020-02-19 13:44:00,37.043351457
2020-02-19 13:45:00,37.058092146
2020-02-19 13:46:00,37.058092146
2020-02-19 13:47:00,37.067919272
2020-02-19 13:48:00,37.067919272
2020-02-19 13:49:00,37.067919272
2020-02-19 13:50:00,37.058092146
2020-02-19 13:51:00,37.063005709
2020-02-19 13:52:00,37.058092146
2020-02-19 13:53:00,37.05475092316
2020-02-19 13:54:00,37.058092146
2020-02-19 13:55:00,37.043351457
2020-02-19 13:56:00,37.043351457
2020-02-19 13:57:00,37.053178583
2020-02-19 13:58:00,37.028610768
2020-02-19 13:59:00,37.028610768
2020-02-19 14:00:00,37.02703842784
2020-02-19 14:01:00,37.038437894
2020-02-19 14:02:00,37.028610768
2020-02-19 14:03:00,37.018783642
2020-02-19 14:04:00,37.013870079
2020-02-19 14:05:00,36.99912939
2020-02-19 14:06:00,36.994215827
2020-02-19 14:07:00,36.989302264
2020-02-19 14:08:00,36.99912939
2020-02-19 14:09:00,36.994215827
2020-02-19 14:10:00,36.994215827
2020-02-19 14:11:00,36.984388701
2020-02-19 14:12:00,36.97338231988
2020-02-19 14:13:00,36.959820886
2020-02-19 14:14:00,36.9426234155
2020-02-19 14:15:00,36.940166634
2020-02-19 14:16:00,36.945080197
2020-02-19 14:17:00,36.940166634
2020-02-19 14:18:00,36.940166634
2020-02-19 14:19:00,36.940166634
2020-02-19 14:20:00,36.94999376
2020-02-19 14:21:00,36.945080197
2020-02-19 14:22:00,36.94999376
2020-02-19 14:23:00,36.940166634
2020-02-19 14:24:00,36.94999376
2020-02-19 14:25:00,36.94999376
2020-02-19 14:26:00,36.984388701
2020-02-19 14:27:00,36.974561575
2020-02-19 14:28:00,37.008956516
2020-02-19 14:29:00,36.984388701
2020-02-19 14:30:00,37.008956516
2020-02-19 14:31:00,37.018783642
2020-02-19 14:32:00,37.013870079
2020-02-19 14:33:00,37.008956516
2020-02-19 14:34:00,37.063005709
2020-02-19 14:35:00,37.063005709
2020-02-19 14:36:00,37.087573524
2020-02-19 14:37:00,37.087573524
2020-02-19 14:38:00,37.072832835
2020-02-19 14:39:00,37.072832835
2020-02-19 14:40:00,37.053178583
2020-02-19 14:41:00,37.038437894
2020-02-19 14:42:00,37.043351457
2020-02-19 14:43:00,37.043351457
2020-02-19 14:44:00,37.04207393062
2020-02-19 14:45:00,37.0408946755
2020-02-19 14:46:00,37.033524331
2020-02-19 14:47:00,37.033524331
2020-02-19 14:48:00,37.023697205
2020-02-19 14:49:00,37.004042953
2020-02-19 14:50:00,37.00266715536
2020-02-19 14:51:00,37.01210119632
2020-02-19 14:52:00,37.018783642
2020-02-19 14:53:00,36.99922766126
2020-02-19 14:54:00,37.004042953
2020-02-19 14:55:00,37.008956516
2020-02-19 14:56:00,37.004042953
2020-02-19 14:57:00,37.018783642
2020-02-19 14:58:00,37.028610768
2020-02-19 14:59:00,36.994215827
2020-02-19 15:00:00,36.99912939
2020-02-19 15:01:00,37.013870079
2020-02-19 15:02:00,37.008956516
2020-02-19 15:03:00,37.008956516
2020-02-19 15:04:00,37.028610768
2020-02-19 15:05:00,37.028610768
2020-02-19 15:06:00,37.038437894
2020-02-19 15:07:00,37.043351457
2020-02-19 15:08:00,37.0472823074
2020-02-19 15:09:00,37.043351457
2020-02-19 15:10:00,37.04826502
2020-02-19 15:11:00,37.02035598216
2020-02-19 15:12:00,37.023697205
2020-02-19 15:13:00,37.004042953
2020-02-19 15:14:00,37.033524331
2020-02-19 15:15:00,37.004042953
2020-02-19 15:16:00,37.018783642
2020-02-19 15:17:00,37.023697205
2020-02-19 15:18:00,37.043351457
2020-02-19 15:19:00,37.043351457
2020-02-19 15:20:00,37.033524331
2020-02-19 15:21:00,37.033524331
2020-02-19 15:22:00,37.028610768
2020-02-19 15:23:00,37.023697205
2020-02-19 15:24:00,37.008956516
2020-02-19 15:25:00,37.01111848372
2020-02-19 15:26:00,37.03627592628
2020-02-19 15:27:00,37.038437894
2020-02-19 15:28:00,37.043351457
2020-02-19 15:29:00,37.038437894
2020-02-19 15:30:00,37.043351457
2020-02-19 15:31:00,37.038437894
2020-02-19 15:32:00,37.03362260226
2020-02-19 15:33:00,37.04610305228
2020-02-19 15:34:00,37.033524331
2020-02-19 15:35:00,37.018783642
2020-02-19 15:36:00,37.013870079
2020-02-19 15:37:00,36.99912939
2020-02-19 15:38:00,37.004042953
2020-02-19 15:39:00,37.023697205
2020-02-19 15:40:00,37.004042953
2020-02-19 15:41:00,37.004042953
2020-02-19 15:42:00,37.004042953
2020-02-19 15:43:00,36.99912939
2020-02-19 15:44:00,37.004042953
2020-02-19 15:45:00,36.99205385928
2020-02-19 15:46:00,36.99912939
2020-02-19 15:47:00,36.994215827
2020-02-19 15:48:00,36.989302264
2020-02-19 15:49:00,36.979475138
2020-02-19 15:50:00,36.974561575
2020-02-19 15:51:00,36.935253071
2020-02-19 15:52:00,36.954907323
2020-02-19 15:53:00,36.964734449
2020-02-19 15:54:00,36.979475138
2020-02-19 15:55:00,36.925425945
2020-02-19 15:56:00,36.920512382
2020-02-19 15:57:00,36.910685256
2020-02-19 15:58:00,36.925425945
2020-02-19 15:59:00,36.940166634
2020-02-19 16:00:00,36.881203878
2020-02-20 09:31:00,36.782932618
2020-02-20 09:32:00,36.881203878
2020-02-20 09:33:00,36.915598819
2020-02-20 09:34:00,36.822241122
2020-02-20 09:35:00,36.881203878
2020-02-20 09:36:00,36.773105492
2020-02-20 09:37:00,36.75345124
2020-02-20 09:38:00,36.782932618
2020-02-20 09:39:00,36.77398993334
2020-02-20 09:40:00,36.7622956534
2020-02-20 09:41:00,36.773105492
2020-02-20 09:42:00,36.778019055
2020-02-20 09:43:00,36.856636063
2020-02-20 09:44:00,36.8517225
2020-02-20 09:45:00,36.881203878
2020-02-20 09:46:00,36.8699026831
2020-02-20 09:47:00,36.910685256
2020-02-20 09:48:00,36.979475138
2020-02-20 09:49:00,36.969648012
2020-02-20 09:50:00,36.979475138
2020-02-20 09:51:00,37.008956516
2020-02-20 09:52:00,37.013870079
2020-02-20 09:53:00,37.03607938376
2020-02-20 09:54:00,37.058092146
2020-02-20 09:55:00,37.077746398
2020-02-20 09:56:00,37.087573524
2020-02-20 09:57:00,37.102314213
2020-02-20 09:58:00,37.077746398
2020-02-20 09:59:00,37.0379465377
2020-02-20 10:00:00,37.09740065
2020-02-20 10:01:00,37.09740065
2020-02-20 10:02:00,37.117054902
2020-02-20 10:03:00,37.156363406
2020-02-20 10:04:00,37.156363406
2020-02-20 10:05:00,37.038437894
2020-02-20 10:06:00,37.04826502
2020-02-20 10:07:00,36.98704202502
2020-02-20 10:08:00,37.067919272
2020-02-20 10:09:00,37.008956516
2020-02-20 10:10:00,37.028610768
2020-02-20 10:11:00,37.023697205
2020-02-20 10:12:00,36.979475138
2020-02-20 10:13:00,36.945080197
2020-02-20 10:14:00,36.940166634
2020-02-20 10:15:00,36.989302264
2020-02-20 10:16:00,36.989302264
2020-02-20 10:17:00,36.989302264
2020-02-20 10:18:00,36.989302264
2020-02-20 10:19:00,36.994215827
2020-02-20 10:20:00,36.940166634
2020-02-20 10:21:00,36.90085813
2020-02-20 10:22:00,36.905771693
2020-02-20 10:23:00,36.881203878
2020-02-20 10:24:00,36.90085813
2020-02-20 10:25:00,36.8517225
2020-02-20 10:26:00,36.89564975322
2020-02-20 10:27:00,36.89967887488
2020-02-20 10:28:00,36.925425945
2020-02-20 10:29:00,36.891031004
2020-02-20 10:30:00,36.90085813
2020-02-20 10:31:00,36.910685256
2020-02-20 10:32:00,36.90085813
2020-02-20 10:33:00,36.95510386552
2020-02-20 10:34:00,36.969648012
2020-02-20 10:35:00,37.0045343093
2020-02-20 10:36:00,37.067919272
2020-02-20 10:37:00,37.087573524
2020-02-20 10:38:00,37.038437894
2020-02-20 10:39:00,37.087573524
2020-02-20 10:40:00,37.117054902
2020-02-20 10:41:00,37.09740065
2020-02-20 10:42:00,37.04826502
2020-02-20 10:43:00,37.09740065
2020-02-20 10:44:00,37.087573524
2020-02-20 10:45:00,37.058092146
2020-02-20 10:46:00,37.028610768
2020-02-20 10:47:00,37.038437894
2020-02-20 10:48:00,37.053178583
2020-02-20 10:49:00,37.058092146
2020-02-20 10:50:00,37.028610768
2020-02-20 10:51:00,37.043351457
2020-02-20 10:52:00,37.04826502
2020-02-20 10:53:00,37.023697205
2020-02-20 10:54:00,37.018783642
2020-02-20 10:55:00,37.008956516
2020-02-20 10:56:00,37.038437894
2020-02-20 10:57:00,37.038437894
2020-02-20 10:58:00,37.028610768
2020-02-20 10:59:00,37.033524331
2020-02-20 11:00:00,37.028610768
2020-02-20 11:01:00,37.008956516
2020-02-20 11:02:00,36.989302264
2020-02-20 11:03:00,36.969648012
2020-02-20 11:04:00,36.959820886
2020-02-20 11:05:00,36.94596463834
2020-02-20 11:06:00,36.969648012
2020-02-20 11:07:00,36.994215827
2020-02-20 11:08:00,36.979475138
2020-02-20 11:09:00,37.004042953
2020-02-20 11:10:00,36.98448697226
2020-02-20 11:11:00,36.994215827
2020-02-20 11:12:00,36.974561575
2020-02-20 11:13:00,36.969648012
2020-02-20 11:14:00,37.008956516
2020-02-20 11:15:00,36.99912939
2020-02-20 11:16:00,36.964734449
2020-02-20 11:17:00,36.930339508
2020-02-20 11:18:00,36.964734449
2020-02-20 11:19:00,36.979475138
2020-02-20 11:20:00,36.974561575
2020-02-20 11:21:00,36.979475138
2020-02-20 11:22:00,36.99912939
2020-02-20 11:23:00,36.959820886
2020-02-20 11:24:00,36.94999376
2020-02-20 11:25:00,36.959820886
2020-02-20 11:26:00,36.891031004
2020-02-20 11:27:00,36.881203878
2020-02-20 11:28:00,36.895944567
2020-02-20 11:29:00,36.871376752
2020-02-20 11:30:00,36.827154685
2020-02-20 11:31:00,36.782932618
2020-02-20 11:32:00,36.714142736
2020-02-20 11:33:00,36.625698602
2020-02-20 11:34:00,36.625698602
2020-02-20 11:35:00,36.665007106
2020-02-20 11:36:00,36.650266417
2020-02-20 11:37:00,36.7234785057
2020-02-20 11:38:00,36.694488484
2020-02-20 11:39:00,36.709229173
2020-02-20 11:40:00,36.75345124
2020-02-20 11:41:00,36.733796988
2020-02-20 11:42:00,36.75718554788
2020-02-20 11:43:00,36.80258687
2020-02-20 11:44:00,36.778019055
2020-02-20 11:45:00,36.773105492
2020-02-20 11:46:00,36.763278366
2020-02-20 11:47:00,36.714142736
2020-02-20 11:48:00,36.733796988
2020-02-20 11:49:00,36.694488484
2020-02-20 11:50:00,36.665007106
2020-02-20 11:51:00,36.665007106
2020-02-20 11:52:00,36.709229173
2020-02-20 11:53:00,36.699402047
2020-02-20 11:54:00,36.728883425
2020-02-20 11:55:00,36.792759744
2020-02-20 11:56:00,36.763278366
2020-02-20 11:57:00,36.74745669314
2020-02-20 11:58:00,36.733796988
2020-02-20 11:59:00,36.709229173
2020-02-20 12:00:00,36.694488484
2020-02-20 12:01:00,36.684661358
2020-02-20 12:02:00,36.665007106
2020-02-20 12:03:00,36.635525728
2020-02-20 12:04:00,36.65517998
2020-02-20 12:05:00,36.635525728
2020-02-20 12:06:00,36.665007106
2020-02-20 12:07:00,36.65517998
2020-02-20 12:08:00,36.665007106
2020-02-20 12:09:00,36.665007106
2020-02-20 12:10:00,36.620785039
2020-02-20 12:11:00,36.684661358
2020-02-20 12:12:00,36.714142736
2020-02-20 12:13:00,36.748537677
2020-02-20 12:14:00,36.743624114
2020-02-20 12:15:00,36.738710551
2020-02-20 12:16:00,36.70431561
2020-02-20 12:17:00,36.714142736
2020-02-20 12:18:00,36.694488484
2020-02-20 12:19:00,36.70618276394
2020-02-20 12:20:00,36.70431561
2020-02-20 12:21:00,36.679747795
2020-02-20 12:22:00,36.684661358
2020-02-20 12:23:00,36.679747795
2020-02-20 12:24:00,36.669920669
2020-02-20 12:25:00,36.694488484
2020-02-20 12:26:00,36.723969862
2020-02-20 12:27:00,36.723969862
2020-02-20 12:28:00,36.723969862
2020-02-20 12:29:00,36.709229173
2020-02-20 12:30:00,36.709229173
2020-02-20 12:31:00,36.733796988
2020-02-20 12:32:00,36.70431561
2020-02-20 12:33:00,36.674834232
2020-02-20 12:34:00,36.719056299
2020-02-20 12:35:00,36.75345124
2020-02-20 12:36:00,36.763278366
2020-02-20 12:37:00,36.738710551
2020-02-20 12:38:00,36.743624114
2020-02-20 12:39:00,36.738710551
2020-02-20 12:40:00,36.75345124
2020-02-20 12:41:00,36.763278366
2020-02-20 12:42:00,36.733796988
2020-02-20 12:43:00,36.748537677
2020-02-20 12:44:00,36.728883425
2020-02-20 12:45:00,36.723969862
2020-02-20 12:46:00,36.714142736
2020-02-20 12:47:00,36.714142736
2020-02-20 12:48:00,36.743624114
2020-02-20 12:49:00,36.743624114
2020-02-20 12:50:00,36.694488484
2020-02-20 12:51:00,36.684661358
2020-02-20 12:52:00,36.684661358
2020-02-20 12:53:00,36.684661358
2020-02-20 12:54:00,36.714142736
2020-02-20 12:55:00,36.70431561
2020-02-20 12:56:00,36.75345124
2020-02-20 12:57:00,36.75345124
2020-02-20 12:58:00,36.768191929
2020-02-20 12:59:00,36.792759744
2020-02-20 13:00:00,36.80258687
2020-02-20 13:01:00,36.778019055
2020-02-20 13:02:00,36.778019055
2020-02-20 13:03:00,36.773105492
2020-02-20 13:04:00,36.75345124
2020-02-20 13:05:00,36.758364803
2020-02-20 13:06:00,36.773105492
2020-02-20 13:07:00,36.778019055
2020-02-20 13:08:00,36.822241122
2020-02-20 13:09:00,36.792759744
2020-02-20 13:10:00,36.807500433
2020-02-20 13:11:00,36.841895374
2020-02-20 13:12:00,36.85182077126
2020-02-20 13:13:00,36.8517225
2020-02-20 13:14:00,36.841895374
2020-02-20 13:15:00,36.861549626
2020-02-20 13:16:00,36.861549626
2020-02-20 13:17:00,36.8517225
2020-02-20 13:18:00,36.846808937
2020-02-20 13:19:00,36.832068248
2020-02-20 13:20:00,36.827154685
2020-02-20 13:21:00,36.822241122
2020-02-20 13:22:00,36.832068248
2020-02-20 13:23:00,36.822241122
2020-02-20 13:24:00,36.817327559
2020-02-20 13:25:00,36.807500433
2020-02-20 13:26:00,36.80258687
2020-02-20 13:27:00,36.817327559
2020-02-20 13:28:00,36.812413996
2020-02-20 13:29:00,36.812413996
2020-02-20 13:30:00,36.822241122
2020-02-20 13:31:00,36.822241122
2020-02-20 13:32:00,36.812413996
2020-02-20 13:33:00,36.812413996
2020-02-20 13:34:00,36.82214285074
2020-02-20 13:35:00,36.812413996
2020-02-20 13:36:00,36.80258687
2020-02-20 13:37:00,36.7819499054
2020-02-20 13:38:00,36.748537677
2020-02-20 13:39:00,36.773105492
2020-02-20 13:40:00,36.792759744
2020-02-20 13:41:00,36.812413996
2020-02-20 13:42:00,36.768191929
2020-02-20 13:43:00,36.763278366
2020-02-20 13:44:00,36.763278366
2020-02-20 13:45:00,36.773105492
2020-02-20 13:46:00,36.773105492
2020-02-20 13:47:00,36.763278366
2020-02-20 13:48:00,36.787846181
2020-02-20 13:49:00,36.797673307
2020-02-20 13:50:00,36.782932618
2020-02-20 13:51:00,36.782932618
2020-02-20 13:52:00,36.80258687
2020-02-20 13:53:00,36.812413996
2020-02-20 13:54:00,36.80258687
2020-02-20 13:55:00,36.797673307
2020-02-20 13:56:00,36.792759744
2020-02-20 13:57:00,36.768191929
2020-02-20 13:58:00,36.743624114
2020-02-20 13:59:00,36.748537677
2020-02-20 14:00:00,36.763278366
2020-02-20 14:01:00,36.733796988
2020-02-20 14:02:00,36.763278366
2020-02-20 14:03:00,36.763278366
2020-02-20 14:04:00,36.792759744
2020-02-20 14:05:00,36.80258687
2020-02-20 14:06:00,36.822241122
2020-02-20 14:07:00,36.812413996
2020-02-20 14:08:00,36.812413996
2020-02-20 14:09:00,36.79580615306
2020-02-20 14:10:00,36.792759744
2020-02-20 14:11:00,36.827154685
2020-02-20 14:12:00,36.841895374
2020-02-20 14:13:00,36.836981811
2020-02-20 14:14:00,36.836981811
2020-02-20 14:15:00,36.8699026831
2020-02-20 14:16:00,36.876290315
2020-02-20 14:17:00,36.8517225
2020-02-20 14:18:00,36.866463189
2020-02-20 14:19:00,36.861549626
2020-02-20 14:20:00,36.841895374
2020-02-20 14:21:00,36.836981811
2020-02-20 14:22:00,36.836981811
2020-02-20 14:23:00,36.832068248
2020-02-20 14:24:00,36.8517225
2020-02-20 14:25:00,36.8517225
2020-02-20 14:26:00,36.836981811
2020-02-20 14:27:00,36.832068248
2020-02-20 14:28:00,36.832068248
2020-02-20 14:29:00,36.822241122
2020-02-20 14:30:00,36.812413996
2020-02-20 14:31:00,36.822241122
2020-02-20 14:32:00,36.8517225
2020-02-20 14:33:00,36.871376752
2020-02-20 14:34:00,36.925425945
2020-02-20 14:35:00,36.930339508
2020-02-20 14:36:00,36.915598819
2020-02-20 14:37:00,36.910685256
2020-02-20 14:38:00,36.910685256
2020-02-20 14:39:00,36.910685256
2020-02-20 14:40:00,36.920512382
2020-02-20 14:41:00,36.90085813
2020-02-20 14:42:00,36.871376752
2020-02-20 14:43:00,36.876290315
2020-02-20 14:44:00,36.891031004
2020-02-20 14:45:00,36.905771693
2020-02-20 14:46:00,36.90085813
2020-02-20 14:47:00,36.861549626
2020-02-20 14:48:00,36.846808937
2020-02-20 14:49:00,36.856636063
2020-02-20 14:50:00,36.88130214926
2020-02-20 14:51:00,36.876290315
2020-02-20 14:52:00,36.871376752
2020-02-20 14:53:00,36.8517225
2020-02-20 14:54:00,36.846808937
2020-02-20 14:55:00,36.8517225
2020-02-20 14:56:00,36.846808937
2020-02-20 14:57:00,36.881203878
2020-02-20 14:58:00,36.891031004
2020-02-20 14:59:00,36.910685256
2020-02-20 15:00:00,36.90085813
2020-02-20 15:01:00,36.87707648508
2020-02-20 15:02:00,36.891031004
2020-02-20 15:03:00,36.876290315
2020-02-20 15:04:00,36.871376752
2020-02-20 15:05:00,36.871376752
2020-02-20 15:06:00,36.881203878
2020-02-20 15:07:00,36.881203878
2020-02-20 15:08:00,36.88631398352
2020-02-20 15:09:00,36.881203878
2020-02-20 15:10:00,36.871376752
2020-02-20 15:11:00,36.861549626
2020-02-20 15:12:00,36.817327559
2020-02-20 15:13:00,36.81457596372
2020-02-20 15:14:00,36.807500433
2020-02-20 15:15:00,36.817327559
2020-02-20 15:16:00,36.822241122
2020-02-20 15:17:00,36.8517225
2020-02-20 15:18:00,36.9101938997
2020-02-20 15:19:00,36.886117441
2020-02-20 15:20:00,36.886117441
2020-02-20 15:21:00,36.910685256
2020-02-20 15:22:00,36.910685256
2020-02-20 15:23:00,36.90085813
2020-02-20 15:24:00,36.8531965689
2020-02-20 15:25:00,36.895944567
2020-02-20 15:26:00,36.886117441
2020-02-20 15:27:00,36.886117441
2020-02-20 15:28:00,36.886117441
2020-02-20 15:29:00,36.886117441
2020-02-20 15:30:00,36.895944567
2020-02-20 15:31:00,36.920512382
2020-02-20 15:32:00,36.920512382
2020-02-20 15:33:00,36.915598819
2020-02-20 15:34:00,36.945080197
2020-02-20 15:35:00,36.954907323
2020-02-20 15:36:00,36.94999376
2020-02-20 15:37:00,36.910685256
2020-02-20 15:38:00,36.945080197
2020-02-20 15:39:00,36.945080197
2020-02-20 15:40:00,36.94999376
2020-02-20 15:41:00,36.964734449
2020-02-20 15:42:00,36.95186091394
2020-02-20 15:43:00,36.94999376
2020-02-20 15:44:00,36.984388701
2020-02-20 15:45:00,37.018783642
2020-02-20 15:46:00,36.969648012
2020-02-20 15:47:00,36.945080197
2020-02-20 15:48:00,36.930339508
2020-02-20 15:49:00,36.920512382
2020-02-20 15:50:00,36.910685256
2020-02-20 15:51:00,36.83639218344
2020-02-20 15:52:00,36.836981811
2020-02-20 15:53:00,36.832068248
2020-02-20 15:54:00,36.871376752
2020-02-20 15:55:00,36.969648012
2020-02-20 15:56:00,36.954907323
2020-02-20 15:57:00,36.984388701
2020-02-20 15:58:00,37.008956516
2020-02-20 15:59:00,37.028610768
2020-02-20 16:00:00,37.038437894
2020-02-21 09:31:00,36.989302264
2020-02-21 09:32:00,36.945080197
2020-02-21 09:33:00,36.90085813
2020-02-21 09:34:00,36.8517225
2020-02-21 09:35:00,36.812413996
2020-02-21 09:36:00,36.699402047
2020-02-21 09:37:00,36.80258687
2020-02-21 09:38:00,36.80130934362
2020-02-21 09:39:00,36.812413996
2020-02-21 09:40:00,36.763278366
2020-02-21 09:41:00,36.733796988
2020-02-21 09:42:00,36.669920669
2020-02-21 09:43:00,36.5279186983
2020-02-21 09:44:00,36.601130787
2020-02-21 09:45:00,36.615871476
2020-02-21 09:46:00,36.537254468
2020-02-21 09:47:00,36.5795111098
2020-02-21 09:48:00,36.532340905
2020-02-21 09:49:00,36.55690872
2020-02-21 09:50:00,36.547081594
2020-02-21 09:51:00,36.645352854
2020-02-21 09:52:00,36.65517998
2020-02-21 09:53:00,36.625698602
2020-02-21 09:54:00,36.689574921
2020-02-21 09:55:00,36.674834232
2020-02-21 09:56:00,36.684661358
2020-02-21 09:57:00,36.70431561
2020-02-21 09:58:00,36.714142736
2020-02-21 09:59:00,36.684661358
2020-02-21 10:00:00,36.65517998
2020-02-21 10:01:00,36.660093543
2020-02-21 10:02:00,36.615871476
2020-02-21 10:03:00,36.645352854
2020-02-21 10:04:00,36.625698602
2020-02-21 10:05:00,36.650266417
2020-02-21 10:06:00,36.640439291
2020-02-21 10:07:00,36.665007106
2020-02-21 10:08:00,36.679747795
2020-02-21 10:09:00,36.6758169446
2020-02-21 10:10:00,36.714142736
2020-02-21 10:11:00,36.665007106
2020-02-21 10:12:00,36.684661358
2020-02-21 10:13:00,36.645352854
2020-02-21 10:14:00,36.635525728
2020-02-21 10:15:00,36.645352854
2020-02-21 10:16:00,36.679747795
2020-02-21 10:17:00,36.665007106
2020-02-21 10:18:00,36.65517998
2020-02-21 10:19:00,36.694488484
2020-02-21 10:20:00,36.70431561
2020-02-21 10:21:00,36.70431561
2020-02-21 10:22:00,36.723969862
2020-02-21 10:23:00,36.714142736
2020-02-21 10:24:00,36.723969862
2020-02-21 10:25:00,36.77664325736
2020-02-21 10:26:00,36.78755136722
2020-02-21 10:27:00,36.782932618
2020-02-21 10:28:00,36.812413996
2020-02-21 10:29:00,36.792759744
2020-02-21 10:30:00,36.782932618
2020-02-21 10:31:00,36.758364803
2020-02-21 10:32:00,36.768191929
2020-02-21 10:33:00,36.728883425
2020-02-21 10:34:00,36.728883425
2020-02-21 10:35:00,36.71257039584
2020-02-21 10:36:00,36.699402047
2020-02-21 10:37:00,36.709229173
2020-02-21 10:38:00,36.70431561
2020-02-21 10:39:00,36.743624114
2020-02-21 10:40:00,36.723969862
2020-02-21 10:41:00,36.679747795
2020-02-21 10:42:00,36.665007106
2020-02-21 10:43:00,36.689574921
2020-02-21 10:44:00,36.660093543
2020-02-21 10:45:00,36.669920669
2020-02-21 10:46:00,36.674834232
2020-02-21 10:47:00,36.645352854
2020-02-21 10:48:00,36.60604435
2020-02-21 10:49:00,36.625698602
2020-02-21 10:50:00,36.610957913
2020-02-21 10:51:00,36.615871476
2020-02-21 10:52:00,36.64201163116
2020-02-21 10:53:00,36.733796988
2020-02-21 10:54:00,36.763278366
2020-02-21 10:55:00,36.763278366
2020-02-21 10:56:00,36.7647524349
2020-02-21 10:57:00,36.743624114
2020-02-21 10:58:00,36.75345124
2020-02-21 10:59:00,36.75345124
2020-02-21 11:00:00,36.763278366
2020-02-21 11:01:00,36.719056299
2020-02-21 11:02:00,36.763278366
2020-02-21 11:03:00,36.758364803
2020-02-21 11:04:00,36.782932618
2020-02-21 11:05:00,36.78263780422
2020-02-21 11:06:00,36.782932618
2020-02-21 11:07:00,36.832068248
2020-02-21 11:08:00,36.817327559
2020-02-21 11:09:00,36.80258687
2020-02-21 11:10:00,36.797673307
2020-02-21 11:11:00,36.778019055
2020-02-21 11:12:00,36.763278366
2020-02-21 11:13:00,36.782932618
2020-02-21 11:14:00,36.782932618
2020-02-21 11:15:00,36.817327559
2020-02-21 11:16:00,36.812413996
2020-02-21 11:17:00,36.78656865462
2020-02-21 11:18:00,36.782932618
2020-02-21 11:19:00,36.782932618
2020-02-21 11:20:00,36.8011128011
2020-02-21 11:21:00,36.778019055
2020-02-21 11:22:00,36.827154685
2020-02-21 11:23:00,36.832068248
2020-02-21 11:24:00,36.846808937
2020-02-21 11:25:00,36.856636063
2020-02-21 11:26:00,36.827154685
2020-02-21 11:27:00,36.861549626
2020-02-21 11:28:00,36.85584989292
2020-02-21 11:29:00,36.861549626
2020-02-21 11:30:00,36.856636063
2020-02-21 11:31:00,36.856636063
2020-02-21 11:32:00,36.881203878
2020-02-21 11:33:00,36.881203878
2020-02-21 11:34:00,36.866463189
2020-02-21 11:35:00,36.856636063
2020-02-21 11:36:00,36.832068248
2020-02-21 11:37:00,36.841895374
2020-02-21 11:38:00,36.797673307
2020-02-21 11:39:00,36.80248859874
2020-02-21 11:40:00,36.832068248
2020-02-21 11:41:00,36.807500433
2020-02-21 11:42:00,36.822241122
2020-02-21 11:43:00,36.832068248
2020-02-21 11:44:00,36.83639218344
2020-02-21 11:45:00,36.846808937
2020-02-21 11:46:00,36.85388446772
2020-02-21 11:47:00,36.822241122
2020-02-21 11:48:00,36.782932618
2020-02-21 11:49:00,36.782932618
2020-02-21 11:50:00,36.80258687
2020-02-21 11:51:00,36.827154685
2020-02-21 11:52:00,36.80258687
2020-02-21 11:53:00,36.812413996
2020-02-21 11:54:00,36.817327559
2020-02-21 11:55:00,36.841895374
2020-02-21 11:56:00,36.861549626
2020-02-21 11:57:00,36.8517225
2020-02-21 11:58:00,36.856636063
2020-02-21 11:59:00,36.83973340628
2020-02-21 12:00:00,36.836981811
2020-02-21 12:01:00,36.846808937
2020-02-21 12:02:00,36.8281373976
2020-02-21 12:03:00,36.827154685
2020-02-21 12:04:00,36.841895374
2020-02-21 12:05:00,36.846808937
2020-02-21 12:06:00,36.886117441
2020-02-21 12:07:00,36.861549626
2020-02-21 12:08:00,36.856636063
2020-02-21 12:09:00,36.861549626
2020-02-21 12:10:00,36.876290315
2020-02-21 12:11:00,36.886117441
2020-02-21 12:12:00,36.88110560674
2020-02-21 12:13:00,36.895944567
2020-02-21 12:14:00,36.905771693
2020-02-21 12:15:00,36.920512382
2020-02-21 12:16:00,36.92876716784
2020-02-21 12:17:00,36.905771693
2020-02-21 12:18:00,36.915598819
2020-02-21 12:19:00,36.930339508
2020-02-21 12:20:00,36.920512382
2020-02-21 12:21:00,36.94999376
2020-02-21 12:22:00,36.969648012
2020-02-21 12:23:00,36.94999376
2020-02-21 12:24:00,36.920512382
2020-02-21 12:25:00,36.930339508
2020-02-21 12:26:00,36.920512382
2020-02-21 12:27:00,36.935253071
2020-02-21 12:28:00,36.930339508
2020-02-21 12:29:00,36.945080197
2020-02-21 12:30:00,36.96198285372
2020-02-21 12:31:00,36.974561575
2020-02-21 12:32:00,36.979475138
2020-02-21 12:33:00,36.925425945
2020-02-21 12:34:00,36.910685256
2020-02-21 12:35:00,36.90085813
2020-02-21 12:36:00,36.910685256
2020-02-21 12:37:00,36.925425945
2020-02-21 12:38:00,36.940166634
2020-02-21 12:39:00,36.925425945
2020-02-21 12:40:00,36.969648012
2020-02-21 12:41:00,36.959820886
2020-02-21 12:42:00,36.940166634
2020-02-21 12:43:00,36.935253071
2020-02-21 12:44:00,36.905771693
2020-02-21 12:45:00,36.910685256
2020-02-21 12:46:00,36.920512382
2020-02-21 12:47:00,36.905771693
2020-02-21 12:48:00,36.905771693
2020-02-21 12:49:00,36.905771693
2020-02-21 12:50:00,36.891031004
2020-02-21 12:51:00,36.891031004
2020-02-21 12:52:00,36.881203878
2020-02-21 12:53:00,36.881203878
2020-02-21 12:54:00,36.895944567
2020-02-21 12:55:00,36.866463189
2020-02-21 12:56:00,36.876290315
2020-02-21 12:57:00,36.886117441
2020-02-21 12:58:00,37.49923183214
2020-02-21 12:59:00,37.8344351
2020-02-21 13:00:00,37.996582679
2020-02-21 13:01:00,38.08011325
2020-02-21 13:02:00,37.775472344
2020-02-21 13:03:00,37.88357073
2020-02-21 13:04:00,38.0275381259
2020-02-21 13:05:00,38.188211636
2020-02-21 13:06:00,38.040804746
2020-02-21 13:07:00,38.006409805
2020-02-21 13:08:00,37.913052108
2020-02-21 13:09:00,37.8599856276
2020-02-21 13:10:00,37.829521537
2020-02-21 13:11:00,37.677201084
2020-02-21 13:12:00,37.8162549169
2020-02-21 13:13:00,37.795126596
2020-02-21 13:14:00,37.73616384
2020-02-21 13:15:00,37.809867285
2020-02-21 13:16:00,37.775472344
2020-02-21 13:17:00,37.8344351
2020-02-21 13:18:00,37.80652606216
2020-02-21 13:19:00,37.800040159
2020-02-21 13:20:00,37.79208018694
2020-02-21 13:21:00,37.765645218
2020-02-21 13:22:00,37.750904529
2020-02-21 13:23:00,37.76348325028
2020-02-21 13:24:00,37.696855336
2020-02-21 13:25:00,37.78529947
2020-02-21 13:26:00,37.790213033
2020-02-21 13:27:00,37.8005315153
2020-02-21 13:28:00,37.804953722
2020-02-21 13:29:00,37.800040159
2020-02-21 13:30:00,37.819694411
2020-02-21 13:31:00,37.829521537
2020-02-21 13:32:00,37.8344351
2020-02-21 13:33:00,37.8344351
2020-02-21 13:34:00,37.8344351
2020-02-21 13:35:00,37.74775984868
2020-02-21 13:36:00,37.775472344
2020-02-21 13:37:00,37.800040159
2020-02-21 13:38:00,37.804953722
2020-02-21 13:39:00,37.82863709566
2020-02-21 13:40:00,37.839348663
2020-02-21 13:41:00,37.86548881816
2020-02-21 13:42:00,37.844262226
2020-02-21 13:43:00,37.859002915
2020-02-21 13:44:00,37.863916478
2020-02-21 13:45:00,37.829521537
2020-02-21 13:46:00,37.8344351
2020-02-21 13:47:00,37.829521537
2020-02-21 13:48:00,37.854089352
2020-02-21 13:49:00,37.844262226
2020-02-21 13:50:00,37.829521537
2020-02-21 13:51:00,37.839348663
2020-02-21 13:52:00,37.829521537
2020-02-21 13:53:00,37.68702821
2020-02-21 13:54:00,37.608411202
2020-02-21 13:55:00,37.500312816
2020-02-21 13:56:00,37.53962132
2020-02-21 13:57:00,37.598584076
2020-02-21 13:58:00,37.598584076
2020-02-21 13:59:00,37.598584076
2020-02-21 14:00:00,37.578929824
2020-02-21 14:01:00,37.569102698
2020-02-21 14:02:00,37.618238328
2020-02-21 14:03:00,37.598584076
2020-02-21 14:04:00,37.598584076
2020-02-21 14:05:00,37.63455135716
2020-02-21 14:06:00,37.598584076
2020-02-21 14:07:00,37.569102698
2020-02-21 14:08:00,37.564189135
2020-02-21 14:09:00,37.559275572
2020-02-21 14:10:00,37.583843387
2020-02-21 14:11:00,37.578929824
2020-02-21 14:12:00,37.578929824
2020-02-21 14:13:00,37.603497639
2020-02-21 14:14:00,37.6093939146
2020-02-21 14:15:00,37.569102698
2020-02-21 14:16:00,37.569102698
2020-02-21 14:17:00,37.549448446
2020-02-21 14:18:00,37.510139942
2020-02-21 14:19:00,37.549448446
2020-02-21 14:20:00,37.554362009
2020-02-21 14:21:00,37.569102698
2020-02-21 14:22:00,37.578929824
2020-02-21 14:23:00,37.554362009
2020-02-21 14:24:00,37.549448446
2020-02-21 14:25:00,37.524880631
2020-02-21 14:26:00,37.544534883
2020-02-21 14:27:00,37.544534883
2020-02-21 14:28:00,37.578929824
2020-02-21 14:29:00,37.55082424364
2020-02-21 14:30:00,37.583843387
2020-02-21 14:31:00,37.58875695
2020-02-21 14:32:00,37.608411202
2020-02-21 14:33:00,37.58875695
2020-02-21 14:34:00,37.578929824
2020-02-21 14:35:00,37.578929824
2020-02-21 14:36:00,37.608411202
2020-02-21 14:37:00,37.657546832
2020-02-21 14:38:00,37.608411202
2020-02-21 14:39:00,37.628065454
2020-02-21 14:40:00,37.647719706
2020-02-21 14:41:00,37.672287521
2020-02-21 14:42:00,37.68702821
2020-02-21 14:43:00,37.667373958
2020-02-21 14:44:00,37.642806143
2020-02-21 14:45:00,37.652633269
2020-02-21 14:46:00,37.66069151232
2020-02-21 14:47:00,37.657546832
2020-02-21 14:48:00,37.662460395
2020-02-21 14:49:00,37.6747443025
2020-02-21 14:50:00,37.706682462
2020-02-21 14:51:00,37.745990966
2020-02-21 14:52:00,37.765645218
2020-02-21 14:53:00,37.750904529
2020-02-21 14:54:00,37.731250277
2020-02-21 14:55:00,37.726336714
2020-02-21 14:56:00,37.755818092
2020-02-21 14:57:00,37.73616384
2020-02-21 14:58:00,37.770558781
2020-02-21 14:59:00,37.745990966
2020-02-21 15:00:00,37.78529947
2020-02-21 15:01:00,37.73616384
2020-02-21 15:02:00,37.726336714
2020-02-21 15:03:00,37.716509588
2020-02-21 15:04:00,37.73616384
2020-02-21 15:05:00,37.73616384
2020-02-21 15:06:00,37.696855336
2020-02-21 15:07:00,37.667373958
2020-02-21 15:08:00,37.696855336
2020-02-21 15:09:00,37.677201084
2020-02-21 15:10:00,37.696855336
2020-02-21 15:11:00,37.711596025
2020-02-21 15:12:00,37.701768899
2020-02-21 15:13:00,37.706682462
2020-02-21 15:14:00,37.706682462
2020-02-21 15:15:00,37.691941773
2020-02-21 15:16:00,37.68702821
2020-02-21 15:17:00,37.603497639
2020-02-21 15:18:00,37.618238328
2020-02-21 15:19:00,37.603497639
2020-02-21 15:20:00,37.559275572
2020-02-21 15:21:00,37.578929824
2020-02-21 15:22:00,37.544534883
2020-02-21 15:23:00,37.569102698
2020-02-21 15:24:00,37.578929824
2020-02-21 15:25:00,37.574016261
2020-02-21 15:26:00,37.549448446
2020-02-21 15:27:00,37.529794194
2020-02-21 15:28:00,37.519967068
2020-02-21 15:29:00,37.529794194
2020-02-21 15:30:00,37.524880631
2020-02-21 15:31:00,37.53962132
2020-02-21 15:32:00,37.505226379
2020-02-21 15:33:00,37.461004312
2020-02-21 15:34:00,37.421695808
2020-02-21 15:35:00,37.421695808
2020-02-21 15:36:00,37.44135006
2020-02-21 15:37:00,37.451177186
2020-02-21 15:38:00,37.44135006
2020-02-21 15:39:00,37.421695808
2020-02-21 15:40:00,37.451177186
2020-02-21 15:41:00,37.461004312
2020-02-21 15:42:00,37.49048569
2020-02-21 15:43:00,37.44135006
2020-02-21 15:44:00,37.45107891474
2020-02-21 15:45:00,37.426609371
2020-02-21 15:46:00,37.470831438
2020-02-21 15:47:00,37.44135006
2020-02-21 15:48:00,37.46110258326
2020-02-21 15:49:00,37.44135006
2020-02-21 15:50:00,37.421695808
2020-02-21 15:51:00,37.456090749
2020-02-21 15:52:00,37.446263623
2020-02-21 15:53:00,37.480658564
2020-02-21 15:54:00,37.510139942
2020-02-21 15:55:00,37.480658564
2020-02-21 15:56:00,37.475745001
2020-02-21 15:57:00,37.470831438
2020-02-21 15:58:00,37.465917875
2020-02-21 15:59:00,37.554362009
2020-02-21 16:00:00,37.53962132
2020-02-24 09:31:00,37.067919272
2020-02-24 09:32:00,37.028610768
2020-02-24 09:33:00,37.126882028
2020-02-24 09:34:00,37.087573524
2020-02-24 09:35:00,36.959820886
2020-02-24 09:36:00,36.871376752
2020-02-24 09:37:00,36.90085813
2020-02-24 09:38:00,36.891031004
2020-02-24 09:39:00,36.871376752
2020-02-24 09:40:00,36.871376752
2020-02-24 09:41:00,36.782932618
2020-02-24 09:42:00,36.758364803
2020-02-24 09:43:00,36.763278366
2020-02-24 09:44:00,36.832068248
2020-02-24 09:45:00,36.8699026831
2020-02-24 09:46:00,36.871376752
2020-02-24 09:47:00,36.8517225
2020-02-24 09:48:00,36.90085813
2020-02-24 09:49:00,36.891031004
2020-02-24 09:50:00,36.915598819
2020-02-24 09:51:00,36.989302264
2020-02-24 09:52:00,36.979475138
2020-02-24 09:53:00,36.940166634
2020-02-24 09:54:00,36.959820886
2020-02-24 09:55:00,36.994215827
2020-02-24 09:56:00,36.99912939
2020-02-24 09:57:00,36.959820886
2020-02-24 09:58:00,37.008956516
2020-02-24 09:59:00,36.969648012
2020-02-24 10:00:00,36.989302264
2020-02-24 10:01:00,36.98163710572
2020-02-24 10:02:00,36.99912939
2020-02-24 10:03:00,36.969648012
2020-02-24 10:04:00,36.895944567
2020-02-24 10:05:00,36.910685256
2020-02-24 10:06:00,36.871376752
2020-02-24 10:07:00,36.841895374
2020-02-24 10:08:00,36.886117441
2020-02-24 10:09:00,36.881203878
2020-02-24 10:10:00,36.925425945
2020-02-24 10:11:00,36.94999376
2020-02-24 10:12:00,36.959820886
2020-02-24 10:13:00,36.9165815316
2020-02-24 10:14:00,36.95972261474
2020-02-24 10:15:00,36.930339508
2020-02-24 10:16:00,36.895944567
2020-02-24 10:17:00,36.871376752
2020-02-24 10:18:00,36.895944567
2020-02-24 10:19:00,36.891031004
2020-02-24 10:20:00,36.895944567
2020-02-24 10:21:00,36.910685256
2020-02-24 10:22:00,36.920512382
2020-02-24 10:23:00,36.891031004
2020-02-24 10:24:00,36.876290315
2020-02-24 10:25:00,36.871376752
2020-02-24 10:26:00,36.817327559
2020-02-24 10:27:00,36.782932618
2020-02-24 10:28:00,36.812413996
2020-02-24 10:29:00,36.782932618
2020-02-24 10:30:00,36.80258687
2020-02-24 10:31:00,36.782932618
2020-02-24 10:32:00,36.758364803
2020-02-24 10:33:00,36.75345124
2020-02-24 10:34:00,36.714142736
2020-02-24 10:35:00,36.733796988
2020-02-24 10:36:00,36.773105492
2020-02-24 10:37:00,36.758364803
2020-02-24 10:38:00,36.723969862
2020-02-24 10:39:00,36.689574921
2020-02-24 10:40:00,36.674834232
2020-02-24 10:41:00,36.645352854
2020-02-24 10:42:00,36.645352854
2020-02-24 10:43:00,36.625698602
2020-02-24 10:44:00,36.60604435
2020-02-24 10:45:00,36.615871476
2020-02-24 10:46:00,36.571649409
2020-02-24 10:47:00,36.576562972
2020-02-24 10:48:00,36.601130787
2020-02-24 10:49:00,36.660093543
2020-02-24 10:50:00,36.63709806816
2020-02-24 10:51:00,36.660093543
2020-02-24 10:52:00,36.674834232
2020-02-24 10:53:00,36.679747795
2020-02-24 10:54:00,36.679747795
2020-02-24 10:55:00,36.674834232
2020-02-24 10:56:00,36.640439291
2020-02-24 10:57:00,36.610957913
2020-02-24 10:58:00,36.65065950204
2020-02-24 10:59:00,36.586390098
2020-02-24 11:00:00,36.566735846
2020-02-24 11:01:00,36.547081594
2020-02-24 11:02:00,36.55268305582
2020-02-24 11:03:00,36.527427342
2020-02-24 11:04:00,36.478291712
2020-02-24 11:05:00,36.45863746
2020-02-24 11:06:00,36.45863746
2020-02-24 11:07:00,36.468464586
2020-02-24 11:08:00,36.50777309
2020-02-24 11:09:00,36.522513779
2020-02-24 11:10:00,36.473378149
2020-02-24 11:11:00,36.478291712
2020-02-24 11:12:00,36.50620074984
2020-02-24 11:13:00,36.50659383488
2020-02-24 11:14:00,36.50777309
2020-02-24 11:15:00,36.5161261471
2020-02-24 11:16:00,36.50777309
2020-02-24 11:17:00,36.547081594
2020-02-24 11:18:00,36.542168031
2020-02-24 11:19:00,36.547081594
2020-02-24 11:20:00,36.561822283
2020-02-24 11:21:00,36.576562972
2020-02-24 11:22:00,36.5652617771
2020-02-24 11:23:00,36.566735846
2020-02-24 11:24:00,36.547081594
2020-02-24 11:25:00,36.566735846
2020-02-24 11:26:00,36.537254468
2020-02-24 11:27:00,36.537254468
2020-02-24 11:28:00,36.502859527
2020-02-24 11:29:00,36.50777309
2020-02-24 11:30:00,36.522513779
2020-02-24 11:31:00,36.488118838
2020-02-24 11:32:00,36.497945964
2020-02-24 11:33:00,36.488118838
2020-02-24 11:34:00,36.497945964
2020-02-24 11:35:00,36.473378149
2020-02-24 11:36:00,36.45863746
2020-02-24 11:37:00,36.493032401
2020-02-24 11:38:00,36.512686653
2020-02-24 11:39:00,36.517600216
2020-02-24 11:40:00,36.473378149
2020-02-24 11:41:00,36.40950183
2020-02-24 11:42:00,36.404588267
2020-02-24 11:43:00,36.429156082
2020-02-24 11:44:00,36.429156082
2020-02-24 11:45:00,36.438983208
2020-02-24 11:46:00,36.419328956
2020-02-24 11:47:00,36.40950183
2020-02-24 11:48:00,36.380020452
2020-02-24 11:49:00,36.414415393
2020-02-24 11:50:00,36.438983208
2020-02-24 11:51:00,36.41775661584
2020-02-24 11:52:00,36.443896771
2020-02-24 11:53:00,36.45863746
2020-02-24 11:54:00,36.468464586
2020-02-24 11:55:00,36.448810334
2020-02-24 11:56:00,36.389847578
2020-02-24 11:57:00,36.443896771
2020-02-24 11:58:00,36.483205275
2020-02-24 11:59:00,36.463551023
2020-02-24 12:00:00,36.438983208
2020-02-24 12:01:00,36.40950183
2020-02-24 12:02:00,36.414415393
2020-02-24 12:03:00,36.404588267
2020-02-24 12:04:00,36.429156082
2020-02-24 12:05:00,36.414415393
2020-02-24 12:06:00,36.389847578
2020-02-24 12:07:00,36.389847578
2020-02-24 12:08:00,36.380020452
2020-02-24 12:09:00,36.375106889
2020-02-24 12:10:00,36.370193326
2020-02-24 12:11:00,36.3736328201
2020-02-24 12:12:00,36.394761141
2020-02-24 12:13:00,36.419328956
2020-02-24 12:14:00,36.394761141
2020-02-24 12:15:00,36.40950183
2020-02-24 12:16:00,36.384934015
2020-02-24 12:17:00,36.384934015
2020-02-24 12:18:00,36.40950183
2020-02-24 12:19:00,36.389847578
2020-02-24 12:20:00,36.429156082
2020-02-24 12:21:00,36.40950183
2020-02-24 12:22:00,36.40950183
2020-02-24 12:23:00,36.370193326
2020-02-24 12:24:00,36.370193326
2020-02-24 12:25:00,36.370193326
2020-02-24 12:26:00,36.389847578
2020-02-24 12:27:00,36.399674704
2020-02-24 12:28:00,36.424242519
2020-02-24 12:29:00,36.394761141
2020-02-24 12:30:00,36.380020452
2020-02-24 12:31:00,36.370193326
2020-02-24 12:32:00,36.380020452
2020-02-24 12:33:00,36.380020452
2020-02-24 12:34:00,36.340711948
2020-02-24 12:35:00,36.345625511
2020-02-24 12:36:00,36.389847578
2020-02-24 12:37:00,36.40950183
2020-02-24 12:38:00,36.45863746
2020-02-24 12:39:00,36.478291712
2020-02-24 12:40:00,36.497945964
2020-02-24 12:41:00,36.51750194474
2020-02-24 12:42:00,36.497945964
2020-02-24 12:43:00,36.537254468
2020-02-24 12:44:00,36.537254468
2020-02-24 12:45:00,36.537254468
2020-02-24 12:46:00,36.547081594
2020-02-24 12:47:00,36.551995157
2020-02-24 12:48:00,36.581476535
2020-02-24 12:49:00,36.60604435
2020-02-24 12:50:00,36.586390098
2020-02-24 12:51:00,36.561822283
2020-02-24 12:52:00,36.566735846
2020-02-24 12:53:00,36.566735846
2020-02-24 12:54:00,36.581476535
2020-02-24 12:55:00,36.566735846
2020-02-24 12:56:00,36.566735846
2020-02-24 12:57:00,36.547081594
2020-02-24 12:58:00,36.55376403968
2020-02-24 12:59:00,36.537254468
2020-02-24 13:00:00,36.576562972
2020-02-24 13:01:00,36.532340905
2020-02-24 13:02:00,36.566735846
2020-02-24 13:03:00,36.566735846
2020-02-24 13:04:00,36.566735846
2020-02-24 13:05:00,36.566735846
2020-02-24 13:06:00,36.60604435
2020-02-24 13:07:00,36.586390098
2020-02-24 13:08:00,36.576562972
2020-02-24 13:09:00,36.62068676774
2020-02-24 13:10:00,36.61262852442
2020-02-24 13:11:00,36.630612165
2020-02-24 13:12:00,36.591303661
2020-02-24 13:13:00,36.60604435
2020-02-24 13:14:00,36.615871476
2020-02-24 13:15:00,36.665007106
2020-02-24 13:16:00,36.669920669
2020-02-24 13:17:00,36.65517998
2020-02-24 13:18:00,36.645352854
2020-02-24 13:19:00,36.65517998
2020-02-24 13:20:00,36.684661358
2020-02-24 13:21:00,36.699402047
2020-02-24 13:22:00,36.660093543
2020-02-24 13:23:00,36.665007106
2020-02-24 13:24:00,36.65517998
2020-02-24 13:25:00,36.65517998
2020-02-24 13:26:00,36.674834232
2020-02-24 13:27:00,36.674834232
2020-02-24 13:28:00,36.709229173
2020-02-24 13:29:00,36.714142736
2020-02-24 13:30:00,36.763278366
2020-02-24 13:31:00,36.743624114
2020-02-24 13:32:00,36.743624114
2020-02-24 13:33:00,36.758364803
2020-02-24 13:34:00,36.763278366
2020-02-24 13:35:00,36.773105492
2020-02-24 13:36:00,36.77575881602
2020-02-24 13:37:00,36.782932618
2020-02-24 13:38:00,36.763278366
2020-02-24 13:39:00,36.743624114
2020-02-24 13:40:00,36.714142736
2020-02-24 13:41:00,36.714142736
2020-02-24 13:42:00,36.70431561
2020-02-24 13:43:00,36.694488484
2020-02-24 13:44:00,36.70431561
2020-02-24 13:45:00,36.70431561
2020-02-24 13:46:00,36.714142736
2020-02-24 13:47:00,36.723969862
2020-02-24 13:48:00,36.743624114
2020-02-24 13:49:00,36.723969862
2020-02-24 13:50:00,36.723969862
2020-02-24 13:51:00,36.689574921
2020-02-24 13:52:00,36.694488484
2020-02-24 13:53:00,36.674834232
2020-02-24 13:54:00,36.67994433752
2020-02-24 13:55:00,36.674834232
2020-02-24 13:56:00,36.665007106
2020-02-24 13:57:00,36.674834232
2020-02-24 13:58:00,36.679747795
2020-02-24 13:59:00,36.723969862
2020-02-24 14:00:00,36.714142736
2020-02-24 14:01:00,36.70431561
2020-02-24 14:02:00,36.684661358
2020-02-24 14:03:00,36.728883425
2020-02-24 14:04:00,36.723969862
2020-02-24 14:05:00,36.723969862
2020-02-24 14:06:00,36.714142736
2020-02-24 14:07:00,36.714142736
2020-02-24 14:08:00,36.679747795
2020-02-24 14:09:00,36.645352854
2020-02-24 14:10:00,36.669920669
2020-02-24 14:11:00,36.684661358
2020-02-24 14:12:00,36.70431561
2020-02-24 14:13:00,36.70431561
2020-02-24 14:14:00,36.699402047
2020-02-24 14:15:00,36.70431561
2020-02-24 14:16:00,36.714142736
2020-02-24 14:17:00,36.719056299
2020-02-24 14:18:00,36.694488484
2020-02-24 14:19:00,36.684661358
2020-02-24 14:20:00,36.699402047
2020-02-24 14:21:00,36.728883425
2020-02-24 14:22:00,36.782932618
2020-02-24 14:23:00,36.792759744
2020-02-24 14:24:00,36.74893076204
2020-02-24 14:25:00,36.81772064404
2020-02-24 14:26:00,36.822241122
2020-02-24 14:27:00,36.846808937
2020-02-24 14:28:00,36.871376752
2020-02-24 14:29:00,36.891031004
2020-02-24 14:30:00,36.881203878
2020-02-24 14:31:00,36.891031004
2020-02-24 14:32:00,36.915598819
2020-02-24 14:33:00,36.910685256
2020-02-24 14:34:00,36.9092111871
2020-02-24 14:35:00,36.8654804764
2020-02-24 14:36:00,36.8517225
2020-02-24 14:37:00,36.861549626
2020-02-24 14:38:00,36.88277621816
2020-02-24 14:39:00,36.905771693
2020-02-24 14:40:00,36.925425945
2020-02-24 14:41:00,36.954907323
2020-02-24 14:42:00,36.915598819
2020-02-24 14:43:00,36.930339508
2020-02-24 14:44:00,36.930339508
2020-02-24 14:45:00,36.935253071
2020-02-24 14:46:00,36.930339508
2020-02-24 14:47:00,36.959820886
2020-02-24 14:48:00,36.959820886
2020-02-24 14:49:00,36.94999376
2020-02-24 14:50:00,36.969648012
2020-02-24 14:51:00,36.969648012
2020-02-24 14:52:00,36.979475138
2020-02-24 14:53:00,36.94999376
2020-02-24 14:54:00,36.989302264
2020-02-24 14:55:00,36.99912939
2020-02-24 14:56:00,37.018783642
2020-02-24 14:57:00,37.038437894
2020-02-24 14:58:00,37.028610768
2020-02-24 14:59:00,37.0173095731
2020-02-24 15:00:00,37.013870079
2020-02-24 15:01:00,36.989302264
2020-02-24 15:02:00,36.989302264
2020-02-24 15:03:00,37.038437894
2020-02-24 15:04:00,37.018783642
2020-02-24 15:05:00,37.053178583
2020-02-24 15:06:00,37.067919272
2020-02-24 15:07:00,37.067919272
2020-02-24 15:08:00,37.04826502
2020-02-24 15:09:00,37.067919272
2020-02-24 15:10:00,37.04826502
2020-02-24 15:11:00,37.008956516
2020-02-24 15:12:00,37.018783642
2020-02-24 15:13:00,37.004042953
2020-02-24 15:14:00,36.99097287542
2020-02-24 15:15:00,36.99912939
2020-02-24 15:16:00,36.959820886
2020-02-24 15:17:00,36.969648012
2020-02-24 15:18:00,36.979475138
2020-02-24 15:19:00,36.9799664943
2020-02-24 15:20:00,37.008956516
2020-02-24 15:21:00,36.989302264
2020-02-24 15:22:00,36.994215827
2020-02-24 15:23:00,37.008956516
2020-02-24 15:24:00,37.028610768
2020-02-24 15:25:00,36.979475138
2020-02-24 15:26:00,36.974561575
2020-02-24 15:27:00,36.99696742228
2020-02-24 15:28:00,36.94999376
2020-02-24 15:29:00,36.989302264
2020-02-24 15:30:00,36.994215827
2020-02-24 15:31:00,36.945080197
2020-02-24 15:32:00,36.974561575
2020-02-24 15:33:00,36.99912939
2020-02-24 15:34:00,36.994215827
2020-02-24 15:35:00,36.959820886
2020-02-24 15:36:00,36.94999376
2020-02-24 15:37:00,36.90085813
2020-02-24 15:38:00,36.876290315
2020-02-24 15:39:00,36.881203878
2020-02-24 15:40:00,36.871376752
2020-02-24 15:41:00,36.8399299488
2020-02-24 15:42:00,36.856636063
2020-02-24 15:43:00,36.817327559
2020-02-24 15:44:00,36.80258687
2020-02-24 15:45:00,36.797673307
2020-02-24 15:46:00,36.8517225
2020-02-24 15:47:00,36.82381346216
2020-02-24 15:48:00,36.861549626
2020-02-24 15:49:00,36.871376752
2020-02-24 15:50:00,36.871376752
2020-02-24 15:51:00,36.807500433
2020-02-24 15:52:00,36.782932618
2020-02-24 15:53:00,36.822241122
2020-02-24 15:54:00,36.797673307
2020-02-24 15:55:00,36.70431561
2020-02-24 15:56:00,36.773105492
2020-02-24 15:57:00,36.75345124
2020-02-24 15:58:00,36.728883425
2020-02-24 15:59:00,36.645352854
2020-02-24 16:00:00,36.615871476
2020-02-25 09:31:00,36.841895374
2020-02-25 09:32:00,36.827154685
2020-02-25 09:33:00,36.684661358
2020-02-25 09:34:00,36.728883425
2020-02-25 09:35:00,36.70431561
2020-02-25 09:36:00,36.7745795609
2020-02-25 09:37:00,36.782932618
2020-02-25 09:38:00,36.881203878
2020-02-25 09:39:00,36.94999376
2020-02-25 09:40:00,36.861549626
2020-02-25 09:41:00,36.841895374
2020-02-25 09:42:00,36.836981811
2020-02-25 09:43:00,36.841895374
2020-02-25 09:44:00,36.832068248
2020-02-25 09:45:00,36.832068248
2020-02-25 09:46:00,36.778019055
2020-02-25 09:47:00,36.758364803
2020-02-25 09:48:00,36.782932618
2020-02-25 09:49:00,36.748537677
2020-02-25 09:50:00,36.80258687
2020-02-25 09:51:00,36.782932618
2020-02-25 09:52:00,36.80258687
2020-02-25 09:53:00,36.812413996
2020-02-25 09:54:00,36.85604643544
2020-02-25 09:55:00,36.886117441
2020-02-25 09:56:00,36.861549626
2020-02-25 09:57:00,36.891031004
2020-02-25 09:58:00,36.8517225
2020-02-25 09:59:00,36.8404213051
2020-02-25 10:00:00,36.856636063
2020-02-25 10:01:00,36.9293567954
2020-02-25 10:02:00,36.876290315
2020-02-25 10:03:00,36.90085813
2020-02-25 10:04:00,36.895944567
2020-02-25 10:05:00,36.871376752
2020-02-25 10:06:00,36.920512382
2020-02-25 10:07:00,36.954907323
2020-02-25 10:08:00,36.94999376
2020-02-25 10:09:00,36.9780010691
2020-02-25 10:10:00,36.920512382
2020-02-25 10:11:00,36.891031004
2020-02-25 10:12:00,36.91107834104
2020-02-25 10:13:00,36.90085813
2020-02-25 10:14:00,36.891031004
2020-02-25 10:15:00,36.920512382
2020-02-25 10:16:00,36.935253071
2020-02-25 10:17:00,36.910685256
2020-02-25 10:18:00,36.8517225
2020-02-25 10:19:00,36.856636063
2020-02-25 10:20:00,36.866463189
2020-02-25 10:21:00,36.841895374
2020-02-25 10:22:00,36.846808937
2020-02-25 10:23:00,36.822241122
2020-02-25 10:24:00,36.807500433
2020-02-25 10:25:00,36.763278366
2020-02-25 10:26:00,36.689574921
2020-02-25 10:27:00,36.694488484
2020-02-25 10:28:00,36.640439291
2020-02-25 10:29:00,36.665007106
2020-02-25 10:30:00,36.62903982484
2020-02-25 10:31:00,36.684661358
2020-02-25 10:32:00,36.65517998
2020-02-25 10:33:00,36.61852480002
2020-02-25 10:34:00,36.615871476
2020-02-25 10:35:00,36.689574921
2020-02-25 10:36:00,36.65517998
2020-02-25 10:37:00,36.669920669
2020-02-25 10:38:00,36.714142736
2020-02-25 10:39:00,36.719056299
2020-02-25 10:40:00,36.748537677
2020-02-25 10:41:00,36.714142736
2020-02-25 10:42:00,36.758364803
2020-02-25 10:43:00,36.733796988
2020-02-25 10:44:00,36.797673307
2020-02-25 10:45:00,36.812413996
2020-02-25 10:46:00,36.787846181
2020-02-25 10:47:00,36.75345124
2020-02-25 10:48:00,36.733796988
2020-02-25 10:49:00,36.733796988
2020-02-25 10:50:00,36.6866267832
2020-02-25 10:51:00,36.60604435
2020-02-25 10:52:00,36.596217224
2020-02-25 10:53:00,36.542168031
2020-02-25 10:54:00,36.54698332274
2020-02-25 10:55:00,36.60604435
2020-02-25 10:56:00,36.586390098
2020-02-25 10:57:00,36.615871476
2020-02-25 10:58:00,36.596217224
2020-02-25 10:59:00,36.596217224
2020-02-25 11:00:00,36.625698602
2020-02-25 11:01:00,36.615871476
2020-02-25 11:02:00,36.635525728
2020-02-25 11:03:00,36.615871476
2020-02-25 11:04:00,36.60604435
2020-02-25 11:05:00,36.547081594
2020-02-25 11:06:00,36.547081594
2020-02-25 11:07:00,36.517600216
2020-02-25 11:08:00,36.566735846
2020-02-25 11:09:00,36.561822283
2020-02-25 11:10:00,36.586390098
2020-02-25 11:11:00,36.596217224
2020-02-25 11:12:00,36.566735846
2020-02-25 11:13:00,36.596217224
2020-02-25 11:14:00,36.586390098
2020-02-25 11:15:00,36.581476535
2020-02-25 11:16:00,36.532340905
2020-02-25 11:17:00,36.542168031
2020-02-25 11:18:00,36.468464586
2020-02-25 11:19:00,36.453723897
2020-02-25 11:20:00,36.527427342
2020-02-25 11:21:00,36.497945964
2020-02-25 11:22:00,36.488118838
2020-02-25 11:23:00,36.488118838
2020-02-25 11:24:00,36.537254468
2020-02-25 11:25:00,36.52880313964
2020-02-25 11:26:00,36.58039555114
2020-02-25 11:27:00,36.547081594
2020-02-25 11:28:00,36.561822283
2020-02-25 11:29:00,36.586390098
2020-02-25 11:30:00,36.55690872
2020-02-25 11:31:00,36.527427342
2020-02-25 11:32:00,36.547081594
2020-02-25 11:33:00,36.586390098
2020-02-25 11:34:00,36.5986740055
2020-02-25 11:35:00,36.620785039
2020-02-25 11:36:00,36.551995157
2020-02-25 11:37:00,36.596217224
2020-02-25 11:38:00,36.60604435
2020-02-25 11:39:00,36.586390098
2020-02-25 11:40:00,36.60604435
2020-02-25 11:41:00,36.581476535
2020-02-25 11:42:00,36.571649409
2020-02-25 11:43:00,36.547081594
2020-02-25 11:44:00,36.527427342
2020-02-25 11:45:00,36.527427342
2020-02-25 11:46:00,36.571649409
2020-02-25 11:47:00,36.625698602
2020-02-25 11:48:00,36.660093543
2020-02-25 11:49:00,36.684661358
2020-02-25 11:50:00,36.699402047
2020-02-25 11:51:00,36.684661358
2020-02-25 11:52:00,36.714142736
2020-02-25 11:53:00,36.733796988
2020-02-25 11:54:00,36.723969862
2020-02-25 11:55:00,36.743624114
2020-02-25 11:56:00,36.748537677
2020-02-25 11:57:00,36.723969862
2020-02-25 11:58:00,36.70431561
2020-02-25 11:59:00,36.714142736
2020-02-25 12:00:00,36.75345124
2020-02-25 12:01:00,36.773105492
2020-02-25 12:02:00,36.773105492
2020-02-25 12:03:00,36.733796988
2020-02-25 12:04:00,36.738710551
2020-02-25 12:05:00,36.70431561
2020-02-25 12:06:00,36.70431561
2020-02-25 12:07:00,36.674834232
2020-02-25 12:08:00,36.665007106
2020-02-25 12:09:00,36.689574921
2020-02-25 12:10:00,36.71404446474
2020-02-25 12:11:00,36.714142736
2020-02-25 12:12:00,36.733796988
2020-02-25 12:13:00,36.763278366
2020-02-25 12:14:00,36.75345124
2020-02-25 12:15:00,36.758364803
2020-02-25 12:16:00,36.684661358
2020-02-25 12:17:00,36.694488484
2020-02-25 12:18:00,36.684661358
2020-02-25 12:19:00,36.679747795
2020-02-25 12:20:00,36.684661358
2020-02-25 12:21:00,36.684661358
2020-02-25 12:22:00,36.65517998
2020-02-25 12:23:00,36.650266417
2020-02-25 12:24:00,36.674834232
2020-02-25 12:25:00,36.65517998
2020-02-25 12:26:00,36.625698602
2020-02-25 12:27:00,36.65517998
2020-02-25 12:28:00,36.665007106
2020-02-25 12:29:00,36.684661358
2020-02-25 12:30:00,36.665007106
2020-02-25 12:31:00,36.694488484
2020-02-25 12:32:00,36.70431561
2020-02-25 12:33:00,36.709229173
2020-02-25 12:34:00,36.723969862
2020-02-25 12:35:00,36.748537677
2020-02-25 12:36:00,36.743624114
2020-02-25 12:37:00,36.763278366
2020-02-25 12:38:00,36.773105492
2020-02-25 12:39:00,36.743624114
2020-02-25 12:40:00,36.743624114
2020-02-25 12:41:00,36.684661358
2020-02-25 12:42:00,36.694488484
2020-02-25 12:43:00,36.66235378198
2020-02-25 12:44:00,36.660093543
2020-02-25 12:45:00,36.650266417
2020-02-25 12:46:00,36.645352854
2020-02-25 12:47:00,36.60604435
2020-02-25 12:48:00,36.630612165
2020-02-25 12:49:00,36.620785039
2020-02-25 12:50:00,36.615871476
2020-02-25 12:51:00,36.576562972
2020-02-25 12:52:00,36.60604435
2020-02-25 12:53:00,36.625698602
2020-02-25 12:54:00,36.60722360512
2020-02-25 12:55:00,36.596217224
2020-02-25 12:56:00,36.60604435
2020-02-25 12:57:00,36.566735846
2020-02-25 12:58:00,36.566735846
2020-02-25 12:59:00,36.50777309
2020-02-25 13:00:00,36.517600216
2020-02-25 13:01:00,36.497945964
2020-02-25 13:02:00,36.502859527
2020-02-25 13:03:00,36.542168031
2020-02-25 13:04:00,36.55690872
2020-02-25 13:05:00,36.517600216
2020-02-25 13:06:00,36.512686653
2020-02-25 13:07:00,36.53568212784
2020-02-25 13:08:00,36.55690872
2020-02-25 13:09:00,36.57616988696
2020-02-25 13:10:00,36.566735846
2020-02-25 13:11:00,36.596217224
2020-02-25 13:12:00,36.60604435
2020-02-25 13:13:00,36.615871476
2020-02-25 13:14:00,36.596217224
2020-02-25 13:15:00,36.625698602
2020-02-25 13:16:00,36.601130787
2020-02-25 13:17:00,36.55690872
2020-02-25 13:18:00,36.497945964
2020-02-25 13:19:00,36.522513779
2020-02-25 13:20:00,36.512686653
2020-02-25 13:21:00,36.517600216
2020-02-25 13:22:00,36.52064662506
2020-02-25 13:23:00,36.527427342
2020-02-25 13:24:00,36.527427342
2020-02-25 13:25:00,36.52143279514
2020-02-25 13:26:00,36.497945964
2020-02-25 13:27:00,36.50777309
2020-02-25 13:28:00,36.512686653
2020-02-25 13:29:00,36.522513779
2020-02-25 13:30:00,36.50777309
2020-02-25 13:31:00,36.448810334
2020-02-25 13:32:00,36.40950183
2020-02-25 13:33:00,36.399674704
2020-02-25 13:34:00,36.40950183
2020-02-25 13:35:00,36.4036055544
2020-02-25 13:36:00,36.350539074
2020-02-25 13:37:00,36.340711948
2020-02-25 13:38:00,36.370193326
2020-02-25 13:39:00,36.3603662
2020-02-25 13:40:00,36.350539074
2020-02-25 13:41:00,36.316144133
2020-02-25 13:42:00,36.31123057
2020-02-25 13:43:00,36.31123057
2020-02-25 13:44:00,36.31123057
2020-02-25 13:45:00,36.321057696
2020-02-25 13:46:00,36.330884822
2020-02-25 13:47:00,36.325971259
2020-02-25 13:48:00,36.321057696
2020-02-25 13:49:00,36.301403444
2020-02-25 13:50:00,36.291576318
2020-02-25 13:51:00,36.330884822
2020-02-25 13:52:00,36.291576318
2020-02-25 13:53:00,36.286662755
2020-02-25 13:54:00,36.242440688
2020-02-25 13:55:00,36.271922066
2020-02-25 13:56:00,36.271922066
2020-02-25 13:57:00,36.26209494
2020-02-25 13:58:00,36.242440688
2020-02-25 13:59:00,36.242440688
2020-02-25 14:00:00,36.222786436
2020-02-25 14:01:00,36.23831329508
2020-02-25 14:02:00,36.124515176
2020-02-25 14:03:00,36.144169428
2020-02-25 14:04:00,36.203132184
2020-02-25 14:05:00,36.222786436
2020-02-25 14:06:00,36.242440688
2020-02-25 14:07:00,36.217872873
2020-02-25 14:08:00,36.20912673086
2020-02-25 14:09:00,36.144169428
2020-02-25 14:10:00,36.12765985632
2020-02-25 14:11:00,36.217872873
2020-02-25 14:12:00,36.173650806
2020-02-25 14:13:00,36.21295931
2020-02-25 14:14:00,36.252267814
2020-02-25 14:15:00,36.242440688
2020-02-25 14:16:00,36.242440688
2020-02-25 14:17:00,36.222786436
2020-02-25 14:18:00,36.183477932
2020-02-25 14:19:00,36.173650806
2020-02-25 14:20:00,36.178564369
2020-02-25 14:21:00,36.21295931
2020-02-25 14:22:00,36.173650806
2020-02-25 14:23:00,36.16382368
2020-02-25 14:24:00,36.178564369
2020-02-25 14:25:00,36.11468805
2020-02-25 14:26:00,36.060638857
2020-02-25 14:27:00,36.036071042
2020-02-25 14:28:00,36.006589664
2020-02-25 14:29:00,35.977108286
2020-02-25 14:30:00,35.957454034
2020-02-25 14:31:00,35.878837026
2020-02-25 14:32:00,35.888664152
2020-02-25 14:33:00,35.962367597
2020-02-25 14:34:00,35.937799782
2020-02-25 14:35:00,35.952540471
2020-02-25 14:36:00,35.927972656
2020-02-25 14:37:00,35.96728116
2020-02-25 14:38:00,35.972194723
2020-02-25 14:39:00,35.947626908
2020-02-25 14:40:00,35.947626908
2020-02-25 14:41:00,35.942713345
2020-02-25 14:42:00,35.913231967
2020-02-25 14:43:00,35.942713345
2020-02-25 14:44:00,35.996762538
2020-02-25 14:45:00,36.036071042
2020-02-25 14:46:00,36.01641679
2020-02-25 14:47:00,36.006589664
2020-02-25 14:48:00,36.050811731
2020-02-25 14:49:00,36.104860924
2020-02-25 14:50:00,36.124515176
2020-02-25 14:51:00,36.070465983
2020-02-25 14:52:00,36.104860924
2020-02-25 14:53:00,36.085206672
2020-02-25 14:54:00,36.095033798
2020-02-25 14:55:00,36.149082991
2020-02-25 14:56:00,36.16382368
2020-02-25 14:57:00,36.168737243
2020-02-25 14:58:00,36.153996554
2020-02-25 14:59:00,36.134342302
2020-02-25 15:00:00,36.183477932
2020-02-25 15:01:00,36.222786436
2020-02-25 15:02:00,36.271922066
2020-02-25 15:03:00,36.21295931
2020-02-25 15:04:00,36.183477932
2020-02-25 15:05:00,36.183477932
2020-02-25 15:06:00,36.271922066
2020-02-25 15:07:00,36.21295931
2020-02-25 15:08:00,36.198218621
2020-02-25 15:09:00,36.183477932
2020-02-25 15:10:00,36.198218621
2020-02-25 15:11:00,36.139255865
2020-02-25 15:12:00,36.144169428
2020-02-25 15:13:00,36.109774487
2020-02-25 15:14:00,36.134342302
2020-02-25 15:15:00,36.11468805
2020-02-25 15:16:00,36.129428739
2020-02-25 15:17:00,36.173650806
2020-02-25 15:18:00,36.06555242
2020-02-25 15:19:00,36.055725294
2020-02-25 15:20:00,36.095033798
2020-02-25 15:21:00,36.05012383218
2020-02-25 15:22:00,36.036071042
2020-02-25 15:23:00,36.026243916
2020-02-25 15:24:00,35.986935412
2020-02-25 15:25:00,36.03184537782
2020-02-25 15:26:00,36.036071042
2020-02-25 15:27:00,36.075379546
2020-02-25 15:28:00,36.134342302
2020-02-25 15:29:00,36.11468805
2020-02-25 15:30:00,36.109774487
2020-02-25 15:31:00,36.036071042
2020-02-25 15:32:00,36.026243916
2020-02-25 15:33:00,35.982021849
2020-02-25 15:34:00,35.972194723
2020-02-25 15:35:00,35.932886219
2020-02-25 15:36:00,35.908318404
2020-02-25 15:37:00,35.927972656
2020-02-25 15:38:00,35.9486096206
2020-02-25 15:39:00,35.932886219
2020-02-25 15:40:00,35.908318404
2020-02-25 15:41:00,35.957454034
2020-02-25 15:42:00,35.952540471
2020-02-25 15:43:00,35.937799782
2020-02-25 15:44:00,35.927972656
2020-02-25 15:45:00,35.91814553
2020-02-25 15:46:00,35.96728116
2020-02-25 15:47:00,36.036071042
2020-02-25 15:48:00,35.991848975
2020-02-25 15:49:00,35.957454034
2020-02-25 15:50:00,35.932886219
2020-02-25 15:51:00,35.859182774
2020-02-25 15:52:00,35.873923463
2020-02-25 15:53:00,35.873923463
2020-02-25 15:54:00,35.8690099
2020-02-25 15:55:00,35.829701396
2020-02-25 15:56:00,35.854269211
2020-02-25 15:57:00,35.829701396
2020-02-25 15:58:00,35.908318404
2020-02-25 15:59:00,35.873923463
2020-02-25 16:00:00,35.829701396
2020-02-26 09:31:00,36.144169428
2020-02-26 09:32:00,36.183477932
2020-02-26 09:33:00,36.193305058
2020-02-26 09:34:00,36.183477932
2020-02-26 09:35:00,36.193305058
2020-02-26 09:36:00,36.124515176
2020-02-26 09:37:00,36.173650806
2020-02-26 09:38:00,36.20578550802
2020-02-26 09:39:00,36.21295931
2020-02-26 09:40:00,36.173650806
2020-02-26 09:41:00,36.286662755
2020-02-26 09:42:00,36.370193326
2020-02-26 09:43:00,36.380020452
2020-02-26 09:44:00,36.468464586
2020-02-26 09:45:00,36.394761141
2020-02-26 09:46:00,36.222786436
2020-02-26 09:47:00,36.208045747
2020-02-26 09:48:00,36.3053342944
2020-02-26 09:49:00,36.217872873
2020-02-26 09:50:00,36.203132184
2020-02-26 09:51:00,36.173650806
2020-02-26 09:52:00,36.1623496111
2020-02-26 09:53:00,36.144169428
2020-02-26 09:54:00,36.173650806
2020-02-26 09:55:00,36.183477932
2020-02-26 09:56:00,36.149082991
2020-02-26 09:57:00,36.158910117
2020-02-26 09:58:00,36.134342302
2020-02-26 09:59:00,36.104860924
2020-02-26 10:00:00,36.119601613
2020-02-26 10:01:00,36.085206672
2020-02-26 10:02:00,36.085206672
2020-02-26 10:03:00,36.104860924
2020-02-26 10:04:00,36.085206672
2020-02-26 10:05:00,36.144169428
2020-02-26 10:06:00,36.16382368
2020-02-26 10:07:00,36.149082991
2020-02-26 10:08:00,36.168737243
2020-02-26 10:09:00,36.21295931
2020-02-26 10:10:00,36.291576318
2020-02-26 10:11:00,36.252267814
2020-02-26 10:12:00,36.203132184
2020-02-26 10:13:00,36.232613562
2020-02-26 10:14:00,36.271922066
2020-02-26 10:15:00,36.321057696
2020-02-26 10:16:00,36.3603662
2020-02-26 10:17:00,36.350539074
2020-02-26 10:18:00,36.3603662
2020-02-26 10:19:00,36.350539074
2020-02-26 10:20:00,36.350539074
2020-02-26 10:21:00,36.380020452
2020-02-26 10:22:00,36.399674704
2020-02-26 10:23:00,36.350539074
2020-02-26 10:24:00,36.316144133
2020-02-26 10:25:00,36.3603662
2020-02-26 10:26:00,36.321057696
2020-02-26 10:27:00,36.345625511
2020-02-26 10:28:00,36.40950183
2020-02-26 10:29:00,36.4080277611
2020-02-26 10:30:00,36.384934015
2020-02-26 10:31:00,36.424242519
2020-02-26 10:32:00,36.429156082
2020-02-26 10:33:00,36.40950183
2020-02-26 10:34:00,36.429156082
2020-02-26 10:35:00,36.414415393
2020-02-26 10:36:00,36.45863746
2020-02-26 10:37:00,36.478291712
2020-02-26 10:38:00,36.468464586
2020-02-26 10:39:00,36.434069645
2020-02-26 10:40:00,36.40950183
2020-02-26 10:41:00,36.404588267
2020-02-26 10:42:00,36.45863746
2020-02-26 10:43:00,36.419328956
2020-02-26 10:44:00,36.45863746
2020-02-26 10:45:00,36.45863746
2020-02-26 10:46:00,36.478291712
2020-02-26 10:47:00,36.463551023
2020-02-26 10:48:00,36.419328956
2020-02-26 10:49:00,36.434069645
2020-02-26 10:50:00,36.45057921668
2020-02-26 10:51:00,36.45863746
2020-02-26 10:52:00,36.50777309
2020-02-26 10:53:00,36.468464586
2020-02-26 10:54:00,36.497945964
2020-02-26 10:55:00,36.488118838
2020-02-26 10:56:00,36.473378149
2020-02-26 10:57:00,36.478291712
2020-02-26 10:58:00,36.488118838
2020-02-26 10:59:00,36.478291712
2020-02-26 11:00:00,36.4866447691
2020-02-26 11:01:00,36.448810334
2020-02-26 11:02:00,36.448810334
2020-02-26 11:03:00,36.497945964
2020-02-26 11:04:00,36.517600216
2020-02-26 11:05:00,36.488118838
2020-02-26 11:06:00,36.497945964
2020-02-26 11:07:00,36.493032401
2020-02-26 11:08:00,36.493032401
2020-02-26 11:09:00,36.502859527
2020-02-26 11:10:00,36.438983208
2020-02-26 11:11:00,36.448810334
2020-02-26 11:12:00,36.419328956
2020-02-26 11:13:00,36.370193326
2020-02-26 11:14:00,36.399674704
2020-02-26 11:15:00,36.375106889
2020-02-26 11:16:00,36.414415393
2020-02-26 11:17:00,36.40950183
2020-02-26 11:18:00,36.404588267
2020-02-26 11:19:00,36.40950183
2020-02-26 11:20:00,36.394761141
2020-02-26 11:21:00,36.419328956
2020-02-26 11:22:00,36.429156082
2020-02-26 11:23:00,36.419328956
2020-02-26 11:24:00,36.438983208
2020-02-26 11:25:00,36.419328956
2020-02-26 11:26:00,36.419328956
2020-02-26 11:27:00,36.429156082
2020-02-26 11:28:00,36.448810334
2020-02-26 11:29:00,36.443896771
2020-02-26 11:30:00,36.438983208
2020-02-26 11:31:00,36.419328956
2020-02-26 11:32:00,36.40950183
2020-02-26 11:33:00,36.40950183
2020-02-26 11:34:00,36.40950183
2020-02-26 11:35:00,36.434069645
2020-02-26 11:36:00,36.3603662
2020-02-26 11:37:00,36.380020452
2020-02-26 11:38:00,36.39220608824
2020-02-26 11:39:00,36.419328956
2020-02-26 11:40:00,36.40950183
2020-02-26 11:41:00,36.434069645
2020-02-26 11:42:00,36.394761141
2020-02-26 11:43:00,36.434069645
2020-02-26 11:44:00,36.443896771
2020-02-26 11:45:00,36.40950183
2020-02-26 11:46:00,36.380020452
2020-02-26 11:47:00,36.3603662
2020-02-26 11:48:00,36.380020452
2020-02-26 11:49:00,36.3603662
2020-02-26 11:50:00,36.384934015
2020-02-26 11:51:00,36.350539074
2020-02-26 11:52:00,36.350539074
2020-02-26 11:53:00,36.34424971336
2020-02-26 11:54:00,36.291576318
2020-02-26 11:55:00,36.31123057
2020-02-26 11:56:00,36.281749192
2020-02-26 11:57:00,36.31123057
2020-02-26 11:58:00,36.321057696
2020-02-26 11:59:00,36.291576318
2020-02-26 12:00:00,36.286662755
2020-02-26 12:01:00,36.321057696
2020-02-26 12:02:00,36.232613562
2020-02-26 12:03:00,36.227699999
2020-02-26 12:04:00,36.222786436
2020-02-26 12:05:00,36.193305058
2020-02-26 12:06:00,36.217872873
2020-02-26 12:07:00,36.149082991
2020-02-26 12:08:00,36.134342302
2020-02-26 12:09:00,36.144169428
2020-02-26 12:10:00,36.144169428
2020-02-26 12:11:00,36.193305058
2020-02-26 12:12:00,36.16382368
2020-02-26 12:13:00,36.1122312685
2020-02-26 12:14:00,36.173650806
2020-02-26 12:15:00,36.183477932
2020-02-26 12:16:00,36.134342302
2020-02-26 12:17:00,36.144169428
2020-02-26 12:18:00,36.11115028464
2020-02-26 12:19:00,36.124515176
2020-02-26 12:20:00,36.173650806
2020-02-26 12:21:00,36.193305058
2020-02-26 12:22:00,36.134342302
2020-02-26 12:23:00,36.11468805
2020-02-26 12:24:00,36.16382368
2020-02-26 12:25:00,36.16382368
2020-02-26 12:26:00,36.124515176
2020-02-26 12:27:00,36.149082991
2020-02-26 12:28:00,36.124515176
2020-02-26 12:29:00,36.11468805
2020-02-26 12:30:00,36.144169428
2020-02-26 12:31:00,36.208045747
2020-02-26 12:32:00,36.232613562
2020-02-26 12:33:00,36.208045747
2020-02-26 12:34:00,36.21295931
2020-02-26 12:35:00,36.242440688
2020-02-26 12:36:00,36.26209494
2020-02-26 12:37:00,36.193305058
2020-02-26 12:38:00,36.208045747
2020-02-26 12:39:00,36.173650806
2020-02-26 12:40:00,36.188391495
2020-02-26 12:41:00,36.144169428
2020-02-26 12:42:00,36.193305058
2020-02-26 12:43:00,36.18190559184
2020-02-26 12:44:00,36.173650806
2020-02-26 12:45:00,36.134342302
2020-02-26 12:46:00,36.188391495
2020-02-26 12:47:00,36.198218621
2020-02-26 12:48:00,36.242440688
2020-02-26 12:49:00,36.193305058
2020-02-26 12:50:00,36.203132184
2020-02-26 12:51:00,36.227699999
2020-02-26 12:52:00,36.203132184
2020-02-26 12:53:00,36.173650806
2020-02-26 12:54:00,36.153996554
2020-02-26 12:55:00,36.149082991
2020-02-26 12:56:00,36.144169428
2020-02-26 12:57:00,36.153996554
2020-02-26 12:58:00,36.144169428
2020-02-26 12:59:00,36.18357620326
2020-02-26 13:00:00,36.183477932
2020-02-26 13:01:00,36.16382368
2020-02-26 13:02:00,36.21974002694
2020-02-26 13:03:00,36.232613562
2020-02-26 13:04:00,36.232613562
2020-02-26 13:05:00,36.232613562
2020-02-26 13:06:00,36.203132184
2020-02-26 13:07:00,36.193305058
2020-02-26 13:08:00,36.203132184
2020-02-26 13:09:00,36.16382368
2020-02-26 13:10:00,36.153996554
2020-02-26 13:11:00,36.16382368
2020-02-26 13:12:00,36.144169428
2020-02-26 13:13:00,36.16382368
2020-02-26 13:14:00,36.173650806
2020-02-26 13:15:00,36.173650806
2020-02-26 13:16:00,36.21295931
2020-02-26 13:17:00,36.208045747
2020-02-26 13:18:00,36.173650806
2020-02-26 13:19:00,36.144169428
2020-02-26 13:20:00,36.1751248749
2020-02-26 13:21:00,36.21295931
2020-02-26 13:22:00,36.18505027216
2020-02-26 13:23:00,36.203132184
2020-02-26 13:24:00,36.227699999
2020-02-26 13:25:00,36.257181377
2020-02-26 13:26:00,36.252267814
2020-02-26 13:27:00,36.31123057
2020-02-26 13:28:00,36.31123057
2020-02-26 13:29:00,36.316144133
2020-02-26 13:30:00,36.31123057
2020-02-26 13:31:00,36.281749192
2020-02-26 13:32:00,36.222786436
2020-02-26 13:33:00,36.222786436
2020-02-26 13:34:00,36.173650806
2020-02-26 13:35:00,36.11468805
2020-02-26 13:36:00,36.090120235
2020-02-26 13:37:00,36.031157479
2020-02-26 13:38:00,36.06555242
2020-02-26 13:39:00,36.036071042
2020-02-26 13:40:00,35.937799782
2020-02-26 13:41:00,35.937799782
2020-02-26 13:42:00,35.957454034
2020-02-26 13:43:00,35.927972656
2020-02-26 13:44:00,35.937799782
2020-02-26 13:45:00,35.8690099
2020-02-26 13:46:00,35.927972656
2020-02-26 13:47:00,35.927972656
2020-02-26 13:48:00,35.888664152
2020-02-26 13:49:00,36.006589664
2020-02-26 13:50:00,36.006589664
2020-02-26 13:51:00,35.962367597
2020-02-26 13:52:00,36.001676101
2020-02-26 13:53:00,35.977108286
2020-02-26 13:54:00,35.957454034
2020-02-26 13:55:00,35.927972656
2020-02-26 13:56:00,35.95037850328
2020-02-26 13:57:00,35.839528522
2020-02-26 13:58:00,35.859182774
2020-02-26 13:59:00,35.810047144
2020-02-26 14:00:00,35.859182774
2020-02-26 14:01:00,35.84670232398
2020-02-26 14:02:00,35.903404841
2020-02-26 14:03:00,35.927972656
2020-02-26 14:04:00,35.8690099
2020-02-26 14:05:00,35.859182774
2020-02-26 14:06:00,35.937799782
2020-02-26 14:07:00,35.957454034
2020-02-26 14:08:00,35.937799782
2020-02-26 14:09:00,35.927972656
2020-02-26 14:10:00,35.883750589
2020-02-26 14:11:00,35.898491278
2020-02-26 14:12:00,35.977108286
2020-02-26 14:13:00,35.957454034
2020-02-26 14:14:00,36.006589664
2020-02-26 14:15:00,36.055725294
2020-02-26 14:16:00,36.036071042
2020-02-26 14:17:00,35.977108286
2020-02-26 14:18:00,35.957454034
2020-02-26 14:19:00,35.98585442814
2020-02-26 14:20:00,35.952540471
2020-02-26 14:21:00,35.977108286
2020-02-26 14:22:00,36.006589664
2020-02-26 14:23:00,36.006589664
2020-02-26 14:24:00,35.991848975
2020-02-26 14:25:00,36.026243916
2020-02-26 14:26:00,36.070465983
2020-02-26 14:27:00,36.06555242
2020-02-26 14:28:00,36.031157479
2020-02-26 14:29:00,36.05218752864
2020-02-26 14:30:00,36.006589664
2020-02-26 14:31:00,35.947626908
2020-02-26 14:32:00,35.986935412
2020-02-26 14:33:00,35.986935412
2020-02-26 14:34:00,35.96443129346
2020-02-26 14:35:00,35.937799782
2020-02-26 14:36:00,35.96728116
2020-02-26 14:37:00,36.026243916
2020-02-26 14:38:00,36.006589664
2020-02-26 14:39:00,35.957454034
2020-02-26 14:40:00,35.962367597
2020-02-26 14:41:00,35.991848975
2020-02-26 14:42:00,35.927972656
2020-02-26 14:43:00,35.937799782
2020-02-26 14:44:00,35.903404841
2020-02-26 14:45:00,35.927972656
2020-02-26 14:46:00,35.986935412
2020-02-26 14:47:00,35.962367597
2020-02-26 14:48:00,35.957454034
2020-02-26 14:49:00,35.977108286
2020-02-26 14:50:00,35.996762538
2020-02-26 14:51:00,35.947626908
2020-02-26 14:52:00,35.957454034
2020-02-26 14:53:00,35.947626908
2020-02-26 14:54:00,35.932886219
2020-02-26 14:55:00,35.972194723
2020-02-26 14:56:00,35.957454034
2020-02-26 14:57:00,35.942713345
2020-02-26 14:58:00,35.927972656
2020-02-26 14:59:00,35.937799782
2020-02-26 15:00:00,35.932886219
2020-02-26 15:01:00,35.991848975
2020-02-26 15:02:00,35.957454034
2020-02-26 15:03:00,35.991848975
2020-02-26 15:04:00,36.01641679
2020-02-26 15:05:00,35.991848975
2020-02-26 15:06:00,35.986935412
2020-02-26 15:07:00,35.972194723
2020-02-26 15:08:00,35.991848975
2020-02-26 15:09:00,35.96610190488
2020-02-26 15:10:00,35.996762538
2020-02-26 15:11:00,35.98084259388
2020-02-26 15:12:00,36.01641679
2020-02-26 15:13:00,36.06555242
2020-02-26 15:14:00,36.06555242
2020-02-26 15:15:00,36.055725294
2020-02-26 15:16:00,36.090120235
2020-02-26 15:17:00,36.095033798
2020-02-26 15:18:00,36.149082991
2020-02-26 15:19:00,36.139255865
2020-02-26 15:20:00,36.129428739
2020-02-26 15:21:00,36.119601613
2020-02-26 15:22:00,36.085206672
2020-02-26 15:23:00,36.104860924
2020-02-26 15:24:00,36.090120235
2020-02-26 15:25:00,36.119601613
2020-02-26 15:26:00,36.085206672
2020-02-26 15:27:00,36.06555242
2020-02-26 15:28:00,36.055725294
2020-02-26 15:29:00,36.075379546
2020-02-26 15:30:00,36.104860924
2020-02-26 15:31:00,36.090120235
2020-02-26 15:32:00,36.09188911768
2020-02-26 15:33:00,36.119601613
2020-02-26 15:34:00,36.06555242
2020-02-26 15:35:00,36.060638857
2020-02-26 15:36:00,36.095033798
2020-02-26 15:37:00,36.11468805
2020-02-26 15:38:00,36.085206672
2020-02-26 15:39:00,36.109774487
2020-02-26 15:40:00,36.168737243
2020-02-26 15:41:00,36.158910117
2020-02-26 15:42:00,36.188391495
2020-02-26 15:43:00,36.183477932
2020-02-26 15:44:00,36.178564369
2020-02-26 15:45:00,36.2046062529
2020-02-26 15:46:00,36.183477932
2020-02-26 15:47:00,36.178564369
2020-02-26 15:48:00,36.168737243
2020-02-26 15:49:00,36.16382368
2020-02-26 15:50:00,36.11468805
2020-02-26 15:51:00,36.129428739
2020-02-26 15:52:00,36.149082991
2020-02-26 15:53:00,36.1623496111
2020-02-26 15:54:00,36.139255865
2020-02-26 15:55:00,36.129428739
2020-02-26 15:56:00,36.119601613
2020-02-26 15:57:00,36.119601613
2020-02-26 15:58:00,36.104860924
2020-02-26 15:59:00,36.109774487
2020-02-26 16:00:00,36.055725294
2020-02-27 09:31:00,35.584023246
2020-02-27 09:32:00,35.554541868
2020-02-27 09:33:00,35.431702793
2020-02-27 09:34:00,35.42678923
2020-02-27 09:35:00,35.397307852
2020-02-27 09:36:00,35.436616356
2020-02-27 09:37:00,35.52506049
2020-02-27 09:38:00,35.603677498
2020-02-27 09:39:00,35.751084388
2020-02-27 09:40:00,35.77073864
2020-02-27 09:41:00,35.716689447
2020-02-27 09:42:00,35.652813128
2020-02-27 09:43:00,35.593850372
2020-02-27 09:44:00,35.564368994
2020-02-27 09:45:00,35.544714742
2020-02-27 09:46:00,35.397307852
2020-02-27 09:47:00,35.249900962
2020-02-27 09:48:00,35.13217199252
2020-02-27 09:49:00,35.210592458
2020-02-27 09:50:00,35.200765332
2020-02-27 09:51:00,35.269555214
2020-02-27 09:52:00,35.249900962
2020-02-27 09:53:00,35.210592458
2020-02-27 09:54:00,35.210592458
2020-02-27 09:55:00,35.259728088
2020-02-27 09:56:00,35.215506021
2020-02-27 09:57:00,35.200765332
2020-02-27 09:58:00,35.23024671
2020-02-27 09:59:00,35.264641651
2020-02-27 10:00:00,35.225333147
2020-02-27 10:01:00,35.23024671
2020-02-27 10:02:00,35.166370391
2020-02-27 10:03:00,35.141802576
2020-02-27 10:04:00,35.176197517
2020-02-27 10:05:00,35.171283954
2020-02-27 10:06:00,35.141802576
2020-02-27 10:07:00,35.08283982
2020-02-27 10:08:00,35.122148324
2020-02-27 10:09:00,35.141802576
2020-02-27 10:10:00,35.102494072
2020-02-27 10:11:00,35.092666946
2020-02-27 10:12:00,35.092666946
2020-02-27 10:13:00,35.092666946
2020-02-27 10:14:00,35.141802576
2020-02-27 10:15:00,35.136889013
2020-02-27 10:16:00,35.092666946
2020-02-27 10:17:00,35.053358442
2020-02-27 10:18:00,35.03370419
2020-02-27 10:19:00,35.023877064
2020-02-27 10:20:00,35.048444879
2020-02-27 10:21:00,35.053358442
2020-02-27 10:22:00,35.073012694
2020-02-27 10:23:00,35.053358442
2020-02-27 10:24:00,35.018963501
2020-02-27 10:25:00,35.077926257
2020-02-27 10:26:00,35.053358442
2020-02-27 10:27:00,35.014049938
2020-02-27 10:28:00,35.068099131
2020-02-27 10:29:00,35.063185568
2020-02-27 10:30:00,35.023877064
2020-02-27 10:31:00,35.004222812
2020-02-27 10:32:00,35.004222812
2020-02-27 10:33:00,34.856815922
2020-02-27 10:34:00,34.866643048
2020-02-27 10:35:00,34.832248107
2020-02-27 10:36:00,34.8862973
2020-02-27 10:37:00,34.915778678
2020-02-27 10:38:00,34.925605804
2020-02-27 10:39:00,34.896124426
2020-02-27 10:40:00,34.856815922
2020-02-27 10:41:00,34.8862973
2020-02-27 10:42:00,34.856815922
2020-02-27 10:43:00,34.8862973
2020-02-27 10:44:00,34.8862973
2020-02-27 10:45:00,34.861729485
2020-02-27 10:46:00,34.905951552
2020-02-27 10:47:00,34.974741434
2020-02-27 10:48:00,34.98456856
2020-02-27 10:49:00,35.08283982
2020-02-27 10:50:00,35.08283982
2020-02-27 10:51:00,35.122148324
2020-02-27 10:52:00,35.102494072
2020-02-27 10:53:00,35.09423928616
2020-02-27 10:54:00,35.068099131
2020-02-27 10:55:00,35.018963501
2020-02-27 10:56:00,35.009136375
2020-02-27 10:57:00,35.03370419
2020-02-27 10:58:00,35.023877064
2020-02-27 10:59:00,35.092666946
2020-02-27 11:00:00,35.161456828
2020-02-27 11:01:00,35.13197545
2020-02-27 11:02:00,35.22474351944
2020-02-27 11:03:00,35.161456828
2020-02-27 11:04:00,35.063185568
2020-02-27 11:05:00,35.112321198
2020-02-27 11:06:00,35.161456828
2020-02-27 11:07:00,35.176197517
2020-02-27 11:08:00,35.220419584
2020-02-27 11:09:00,35.220419584
2020-02-27 11:10:00,35.225333147
2020-02-27 11:11:00,35.161456828
2020-02-27 11:12:00,35.13197545
2020-02-27 11:13:00,35.23024671
2020-02-27 11:14:00,35.190938206
2020-02-27 11:15:00,35.244987399
2020-02-27 11:16:00,35.210592458
2020-02-27 11:17:00,35.27938234
2020-02-27 11:18:00,35.274468777
2020-02-27 11:19:00,35.32851797
2020-02-27 11:20:00,35.3776536
2020-02-27 11:21:00,35.333431533
2020-02-27 11:22:00,35.27938234
2020-02-27 11:23:00,35.294123029
2020-02-27 11:24:00,35.23024671
2020-02-27 11:25:00,35.18111108
2020-02-27 11:26:00,35.136889013
2020-02-27 11:27:00,35.171283954
2020-02-27 11:28:00,35.171283954
2020-02-27 11:29:00,35.127061887
2020-02-27 11:30:00,35.092666946
2020-02-27 11:31:00,35.092666946
2020-02-27 11:32:00,35.107407635
2020-02-27 11:33:00,35.1997826194
2020-02-27 11:34:00,35.136889013
2020-02-27 11:35:00,35.087753383
2020-02-27 11:36:00,35.112321198
2020-02-27 11:37:00,35.073012694
2020-02-27 11:38:00,35.06770604596
2020-02-27 11:39:00,35.023877064
2020-02-27 11:40:00,35.03370419
2020-02-27 11:41:00,35.063185568
2020-02-27 11:42:00,35.073012694
2020-02-27 11:43:00,35.063185568
2020-02-27 11:44:00,35.043531316
2020-02-27 11:45:00,35.023877064
2020-02-27 11:46:00,34.950173619
2020-02-27 11:47:00,34.964914308
2020-02-27 11:48:00,35.043531316
2020-02-27 11:49:00,35.063185568
2020-02-27 11:50:00,35.122148324
2020-02-27 11:51:00,35.077926257
2020-02-27 11:52:00,35.112321198
2020-02-27 11:53:00,35.117234761
2020-02-27 11:54:00,35.117234761
2020-02-27 11:55:00,35.166370391
2020-02-27 11:56:00,35.161456828
2020-02-27 11:57:00,35.205678895
2020-02-27 11:58:00,35.210592458
2020-02-27 11:59:00,35.249900962
2020-02-27 12:00:00,35.249900962
2020-02-27 12:01:00,35.240073836
2020-02-27 12:02:00,35.269555214
2020-02-27 12:03:00,35.259728088
2020-02-27 12:04:00,35.23024671
2020-02-27 12:05:00,35.235160273
2020-02-27 12:06:00,35.23024671
2020-02-27 12:07:00,35.240073836
2020-02-27 12:08:00,35.2612021569
2020-02-27 12:09:00,35.32851797
2020-02-27 12:10:00,35.348172222
2020-02-27 12:11:00,35.397307852
2020-02-27 12:12:00,35.382567163
2020-02-27 12:13:00,35.407134978
2020-02-27 12:14:00,35.436616356
2020-02-27 12:15:00,35.466097734
2020-02-27 12:16:00,35.436616356
2020-02-27 12:17:00,35.42678923
2020-02-27 12:18:00,35.461184171
2020-02-27 12:19:00,35.461184171
2020-02-27 12:20:00,35.47592486
2020-02-27 12:21:00,35.407134978
2020-02-27 12:22:00,35.362912911
2020-02-27 12:23:00,35.343258659
2020-02-27 12:24:00,35.333431533
2020-02-27 12:25:00,35.313777281
2020-02-27 12:26:00,35.313777281
2020-02-27 12:27:00,35.333431533
2020-02-27 12:28:00,35.367826474
2020-02-27 12:29:00,35.3776536
2020-02-27 12:30:00,35.42678923
2020-02-27 12:31:00,35.485751986
2020-02-27 12:32:00,35.451357045
2020-02-27 12:33:00,35.466097734
2020-02-27 12:34:00,35.47592486
2020-02-27 12:35:00,35.436616356
2020-02-27 12:36:00,35.466097734
2020-02-27 12:37:00,35.564368994
2020-02-27 12:38:00,35.554541868
2020-02-27 12:39:00,35.593850372
2020-02-27 12:40:00,35.62333175
2020-02-27 12:41:00,35.57419612
2020-02-27 12:42:00,35.633158876
2020-02-27 12:43:00,35.613504624
2020-02-27 12:44:00,35.593850372
2020-02-27 12:45:00,35.559455431
2020-02-27 12:46:00,35.505406238
2020-02-27 12:47:00,35.534887616
2020-02-27 12:48:00,35.564368994
2020-02-27 12:49:00,35.559455431
2020-02-27 12:50:00,35.5899195216
2020-02-27 12:51:00,35.534887616
2020-02-27 12:52:00,35.544714742
2020-02-27 12:53:00,35.57419612
2020-02-27 12:54:00,35.559455431
2020-02-27 12:55:00,35.539801179
2020-02-27 12:56:00,35.544714742
2020-02-27 12:57:00,35.52506049
2020-02-27 12:58:00,35.495579112
2020-02-27 12:59:00,35.47592486
2020-02-27 13:00:00,35.436616356
2020-02-27 13:01:00,35.407134978
2020-02-27 13:02:00,35.38463085946
2020-02-27 13:03:00,35.446443482
2020-02-27 13:04:00,35.47592486
2020-02-27 13:05:00,35.50118057382
2020-02-27 13:06:00,35.446443482
2020-02-27 13:07:00,35.485751986
2020-02-27 13:08:00,35.47592486
2020-02-27 13:09:00,35.461184171
2020-02-27 13:10:00,35.47592486
2020-02-27 13:11:00,35.500492675
2020-02-27 13:12:00,35.485751986
2020-02-27 13:13:00,35.480838423
2020-02-27 13:14:00,35.485751986
2020-02-27 13:15:00,35.515233364
2020-02-27 13:16:00,35.52506049
2020-02-27 13:17:00,35.495579112
2020-02-27 13:18:00,35.456270608
2020-02-27 13:19:00,35.451357045
2020-02-27 13:20:00,35.42678923
2020-02-27 13:21:00,35.45007951862
2020-02-27 13:22:00,35.456270608
2020-02-27 13:23:00,35.436616356
2020-02-27 13:24:00,35.407134978
2020-02-27 13:25:00,35.402221415
2020-02-27 13:26:00,35.436616356
2020-02-27 13:27:00,35.456270608
2020-02-27 13:28:00,35.402221415
2020-02-27 13:29:00,35.348172222
2020-02-27 13:30:00,35.343258659
2020-02-27 13:31:00,35.348172222
2020-02-27 13:32:00,35.348172222
2020-02-27 13:33:00,35.3860066571
2020-02-27 13:34:00,35.318690844
2020-02-27 13:35:00,35.303950155
2020-02-27 13:36:00,35.27938234
2020-02-27 13:37:00,35.249900962
2020-02-27 13:38:00,35.176197517
2020-02-27 13:39:00,35.210592458
2020-02-27 13:40:00,35.23024671
2020-02-27 13:41:00,35.244987399
2020-02-27 13:42:00,35.249900962
2020-02-27 13:43:00,35.073012694
2020-02-27 13:44:00,35.043531316
2020-02-27 13:45:00,35.08283982
2020-02-27 13:46:00,35.127061887
2020-02-27 13:47:00,35.18111108
2020-02-27 13:48:00,35.171283954
2020-02-27 13:49:00,35.171283954
2020-02-27 13:50:00,35.186024643
2020-02-27 13:51:00,35.151629702
2020-02-27 13:52:00,35.122148324
2020-02-27 13:53:00,35.112321198
2020-02-27 13:54:00,35.171283954
2020-02-27 13:55:00,35.27938234
2020-02-27 13:56:00,35.269555214
2020-02-27 13:57:00,35.220419584
2020-02-27 13:58:00,35.151629702
2020-02-27 13:59:00,35.102494072
2020-02-27 14:00:00,35.092666946
2020-02-27 14:01:00,35.053358442
2020-02-27 14:02:00,35.112321198
2020-02-27 14:03:00,35.10269061452
2020-02-27 14:04:00,35.043531316
2020-02-27 14:05:00,35.073012694
2020-02-27 14:06:00,35.092666946
2020-02-27 14:07:00,35.063185568
2020-02-27 14:08:00,35.08283982
2020-02-27 14:09:00,35.053358442
2020-02-27 14:10:00,35.009136375
2020-02-27 14:11:00,34.994395686
2020-02-27 14:12:00,34.999309249
2020-02-27 14:13:00,35.03370419
2020-02-27 14:14:00,35.04657772506
2020-02-27 14:15:00,35.092666946
2020-02-27 14:16:00,35.122148324
2020-02-27 14:17:00,35.053358442
2020-02-27 14:18:00,35.13197545
2020-02-27 14:19:00,34.994395686
2020-02-27 14:20:00,34.955087182
2020-02-27 14:21:00,34.994395686
2020-02-27 14:22:00,34.999309249
2020-02-27 14:23:00,35.014049938
2020-02-27 14:24:00,35.08283982
2020-02-27 14:25:00,35.112321198
2020-02-27 14:26:00,35.141802576
2020-02-27 14:27:00,35.186024643
2020-02-27 14:28:00,35.166370391
2020-02-27 14:29:00,35.210592458
2020-02-27 14:30:00,35.200765332
2020-02-27 14:31:00,35.156543265
2020-02-27 14:32:00,35.171283954
2020-02-27 14:33:00,35.13197545
2020-02-27 14:34:00,35.117234761
2020-02-27 14:35:00,35.13197545
2020-02-27 14:36:00,35.161456828
2020-02-27 14:37:00,35.1585086902
2020-02-27 14:38:00,35.146716139
2020-02-27 14:39:00,35.151629702
2020-02-27 14:40:00,35.102494072
2020-02-27 14:41:00,35.092666946
2020-02-27 14:42:00,35.107407635
2020-02-27 14:43:00,35.117234761
2020-02-27 14:44:00,35.1054422098
2020-02-27 14:45:00,35.141802576
2020-02-27 14:46:00,35.112321198
2020-02-27 14:47:00,35.107407635
2020-02-27 14:48:00,35.08283982
2020-02-27 14:49:00,35.08283982
2020-02-27 14:50:00,35.102494072
2020-02-27 14:51:00,35.102494072
2020-02-27 14:52:00,35.053358442
2020-02-27 14:53:00,35.058272005
2020-02-27 14:54:00,35.063185568
2020-02-27 14:55:00,35.073012694
2020-02-27 14:56:00,35.038617753
2020-02-27 14:57:00,35.03999355064
2020-02-27 14:58:00,35.023877064
2020-02-27 14:59:00,35.004222812
2020-02-27 15:00:00,35.004222812
2020-02-27 15:01:00,34.896124426
2020-02-27 15:02:00,34.866643048
2020-02-27 15:03:00,34.773285351
2020-02-27 15:04:00,34.768371788
2020-02-27 15:05:00,34.876470174
2020-02-27 15:06:00,34.85701246452
2020-02-27 15:07:00,34.964914308
2020-02-27 15:08:00,34.910865115
2020-02-27 15:09:00,34.905951552
2020-02-27 15:10:00,34.920692241
2020-02-27 15:11:00,34.96815725958
2020-02-27 15:12:00,35.05326017074
2020-02-27 15:13:00,35.04136934828
2020-02-27 15:14:00,34.9904648356
2020-02-27 15:15:00,35.014049938
2020-02-27 15:16:00,35.018963501
2020-02-27 15:17:00,34.994395686
2020-02-27 15:18:00,35.009136375
2020-02-27 15:19:00,34.979654997
2020-02-27 15:20:00,34.950173619
2020-02-27 15:21:00,34.999309249
2020-02-27 15:22:00,35.023877064
2020-02-27 15:23:00,34.969827871
2020-02-27 15:24:00,34.960000745
2020-02-27 15:25:00,34.964914308
2020-02-27 15:26:00,34.98456856
2020-02-27 15:27:00,34.940346493
2020-02-27 15:28:00,34.910865115
2020-02-27 15:29:00,34.905951552
2020-02-27 15:30:00,34.861729485
2020-02-27 15:31:00,34.846988796
2020-02-27 15:32:00,34.846988796
2020-02-27 15:33:00,34.817507418
2020-02-27 15:34:00,34.866643048
2020-02-27 15:35:00,34.876470174
2020-02-27 15:36:00,34.856815922
2020-02-27 15:37:00,34.8862973
2020-02-27 15:38:00,34.871556611
2020-02-27 15:39:00,34.846988796
2020-02-27 15:40:00,34.866643048
2020-02-27 15:41:00,34.856815922
2020-02-27 15:42:00,34.871556611
2020-02-27 15:43:00,34.83716167
2020-02-27 15:44:00,34.812593855
2020-02-27 15:45:00,34.792939603
2020-02-27 15:46:00,34.807680292
2020-02-27 15:47:00,34.763458225
2020-02-27 15:48:00,34.83716167
2020-02-27 15:49:00,34.817507418
2020-02-27 15:50:00,34.807680292
2020-02-27 15:51:00,34.70931076074
2020-02-27 15:52:00,34.704495469
2020-02-27 15:53:00,34.670100528
2020-02-27 15:54:00,34.66017513074
2020-02-27 15:55:00,34.611137772
2020-02-27 15:56:00,34.645532713
2020-02-27 15:57:00,34.665186965
2020-02-27 15:58:00,34.59148352
2020-02-27 15:59:00,34.581656394
2020-02-27 16:00:00,34.434249504
2020-02-28 09:31:00,34.236803472
2020-02-28 09:32:00,34.187442452
2020-02-28 09:33:00,33.999870576
2020-02-28 09:34:00,33.950509556
2020-02-28 09:35:00,34.068976004
2020-02-28 09:36:00,33.930765148
2020-02-28 09:37:00,33.930765148
2020-02-28 09:38:00,33.86165972
2020-02-28 09:39:00,33.891276332
2020-02-28 09:40:00,33.96038176
2020-02-28 09:41:00,33.96038176
2020-02-28 09:42:00,33.920892944
2020-02-28 09:43:00,33.91102074
2020-02-28 09:44:00,33.881404128
2020-02-28 09:45:00,33.71357666
2020-02-28 09:46:00,33.67191595912
2020-02-28 09:47:00,33.871531924
2020-02-28 09:48:00,33.856723618
2020-02-28 09:49:00,33.792554292
2020-02-28 09:50:00,33.6750750644
2020-02-28 09:51:00,33.703704456
2020-02-28 09:52:00,33.832043108
2020-02-28 09:53:00,33.841915312
2020-02-28 09:54:00,33.792554292
2020-02-28 09:55:00,33.733321068
2020-02-28 09:56:00,33.585238008
2020-02-28 09:57:00,33.644471232
2020-02-28 09:58:00,33.535876988
2020-02-28 09:59:00,33.683960048
2020-02-28 10:00:00,33.674087844
2020-02-28 10:01:00,33.61485462
2020-02-28 10:02:00,33.644471232
2020-02-28 10:03:00,33.526004784
2020-02-28 10:04:00,33.526004784
2020-02-28 10:05:00,33.427282744
2020-02-28 10:06:00,33.6104121282
2020-02-28 10:07:00,33.5654936
2020-02-28 10:08:00,33.555621396
2020-02-28 10:09:00,33.535876988
2020-02-28 10:10:00,33.644471232
2020-02-28 10:11:00,33.545749192
2020-02-28 10:12:00,33.496388172
2020-02-28 10:13:00,33.486515968
2020-02-28 10:14:00,33.555621396
2020-02-28 10:15:00,33.545749192
2020-02-28 10:16:00,33.61485462
2020-02-28 10:17:00,33.654343436
2020-02-28 10:18:00,33.822170904
2020-02-28 10:19:00,33.841915312
2020-02-28 10:20:00,33.782682088
2020-02-28 10:21:00,33.743193272
2020-02-28 10:22:00,33.723448864
2020-02-28 10:23:00,33.654343436
2020-02-28 10:24:00,33.654343436
2020-02-28 10:25:00,33.674087844
2020-02-28 10:26:00,33.76293768
2020-02-28 10:27:00,33.71357666
2020-02-28 10:28:00,33.624726824
2020-02-28 10:29:00,33.683960048
2020-02-28 10:30:00,33.437154948
2020-02-28 10:31:00,33.51613258
2020-02-28 10:32:00,33.496388172
2020-02-28 10:33:00,33.585238008
2020-02-28 10:34:00,33.619790722
2020-02-28 10:35:00,33.644471232
2020-02-28 10:36:00,33.555621396
2020-02-28 10:37:00,33.545749192
2020-02-28 10:38:00,33.59491276792
2020-02-28 10:39:00,33.506260376
2020-02-28 10:40:00,33.506260376
2020-02-28 10:41:00,33.511196478
2020-02-28 10:42:00,33.476643764
2020-02-28 10:43:00,33.48049392356
2020-02-28 10:44:00,33.496388172
2020-02-28 10:45:00,33.456899356
2020-02-28 10:46:00,33.486515968
2020-02-28 10:47:00,33.37802044604
2020-02-28 10:48:00,33.427282744
2020-02-28 10:49:00,33.377921724
2020-02-28 10:50:00,33.407538336
2020-02-28 10:51:00,33.432218846
2020-02-28 10:52:00,33.511196478
2020-02-28 10:53:00,33.5654936
2020-02-28 10:54:00,33.674087844
2020-02-28 10:55:00,33.71357666
2020-02-28 10:56:00,33.600046314
2020-02-28 10:57:00,33.585238008
2020-02-28 10:58:00,33.659279538
2020-02-28 10:59:00,33.634599028
2020-02-28 11:00:00,33.66421564
2020-02-28 11:01:00,33.624726824
2020-02-28 11:02:00,33.535876988
2020-02-28 11:03:00,33.51613258
2020-02-28 11:04:00,33.526004784
2020-02-28 11:05:00,33.535876988
2020-02-28 11:06:00,33.486515968
2020-02-28 11:07:00,33.407538336
2020-02-28 11:08:00,33.387793928
2020-02-28 11:09:00,33.338432908
2020-02-28 11:10:00,33.3186885
2020-02-28 11:11:00,33.377921724
2020-02-28 11:12:00,33.36173130944
2020-02-28 11:13:00,33.447027152
2020-02-28 11:14:00,33.41741054
2020-02-28 11:15:00,33.486515968
2020-02-28 11:16:00,33.545749192
2020-02-28 11:17:00,33.56766548488
2020-02-28 11:18:00,33.526004784
2020-02-28 11:19:00,33.545749192
2020-02-28 11:20:00,33.634599028
2020-02-28 11:21:00,33.604982416
2020-02-28 11:22:00,33.629662926
2020-02-28 11:23:00,33.560557498
2020-02-28 11:24:00,33.5654936
2020-02-28 11:25:00,33.580301906
2020-02-28 11:26:00,33.506260376
2020-02-28 11:27:00,33.535876988
2020-02-28 11:28:00,33.570429702
2020-02-28 11:29:00,33.545749192
2020-02-28 11:30:00,33.63953513
2020-02-28 11:31:00,33.624726824
2020-02-28 11:32:00,33.708640558
2020-02-28 11:33:00,33.698768354
2020-02-28 11:34:00,33.65572554456
2020-02-28 11:35:00,33.619790722
2020-02-28 11:36:00,33.629662926
2020-02-28 11:37:00,33.703704456
2020-02-28 11:38:00,33.76293768
2020-02-28 11:39:00,33.841915312
2020-02-28 11:40:00,33.832043108
2020-02-28 11:41:00,33.841915312
2020-02-28 11:42:00,33.91102074
2020-02-28 11:43:00,33.980126168
2020-02-28 11:44:00,34.019614984
2020-02-28 11:45:00,33.93570125
2020-02-28 11:46:00,33.901148536
2020-02-28 11:47:00,33.841915312
2020-02-28 11:48:00,33.8122987
2020-02-28 11:49:00,33.841915312
2020-02-28 11:50:00,33.822170904
2020-02-28 11:51:00,33.832043108
2020-02-28 11:52:00,33.71357666
2020-02-28 11:53:00,33.708640558
2020-02-28 11:54:00,33.683960048
2020-02-28 11:55:00,33.733321068
2020-02-28 11:56:00,33.723448864
2020-02-28 11:57:00,33.69373352996
2020-02-28 11:58:00,33.743193272
2020-02-28 11:59:00,33.743193272
2020-02-28 12:00:00,33.767873782
2020-02-28 12:01:00,33.703704456
2020-02-28 12:02:00,33.66421564
2020-02-28 12:03:00,33.604982416
2020-02-28 12:04:00,33.64605078464
2020-02-28 12:05:00,33.63953513
2020-02-28 12:06:00,33.733321068
2020-02-28 12:07:00,33.75790285596
2020-02-28 12:08:00,33.723448864
2020-02-28 12:09:00,33.703704456
2020-02-28 12:10:00,33.733321068
2020-02-28 12:11:00,33.728384966
2020-02-28 12:12:00,33.743193272
2020-02-28 12:13:00,33.654343436
2020-02-28 12:14:00,33.683960048
2020-02-28 12:15:00,33.63953513
2020-02-28 12:16:00,33.654343436
2020-02-28 12:17:00,33.624726824
2020-02-28 12:18:00,33.624726824
2020-02-28 12:19:00,33.644471232
2020-02-28 12:20:00,33.693832252
2020-02-28 12:21:00,33.7145638804
2020-02-28 12:22:00,33.797490394
2020-02-28 12:23:00,33.76293768
2020-02-28 12:24:00,33.772809884
2020-02-28 12:25:00,33.703704456
2020-02-28 12:26:00,33.743193272
2020-02-28 12:27:00,33.792554292
2020-02-28 12:28:00,33.807362598
2020-02-28 12:29:00,33.851787516
2020-02-28 12:30:00,33.891276332
2020-02-28 12:31:00,33.96038176
2020-02-28 12:32:00,33.901148536
2020-02-28 12:33:00,33.96038176
2020-02-28 12:34:00,33.920892944
2020-02-28 12:35:00,33.930765148
2020-02-28 12:36:00,33.881404128
2020-02-28 12:37:00,33.85366323476
2020-02-28 12:38:00,33.970253964
2020-02-28 12:39:00,33.945573454
2020-02-28 12:40:00,33.930765148
2020-02-28 12:41:00,33.950509556
2020-02-28 12:42:00,33.980126168
2020-02-28 12:43:00,33.950509556
2020-02-28 12:44:00,33.896212434
2020-02-28 12:45:00,33.846851414
2020-02-28 12:46:00,33.772809884
2020-02-28 12:47:00,33.807362598
2020-02-28 12:48:00,33.782682088
2020-02-28 12:49:00,33.782682088
2020-02-28 12:50:00,33.792554292
2020-02-28 12:51:00,33.792554292
2020-02-28 12:52:00,33.851787516
2020-02-28 12:53:00,33.891276332
2020-02-28 12:54:00,33.881404128
2020-02-28 12:55:00,33.925829046
2020-02-28 12:56:00,33.930765148
2020-02-28 12:57:00,33.940637352
2020-02-28 12:58:00,33.930765148
2020-02-28 12:59:00,33.980126168
2020-02-28 13:00:00,33.999870576
2020-02-28 13:01:00,34.029487188
2020-02-28 13:02:00,34.019614984
2020-02-28 13:03:00,33.920892944
2020-02-28 13:04:00,33.91102074
2020-02-28 13:05:00,33.891276332
2020-02-28 13:06:00,33.930765148
2020-02-28 13:07:00,33.93570125
2020-02-28 13:08:00,33.980126168
2020-02-28 13:09:00,34.039359392
2020-02-28 13:10:00,34.049231596
2020-02-28 13:11:00,33.999870576
2020-02-28 13:12:00,33.980126168
2020-02-28 13:13:00,33.940637352
2020-02-28 13:14:00,33.851787516
2020-02-28 13:15:00,33.79038240712
2020-02-28 13:16:00,33.88663639612
2020-02-28 13:17:00,33.851787516
2020-02-28 13:18:00,33.901148536
2020-02-28 13:19:00,33.970253964
2020-02-28 13:20:00,33.896212434
2020-02-28 13:21:00,33.94744917276
2020-02-28 13:22:00,33.881404128
2020-02-28 13:23:00,33.86165972
2020-02-28 13:24:00,33.871531924
2020-02-28 13:25:00,33.866595822
2020-02-28 13:26:00,33.920892944
2020-02-28 13:27:00,33.91102074
2020-02-28 13:28:00,33.920892944
2020-02-28 13:29:00,33.91102074
2020-02-28 13:30:00,33.832043108
2020-02-28 13:31:00,33.743193272
2020-02-28 13:32:00,33.76293768
2020-02-28 13:33:00,33.79225812588
2020-02-28 13:34:00,33.703704456
2020-02-28 13:35:00,33.674087844
2020-02-28 13:36:00,33.703704456
2020-02-28 13:37:00,33.66421564
2020-02-28 13:38:00,33.68889615
2020-02-28 13:39:00,33.698768354
2020-02-28 13:40:00,33.674087844
2020-02-28 13:41:00,33.535876988
2020-02-28 13:42:00,33.555621396
2020-02-28 13:43:00,33.61485462
2020-02-28 13:44:00,33.585238008
2020-02-28 13:45:00,33.545749192
2020-02-28 13:46:00,33.51613258
2020-02-28 13:47:00,33.496388172
2020-02-28 13:48:00,33.456899356
2020-02-28 13:49:00,33.51613258
2020-02-28 13:50:00,33.585238008
2020-02-28 13:51:00,33.535876988
2020-02-28 13:52:00,33.585238008
2020-02-28 13:53:00,33.54081309
2020-02-28 13:54:00,33.526004784
2020-02-28 13:55:00,33.535876988
2020-02-28 13:56:00,33.526004784
2020-02-28 13:57:00,33.54081309
2020-02-28 13:58:00,33.550685294
2020-02-28 13:59:00,33.624726824
2020-02-28 14:00:00,33.624726824
2020-02-28 14:01:00,33.506260376
2020-02-28 14:02:00,33.526004784
2020-02-28 14:03:00,33.575365804
2020-02-28 14:04:00,33.535876988
2020-02-28 14:05:00,33.496388172
2020-02-28 14:06:00,33.51613258
2020-02-28 14:07:00,33.535876988
2020-02-28 14:08:00,33.5654936
2020-02-28 14:09:00,33.570429702
2020-02-28 14:10:00,33.61485462
2020-02-28 14:11:00,33.674087844
2020-02-28 14:12:00,33.733321068
2020-02-28 14:13:00,33.718512762
2020-02-28 14:14:00,33.772809884
2020-02-28 14:15:00,33.748129374
2020-02-28 14:16:00,33.753065476
2020-02-28 14:17:00,33.792554292
2020-02-28 14:18:00,33.772809884
2020-02-28 14:19:00,33.822170904
2020-02-28 14:20:00,33.841915312
2020-02-28 14:21:00,33.817234802
2020-02-28 14:22:00,33.93570125
2020-02-28 14:23:00,33.980126168
2020-02-28 14:24:00,33.930765148
2020-02-28 14:25:00,33.891276332
2020-02-28 14:26:00,33.93570125
2020-02-28 14:27:00,33.91102074
2020-02-28 14:28:00,33.871531924
2020-02-28 14:29:00,33.920892944
2020-02-28 14:30:00,33.881404128
2020-02-28 14:31:00,33.989998372
2020-02-28 14:32:00,33.980126168
2020-02-28 14:33:00,33.970253964
2020-02-28 14:34:00,33.970253964
2020-02-28 14:35:00,33.970253964
2020-02-28 14:36:00,33.871531924
2020-02-28 14:37:00,33.891276332
2020-02-28 14:38:00,33.950509556
2020-02-28 14:39:00,33.970253964
2020-02-28 14:40:00,33.91102074
2020-02-28 14:41:00,33.93994629772
2020-02-28 14:42:00,34.024551086
2020-02-28 14:43:00,34.039359392
2020-02-28 14:44:00,34.088720412
2020-02-28 14:45:00,34.147953636
2020-02-28 14:46:00,34.147953636
2020-02-28 14:47:00,34.10846482
2020-02-28 14:48:00,34.064039902
2020-02-28 14:49:00,34.049231596
2020-02-28 14:50:00,34.049231596
2020-02-28 14:51:00,34.078848208
2020-02-28 14:52:00,33.980126168
2020-02-28 14:53:00,33.970253964
2020-02-28 14:54:00,33.999870576
2020-02-28 14:55:00,33.96038176
2020-02-28 14:56:00,33.891276332
2020-02-28 14:57:00,33.86165972
2020-02-28 14:58:00,33.86165972
2020-02-28 14:59:00,33.86165972
2020-02-28 15:00:00,33.881404128
2020-02-28 15:01:00,33.866595822
2020-02-28 15:02:00,33.8122987
2020-02-28 15:03:00,33.782682088
2020-02-28 15:04:00,33.77962170476
2020-02-28 15:05:00,33.743193272
2020-02-28 15:06:00,33.703704456
2020-02-28 15:07:00,33.782682088
2020-02-28 15:08:00,33.723448864
2020-02-28 15:09:00,33.723448864
2020-02-28 15:10:00,33.708640558
2020-02-28 15:11:00,33.679023946
2020-02-28 15:12:00,33.723448864
2020-02-28 15:13:00,33.723448864
2020-02-28 15:14:00,33.73825717
2020-02-28 15:15:00,33.743193272
2020-02-28 15:16:00,33.792554292
2020-02-28 15:17:00,33.871531924
2020-02-28 15:18:00,33.822170904
2020-02-28 15:19:00,33.86165972
2020-02-28 15:20:00,33.802426496
2020-02-28 15:21:00,33.76293768
2020-02-28 15:22:00,33.753065476
2020-02-28 15:23:00,33.693832252
2020-02-28 15:24:00,33.71357666
2020-02-28 15:25:00,33.683960048
2020-02-28 15:26:00,33.669151742
2020-02-28 15:27:00,33.644471232
2020-02-28 15:28:00,33.644471232
2020-02-28 15:29:00,33.644471232
2020-02-28 15:30:00,33.5472300226
2020-02-28 15:31:00,33.61643417264
2020-02-28 15:32:00,33.644471232
2020-02-28 15:33:00,33.654343436
2020-02-28 15:34:00,33.580301906
2020-02-28 15:35:00,33.580301906
2020-02-28 15:36:00,33.575365804
2020-02-28 15:37:00,33.580301906
2020-02-28 15:38:00,33.624726824
2020-02-28 15:39:00,33.575365804
2020-02-28 15:40:00,33.604982416
2020-02-28 15:41:00,33.585238008
2020-02-28 15:42:00,33.567961651
2020-02-28 15:43:00,33.496388172
2020-02-28 15:44:00,33.51613258
2020-02-28 15:45:00,33.461835458
2020-02-28 15:46:00,33.644471232
2020-02-28 15:47:00,33.703704456
2020-02-28 15:48:00,33.644471232
2020-02-28 15:49:00,33.604982416
2020-02-28 15:50:00,33.733321068
2020-02-28 15:51:00,33.792554292
2020-02-28 15:52:00,33.881404128
2020-02-28 15:53:00,33.827107006
2020-02-28 15:54:00,33.871531924
2020-02-28 15:55:00,34.004806678
2020-02-28 15:56:00,33.98506227
2020-02-28 15:57:00,33.955445658
2020-02-28 15:58:00,34.00974278
2020-02-28 15:59:00,34.118337024
2020-02-28 16:00:00,34.197314656
2020-03-02 09:31:00,34.147953636
2020-03-02 09:32:00,34.0591038
2020-03-02 09:33:00,34.029487188
2020-03-02 09:34:00,34.118337024
2020-03-02 09:35:00,33.950509556
2020-03-02 09:36:00,34.00974278
2020-03-02 09:37:00,33.999870576
2020-03-02 09:38:00,33.980126168
2020-03-02 09:39:00,34.024551086
2020-03-02 09:40:00,34.04903415192
2020-03-02 09:41:00,34.172634146
2020-03-02 09:42:00,34.226931268
2020-03-02 09:43:00,34.162761942
2020-03-02 09:44:00,34.236803472
2020-03-02 09:45:00,34.217059064
2020-03-02 09:46:00,34.25654788
2020-03-02 09:47:00,34.236803472
2020-03-02 09:48:00,34.241739574
2020-03-02 09:49:00,34.202250758
2020-03-02 09:50:00,34.236803472
2020-03-02 09:51:00,34.266420084
2020-03-02 09:52:00,34.236803472
2020-03-02 09:53:00,34.20718686
2020-03-02 09:54:00,34.276292288
2020-03-02 09:55:00,34.25654788
2020-03-02 09:56:00,34.296036696
2020-03-02 09:57:00,34.147953636
2020-03-02 09:58:00,34.202250758
2020-03-02 09:59:00,34.15782584
2020-03-02 10:00:00,34.162761942
2020-03-02 10:01:00,34.0951373446
2020-03-02 10:02:00,34.068976004
2020-03-02 10:03:00,34.039359392
2020-03-02 10:04:00,34.0591038
2020-03-02 10:05:00,34.049231596
2020-03-02 10:06:00,33.96038176
2020-03-02 10:07:00,33.920892944
2020-03-02 10:08:00,33.901148536
2020-03-02 10:09:00,33.91102074
2020-03-02 10:10:00,33.871531924
2020-03-02 10:11:00,33.920892944
2020-03-02 10:12:00,33.955445658
2020-03-02 10:13:00,33.999870576
2020-03-02 10:14:00,34.049231596
2020-03-02 10:15:00,34.07401082804
2020-03-02 10:16:00,34.128209228
2020-03-02 10:17:00,34.147953636
2020-03-02 10:18:00,34.098592616
2020-03-02 10:19:00,34.138081432
2020-03-02 10:20:00,34.20718686
2020-03-02 10:21:00,34.13314533
2020-03-02 10:22:00,34.098592616
2020-03-02 10:23:00,34.064039902
2020-03-02 10:24:00,34.068976004
2020-03-02 10:25:00,34.123273126
2020-03-02 10:26:00,34.197314656
2020-03-02 10:27:00,34.187442452
2020-03-02 10:28:00,34.276292288
2020-03-02 10:29:00,34.25654788
2020-03-02 10:30:00,34.266420084
2020-03-02 10:31:00,34.177570248
2020-03-02 10:32:00,34.23364436672
2020-03-02 10:33:00,34.197314656
2020-03-02 10:34:00,34.315781104
2020-03-02 10:35:00,34.236803472
2020-03-02 10:36:00,34.276292288
2020-03-02 10:37:00,34.394758736
2020-03-02 10:38:00,34.345397716
2020-03-02 10:39:00,34.365142124
2020-03-02 10:40:00,34.375014328
2020-03-02 10:41:00,34.37995043
2020-03-02 10:42:00,34.375014328
2020-03-02 10:43:00,34.40463094
2020-03-02 10:44:00,34.384886532
2020-03-02 10:45:00,34.414503144
2020-03-02 10:46:00,34.424375348
2020-03-02 10:47:00,34.458928062
2020-03-02 10:48:00,34.473736368
2020-03-02 10:49:00,34.52803349
2020-03-02 10:50:00,34.532969592
2020-03-02 10:51:00,34.5611053734
2020-03-02 10:52:00,34.597138918
2020-03-02 10:53:00,34.57739451
2020-03-02 10:54:00,34.582330612
2020-03-02 10:55:00,34.57630856756
2020-03-02 10:56:00,34.582330612
2020-03-02 10:57:00,34.50335298
2020-03-02 10:58:00,34.434247552
2020-03-02 10:59:00,34.424375348
2020-03-02 11:00:00,34.375014328
2020-03-02 11:01:00,34.444119756
2020-03-02 11:02:00,34.394758736
2020-03-02 11:03:00,34.345397716
2020-03-02 11:04:00,34.414503144
2020-03-02 11:05:00,34.439183654
2020-03-02 11:06:00,34.463864164
2020-03-02 11:07:00,34.414503144
2020-03-02 11:08:00,34.42447407004
2020-03-02 11:09:00,34.375014328
2020-03-02 11:10:00,34.444119756
2020-03-02 11:11:00,34.50335298
2020-03-02 11:12:00,34.641563836
2020-03-02 11:13:00,34.690924856
2020-03-02 11:14:00,34.685988754
2020-03-02 11:15:00,34.690924856
2020-03-02 11:16:00,34.710669264
2020-03-02 11:17:00,34.70079706
2020-03-02 11:18:00,34.65143604
2020-03-02 11:19:00,34.636627734
2020-03-02 11:20:00,34.644031887
2020-03-02 11:21:00,34.70079706
2020-03-02 11:22:00,34.740285876
2020-03-02 11:23:00,34.760030284
2020-03-02 11:24:00,34.755094182
2020-03-02 11:25:00,34.740285876
2020-03-02 11:26:00,34.829135712
2020-03-02 11:27:00,34.794582998
2020-03-02 11:28:00,34.819263508
2020-03-02 11:29:00,34.868624528
2020-03-02 11:30:00,34.843944018
2020-03-02 11:31:00,34.888368936
2020-03-02 11:32:00,34.868624528
2020-03-02 11:33:00,34.84888012
2020-03-02 11:34:00,34.84888012
2020-03-02 11:35:00,34.7995191
2020-03-02 11:36:00,34.839007916
2020-03-02 11:37:00,34.883432834
2020-03-02 11:38:00,34.89824114
2020-03-02 11:39:00,34.927857752
2020-03-02 11:40:00,34.94760216
2020-03-02 11:41:00,34.878496732
2020-03-02 11:42:00,34.84888012
2020-03-02 11:43:00,34.80109865264
2020-03-02 11:44:00,34.84888012
2020-03-02 11:45:00,34.878496732
2020-03-02 11:46:00,34.858752324
2020-03-02 11:47:00,34.85045967264
2020-03-02 11:48:00,34.868624528
2020-03-02 11:49:00,34.89824114
2020-03-02 11:50:00,34.888368936
2020-03-02 11:51:00,34.84897884204
2020-03-02 11:52:00,34.888368936
2020-03-02 11:53:00,34.9120622256
2020-03-02 11:54:00,34.89745136368
2020-03-02 11:55:00,34.93605168132
2020-03-02 11:56:00,35.011771486
2020-03-02 11:57:00,35.011771486
2020-03-02 11:58:00,34.987090976
2020-03-02 11:59:00,35.001899282
2020-03-02 12:00:00,35.026579792
2020-03-02 12:01:00,35.051260302
2020-03-02 12:02:00,35.02648106996
2020-03-02 12:03:00,35.016707588
2020-03-02 12:04:00,35.006835384
2020-03-02 12:05:00,35.026579792
2020-03-02 12:06:00,35.075940812
2020-03-02 12:07:00,35.0463242
2020-03-02 12:08:00,35.026579792
2020-03-02 12:09:00,35.02164369
2020-03-02 12:10:00,35.031515894
2020-03-02 12:11:00,34.987090976
2020-03-02 12:12:00,34.99696318
2020-03-02 12:13:00,34.987090976
2020-03-02 12:14:00,35.00367627872
2020-03-02 12:15:00,34.99696318
2020-03-02 12:16:00,34.967346568
2020-03-02 12:17:00,34.967346568
2020-03-02 12:18:00,34.977218772
2020-03-02 12:19:00,34.97228267
2020-03-02 12:20:00,34.952538262
2020-03-02 12:21:00,34.957474364
2020-03-02 12:22:00,34.927857752
2020-03-02 12:23:00,34.917985548
2020-03-02 12:24:00,34.878496732
2020-03-02 12:25:00,34.89824114
2020-03-02 12:26:00,34.94760216
2020-03-02 12:27:00,34.952538262
2020-03-02 12:28:00,34.957474364
2020-03-02 12:29:00,34.94760216
2020-03-02 12:30:00,34.957474364
2020-03-02 12:31:00,34.937729956
2020-03-02 12:32:00,34.97228267
2020-03-02 12:33:00,35.085813016
2020-03-02 12:34:00,35.09568522
2020-03-02 12:35:00,35.056196404
2020-03-02 12:36:00,35.100621322
2020-03-02 12:37:00,35.154918444
2020-03-02 12:38:00,35.149982342
2020-03-02 12:39:00,35.14504624
2020-03-02 12:40:00,35.125301832
2020-03-02 12:41:00,35.164790648
2020-03-02 12:42:00,35.105557424
2020-03-02 12:43:00,35.100621322
2020-03-02 12:44:00,35.075940812
2020-03-02 12:45:00,35.09568522
2020-03-02 12:46:00,35.125301832
2020-03-02 12:47:00,35.135174036
2020-03-02 12:48:00,35.100621322
2020-03-02 12:49:00,35.135174036
2020-03-02 12:50:00,35.105557424
2020-03-02 12:51:00,35.09568522
2020-03-02 12:52:00,35.115429628
2020-03-02 12:53:00,35.135174036
2020-03-02 12:54:00,35.140110138
2020-03-02 12:55:00,35.14504624
2020-03-02 12:56:00,35.115429628
2020-03-02 12:57:00,35.16972675
2020-03-02 12:58:00,35.135174036
2020-03-02 12:59:00,35.115429628
2020-03-02 13:00:00,35.14504624
2020-03-02 13:01:00,35.189471158
2020-03-02 13:02:00,35.154918444
2020-03-02 13:03:00,35.105557424
2020-03-02 13:04:00,35.135174036
2020-03-02 13:05:00,35.16972675
2020-03-02 13:06:00,35.056196404
2020-03-02 13:07:00,35.09568522
2020-03-02 13:08:00,35.075940812
2020-03-02 13:09:00,35.090749118
2020-03-02 13:10:00,35.066068608
2020-03-02 13:11:00,35.09568522
2020-03-02 13:12:00,35.075940812
2020-03-02 13:13:00,35.07781653076
2020-03-02 13:14:00,35.105557424
2020-03-02 13:15:00,35.110493526
2020-03-02 13:16:00,35.041388098
2020-03-02 13:17:00,35.02164369
2020-03-02 13:18:00,35.0157203676
2020-03-02 13:19:00,34.992027078
2020-03-02 13:20:00,34.97879832464
2020-03-02 13:21:00,34.987090976
2020-03-02 13:22:00,34.967346568
2020-03-02 13:23:00,34.967346568
2020-03-02 13:24:00,34.94760216
2020-03-02 13:25:00,34.927857752
2020-03-02 13:26:00,34.888368936
2020-03-02 13:27:00,34.878496732
2020-03-02 13:28:00,34.82419961
2020-03-02 13:29:00,34.853816222
2020-03-02 13:30:00,34.868624528
2020-03-02 13:31:00,34.858752324
2020-03-02 13:32:00,34.809391304
2020-03-02 13:33:00,34.858752324
2020-03-02 13:34:00,34.858752324
2020-03-02 13:35:00,34.86536670068
2020-03-02 13:36:00,34.917985548
2020-03-02 13:37:00,34.908113344
2020-03-02 13:38:00,34.952538262
2020-03-02 13:39:00,34.97228267
2020-03-02 13:40:00,34.977218772
2020-03-02 13:41:00,34.952538262
2020-03-02 13:42:00,34.967346568
2020-03-02 13:43:00,34.917985548
2020-03-02 13:44:00,34.937729956
2020-03-02 13:45:00,34.977218772
2020-03-02 13:46:00,34.977218772
2020-03-02 13:47:00,34.962410466
2020-03-02 13:48:00,34.888368936
2020-03-02 13:49:00,34.868624528
2020-03-02 13:50:00,34.868624528
2020-03-02 13:51:00,34.92292165
2020-03-02 13:52:00,34.868624528
2020-03-02 13:53:00,34.834071814
2020-03-02 13:54:00,34.83140631892
2020-03-02 13:55:00,34.839007916
2020-03-02 13:56:00,34.8923178176
2020-03-02 13:57:00,34.90801462196
2020-03-02 13:58:00,34.927857752
2020-03-02 13:59:00,34.94760216
2020-03-02 14:00:00,34.967346568
2020-03-02 14:01:00,34.93743378988
2020-03-02 14:02:00,35.02164369
2020-03-02 14:03:00,34.982154874
2020-03-02 14:04:00,34.977218772
2020-03-02 14:05:00,34.987090976
2020-03-02 14:06:00,34.942666058
2020-03-02 14:07:00,34.908113344
2020-03-02 14:08:00,34.888368936
2020-03-02 14:09:00,34.89824114
2020-03-02 14:10:00,34.932793854
2020-03-02 14:11:00,34.89824114
2020-03-02 14:12:00,34.903177242
2020-03-02 14:13:00,34.908113344
2020-03-02 14:14:00,34.92292165
2020-03-02 14:15:00,34.932793854
2020-03-02 14:16:00,34.888368936
2020-03-02 14:17:00,34.868624528
2020-03-02 14:18:00,34.868624528
2020-03-02 14:19:00,34.89824114
2020-03-02 14:20:00,34.8873817156
2020-03-02 14:21:00,34.868624528
2020-03-02 14:22:00,34.843944018
2020-03-02 14:23:00,34.858752324
2020-03-02 14:24:00,34.858752324
2020-03-02 14:25:00,34.809391304
2020-03-02 14:26:00,34.779774692
2020-03-02 14:27:00,34.760030284
2020-03-02 14:28:00,34.769902488
2020-03-02 14:29:00,34.75015808
2020-03-02 14:30:00,34.690924856
2020-03-02 14:31:00,34.740285876
2020-03-02 14:32:00,34.72547757
2020-03-02 14:33:00,34.730413672
2020-03-02 14:34:00,34.760030284
2020-03-02 14:35:00,34.67611655
2020-03-02 14:36:00,34.70079706
2020-03-02 14:37:00,34.666244346
2020-03-02 14:38:00,34.671180448
2020-03-02 14:39:00,34.641563836
2020-03-02 14:40:00,34.62675553
2020-03-02 14:41:00,34.592202816
2020-03-02 14:42:00,34.592202816
2020-03-02 14:43:00,34.552714
2020-03-02 14:44:00,34.552714
2020-03-02 14:45:00,34.582330612
2020-03-02 14:46:00,34.611947224
2020-03-02 14:47:00,34.67611655
2020-03-02 14:48:00,34.710669264
2020-03-02 14:49:00,34.730413672
2020-03-02 14:50:00,34.779774692
2020-03-02 14:51:00,34.745221978
2020-03-02 14:52:00,34.769902488
2020-03-02 14:53:00,34.7995191
2020-03-02 14:54:00,34.819263508
2020-03-02 14:55:00,34.794582998
2020-03-02 14:56:00,34.794582998
2020-03-02 14:57:00,34.769902488
2020-03-02 14:58:00,34.769902488
2020-03-02 14:59:00,34.764966386
2020-03-02 15:00:00,34.730413672
2020-03-02 15:01:00,34.789646896
2020-03-02 15:02:00,34.794582998
2020-03-02 15:03:00,34.809391304
2020-03-02 15:04:00,34.784710794
2020-03-02 15:05:00,34.804455202
2020-03-02 15:06:00,34.819263508
2020-03-02 15:07:00,34.858752324
2020-03-02 15:08:00,34.84888012
2020-03-02 15:09:00,34.868624528
2020-03-02 15:10:00,34.84888012
2020-03-02 15:11:00,34.868624528
2020-03-02 15:12:00,34.839007916
2020-03-02 15:13:00,34.868624528
2020-03-02 15:14:00,34.86398459212
2020-03-02 15:15:00,34.90653379136
2020-03-02 15:16:00,34.843944018
2020-03-02 15:17:00,34.903177242
2020-03-02 15:18:00,34.913049446
2020-03-02 15:19:00,34.868624528
2020-03-02 15:20:00,34.858752324
2020-03-02 15:21:00,34.888368936
2020-03-02 15:22:00,34.942666058
2020-03-02 15:23:00,34.99696318
2020-03-02 15:24:00,35.031515894
2020-03-02 15:25:00,35.056196404
2020-03-02 15:26:00,35.0463242
2020-03-02 15:27:00,35.066068608
2020-03-02 15:28:00,35.051260302
2020-03-02 15:29:00,35.026579792
2020-03-02 15:30:00,35.02164369
2020-03-02 15:31:00,35.011771486
2020-03-02 15:32:00,35.0463242
2020-03-02 15:33:00,35.051260302
2020-03-02 15:34:00,35.051260302
2020-03-02 15:35:00,35.0463242
2020-03-02 15:36:00,35.125301832
2020-03-02 15:37:00,35.125301832
2020-03-02 15:38:00,35.110493526
2020-03-02 15:39:00,35.164790648
2020-03-02 15:40:00,35.159854546
2020-03-02 15:41:00,35.149982342
2020-03-02 15:42:00,35.164790648
2020-03-02 15:43:00,35.159854546
2020-03-02 15:44:00,35.110493526
2020-03-02 15:45:00,35.135174036
2020-03-02 15:46:00,35.115429628
2020-03-02 15:47:00,35.248704382
2020-03-02 15:48:00,35.238832178
2020-03-02 15:49:00,35.228959974
2020-03-02 15:50:00,35.24376828
2020-03-02 15:51:00,35.278320994
2020-03-02 15:52:00,35.298065402
2020-03-02 15:53:00,35.26844879
2020-03-02 15:54:00,35.347426422
2020-03-02 15:55:00,35.421467952
2020-03-02 15:56:00,35.381979136
2020-03-02 15:57:00,35.347426422
2020-03-02 15:58:00,35.436276258
2020-03-02 15:59:00,35.451084564
2020-03-02 16:00:00,35.500445584
2020-03-03 09:31:00,35.530062196
2020-03-03 09:32:00,35.559678808
2020-03-03 09:33:00,35.648528644
2020-03-03 09:34:00,35.83610052
2020-03-03 09:35:00,35.796611704
2020-03-03 09:36:00,35.88546154
2020-03-03 09:37:00,35.796611704
2020-03-03 09:38:00,35.7867395
2020-03-03 09:39:00,35.954566968
2020-03-03 09:40:00,35.93482256
2020-03-03 09:41:00,35.929886458
2020-03-03 09:42:00,35.915078152
2020-03-03 09:43:00,36.122394436
2020-03-03 09:44:00,36.2216100862
2020-03-03 09:45:00,36.201372068
2020-03-03 09:46:00,36.221116476
2020-03-03 09:47:00,36.191499864
2020-03-03 09:48:00,36.137202742
2020-03-03 09:49:00,36.08290562
2020-03-03 09:50:00,36.15694715
2020-03-03 09:51:00,36.15694715
2020-03-03 09:52:00,36.102650028
2020-03-03 09:53:00,36.10758613
2020-03-03 09:54:00,36.102650028
2020-03-03 09:55:00,36.102650028
2020-03-03 09:56:00,36.092777824
2020-03-03 09:57:00,36.112522232
2020-03-03 09:58:00,36.18162766
2020-03-03 09:59:00,36.20630817
2020-03-03 10:00:00,36.13226664
2020-03-03 10:01:00,36.852937532
2020-03-03 10:02:00,36.635749044
2020-03-03 10:03:00,36.665365656
2020-03-03 10:04:00,36.62587684
2020-03-03 10:05:00,36.616004636
2020-03-03 10:06:00,36.388943944
2020-03-03 10:07:00,36.546899208
2020-03-03 10:08:00,36.408688352
2020-03-03 10:09:00,36.5271548
2020-03-03 10:10:00,36.448177168
2020-03-03 10:11:00,36.42843276
2020-03-03 10:12:00,36.448177168
2020-03-03 10:13:00,36.388943944
2020-03-03 10:14:00,36.37907174
2020-03-03 10:15:00,36.398816148
2020-03-03 10:16:00,36.309966312
2020-03-03 10:17:00,36.645621248
2020-03-03 10:18:00,36.47779378
2020-03-03 10:19:00,36.62587684
2020-03-03 10:20:00,36.47779378
2020-03-03 10:21:00,36.541963106
2020-03-03 10:22:00,36.546899208
2020-03-03 10:23:00,36.616004636
2020-03-03 10:24:00,36.556771412
2020-03-03 10:25:00,36.685110064
2020-03-03 10:26:00,36.541963106
2020-03-03 10:27:00,36.704854472
2020-03-03 10:28:00,36.7739599
2020-03-03 10:29:00,36.813448716
2020-03-03 10:30:00,36.764087696
2020-03-03 10:31:00,36.843065328
2020-03-03 10:32:00,36.72459888
2020-03-03 10:33:00,36.606132432
2020-03-03 10:34:00,36.704854472
2020-03-03 10:35:00,36.690046166
2020-03-03 10:36:00,36.72459888
2020-03-03 10:37:00,36.7739599
2020-03-03 10:38:00,36.843065328
2020-03-03 10:39:00,36.87268194
2020-03-03 10:40:00,36.783832104
2020-03-03 10:41:00,36.828257022
2020-03-03 10:42:00,36.907234654
2020-03-03 10:43:00,36.892426348
2020-03-03 10:44:00,36.8045637324
2020-03-03 10:45:00,36.808512614
2020-03-03 10:46:00,36.843065328
2020-03-03 10:47:00,36.852937532
2020-03-03 10:48:00,36.7739599
2020-03-03 10:49:00,36.754215492
2020-03-03 10:50:00,36.694982268
2020-03-03 10:51:00,36.744343288
2020-03-03 10:52:00,36.665365656
2020-03-03 10:53:00,36.704854472
2020-03-03 10:54:00,36.714726676
2020-03-03 10:55:00,36.714726676
2020-03-03 10:56:00,36.793704308
2020-03-03 10:57:00,36.833193124
2020-03-03 10:58:00,36.82332092
2020-03-03 10:59:00,36.833193124
2020-03-03 11:00:00,36.833193124
2020-03-03 11:01:00,36.82332092
2020-03-03 11:02:00,36.833193124
2020-03-03 11:03:00,36.803576512
2020-03-03 11:04:00,36.729534982
2020-03-03 11:05:00,36.754215492
2020-03-03 11:06:00,36.645621248
2020-03-03 11:07:00,36.616004636
2020-03-03 11:08:00,36.561707514
2020-03-03 11:09:00,36.5054359512
2020-03-03 11:10:00,36.5271548
2020-03-03 11:11:00,36.507410392
2020-03-03 11:12:00,36.47779378
2020-03-03 11:13:00,36.37907174
2020-03-03 11:14:00,36.349455128
2020-03-03 11:15:00,36.319838516
2020-03-03 11:16:00,36.497538188
2020-03-03 11:17:00,36.497538188
2020-03-03 11:18:00,36.5271548
2020-03-03 11:19:00,36.50247429
2020-03-03 11:20:00,36.5271548
2020-03-03 11:21:00,36.497538188
2020-03-03 11:22:00,36.487665984
2020-03-03 11:23:00,36.596260228
2020-03-03 11:24:00,36.408688352
2020-03-03 11:25:00,36.339582924
2020-03-03 11:26:00,36.270477496
2020-03-03 11:27:00,36.309966312
2020-03-03 11:28:00,36.300094108
2020-03-03 11:29:00,36.37907174
2020-03-03 11:30:00,36.23098868
2020-03-03 11:31:00,36.161883252
2020-03-03 11:32:00,36.18162766
2020-03-03 11:33:00,36.23098868
2020-03-03 11:34:00,36.270477496
2020-03-03 11:35:00,36.319838516
2020-03-03 11:36:00,36.240860884
2020-03-03 11:37:00,36.221116476
2020-03-03 11:38:00,36.270477496
2020-03-03 11:39:00,36.319838516
2020-03-03 11:40:00,36.408688352
2020-03-03 11:41:00,36.507410392
2020-03-03 11:42:00,36.398816148
2020-03-03 11:43:00,36.398816148
2020-03-03 11:44:00,36.37907174
2020-03-03 11:45:00,36.487665984
2020-03-03 11:46:00,36.408688352
2020-03-03 11:47:00,36.418560556
2020-03-03 11:48:00,36.418560556
2020-03-03 11:49:00,36.37907174
2020-03-03 11:50:00,36.388943944
2020-03-03 11:51:00,36.42843276
2020-03-03 11:52:00,36.472857678
2020-03-03 11:53:00,36.467921576
2020-03-03 11:54:00,36.556771412
2020-03-03 11:55:00,36.566643616
2020-03-03 11:56:00,36.566643616
2020-03-03 11:57:00,36.60603370996
2020-03-03 11:58:00,36.640685146
2020-03-03 11:59:00,36.67523786
2020-03-03 12:00:00,36.680173962
2020-03-03 12:01:00,36.655493452
2020-03-03 12:02:00,36.60603370996
2020-03-03 12:03:00,36.606132432
2020-03-03 12:04:00,36.616004636
2020-03-03 12:05:00,36.67523786
2020-03-03 12:06:00,36.685110064
2020-03-03 12:07:00,36.630812942
2020-03-03 12:08:00,36.635749044
2020-03-03 12:09:00,36.665365656
2020-03-03 12:10:00,36.694982268
2020-03-03 12:11:00,36.655493452
2020-03-03 12:12:00,36.616004636
2020-03-03 12:13:00,36.596260228
2020-03-03 12:14:00,36.537027004
2020-03-03 12:15:00,36.492602086
2020-03-03 12:16:00,36.47779378
2020-03-03 12:17:00,36.467921576
2020-03-03 12:18:00,36.45311327
2020-03-03 12:19:00,36.47779378
2020-03-03 12:20:00,36.497538188
2020-03-03 12:21:00,36.467921576
2020-03-03 12:22:00,36.45311327
2020-03-03 12:23:00,36.50247429
2020-03-03 12:24:00,36.517282596
2020-03-03 12:25:00,36.546899208
2020-03-03 12:26:00,36.517282596
2020-03-03 12:27:00,36.418560556
2020-03-03 12:28:00,36.418560556
2020-03-03 12:29:00,36.408688352
2020-03-03 12:30:00,36.438304964
2020-03-03 12:31:00,36.42843276
2020-03-03 12:32:00,36.487665984
2020-03-03 12:33:00,36.458049372
2020-03-03 12:34:00,36.497538188
2020-03-03 12:35:00,36.47779378
2020-03-03 12:36:00,36.47779378
2020-03-03 12:37:00,36.458049372
2020-03-03 12:38:00,36.487665984
2020-03-03 12:39:00,36.512346494
2020-03-03 12:40:00,36.581451922
2020-03-03 12:41:00,36.616004636
2020-03-03 12:42:00,36.596260228
2020-03-03 12:43:00,36.561707514
2020-03-03 12:44:00,36.556771412
2020-03-03 12:45:00,36.537027004
2020-03-03 12:46:00,36.571579718
2020-03-03 12:47:00,36.57651582
2020-03-03 12:48:00,36.62587684
2020-03-03 12:49:00,36.62587684
2020-03-03 12:50:00,36.6243960094
2020-03-03 12:51:00,36.606132432
2020-03-03 12:52:00,36.5928049566
2020-03-03 12:53:00,36.57651582
2020-03-03 12:54:00,36.566643616
2020-03-03 12:55:00,36.5271548
2020-03-03 12:56:00,36.507410392
2020-03-03 12:57:00,36.487665984
2020-03-03 12:58:00,36.49773563208
2020-03-03 12:59:00,36.55183531
2020-03-03 13:00:00,36.537027004
2020-03-03 13:01:00,36.462985474
2020-03-03 13:02:00,36.46091231116
2020-03-03 13:03:00,36.482729882
2020-03-03 13:04:00,36.438304964
2020-03-03 13:05:00,36.487665984
2020-03-03 13:06:00,36.507410392
2020-03-03 13:07:00,36.537027004
2020-03-03 13:08:00,36.5271548
2020-03-03 13:09:00,36.537027004
2020-03-03 13:10:00,36.522218698
2020-03-03 13:11:00,36.537027004
2020-03-03 13:12:00,36.586388024
2020-03-03 13:13:00,36.5454183774
2020-03-03 13:14:00,36.517282596
2020-03-03 13:15:00,36.458049372
2020-03-03 13:16:00,36.487665984
2020-03-03 13:17:00,36.50247429
2020-03-03 13:18:00,36.482729882
2020-03-03 13:19:00,36.492602086
2020-03-03 13:20:00,36.467921576
2020-03-03 13:21:00,36.507410392
2020-03-03 13:22:00,36.40375225
2020-03-03 13:23:00,36.398816148
2020-03-03 13:24:00,36.374135638
2020-03-03 13:25:00,36.369199536
2020-03-03 13:26:00,36.349455128
2020-03-03 13:27:00,36.270477496
2020-03-03 13:28:00,36.250733088
2020-03-03 13:29:00,36.319838516
2020-03-03 13:30:00,36.359327332
2020-03-03 13:31:00,36.32971072
2020-03-03 13:32:00,36.290221904
2020-03-03 13:33:00,36.260605292
2020-03-03 13:34:00,36.35439123
2020-03-03 13:35:00,36.398816148
2020-03-03 13:36:00,36.42843276
2020-03-03 13:37:00,36.3973353174
2020-03-03 13:38:00,36.37907174
2020-03-03 13:39:00,36.398816148
2020-03-03 13:40:00,36.398816148
2020-03-03 13:41:00,36.334646822
2020-03-03 13:42:00,36.23098868
2020-03-03 13:43:00,36.17580305964
2020-03-03 13:44:00,36.102650028
2020-03-03 13:45:00,36.063161212
2020-03-03 13:46:00,36.102650028
2020-03-03 13:47:00,36.14204012196
2020-03-03 13:48:00,36.08290562
2020-03-03 13:49:00,36.053289008
2020-03-03 13:50:00,36.048352906
2020-03-03 13:51:00,36.112522232
2020-03-03 13:52:00,36.102650028
2020-03-03 13:53:00,36.0335446
2020-03-03 13:54:00,36.00886409
2020-03-03 13:55:00,36.038480702
2020-03-03 13:56:00,36.077969518
2020-03-03 13:57:00,36.10758613
2020-03-03 13:58:00,36.092777824
2020-03-03 13:59:00,36.122394436
2020-03-03 14:00:00,36.063161212
2020-03-03 14:01:00,36.0335446
2020-03-03 14:02:00,36.073033416
2020-03-03 14:03:00,36.0335446
2020-03-03 14:04:00,35.994055784
2020-03-03 14:05:00,35.949630866
2020-03-03 14:06:00,35.905205948
2020-03-03 14:07:00,35.806483908
2020-03-03 14:08:00,35.83610052
2020-03-03 14:09:00,35.826228316
2020-03-03 14:10:00,35.727506276
2020-03-03 14:11:00,35.727506276
2020-03-03 14:12:00,35.855844928
2020-03-03 14:13:00,35.766995092
2020-03-03 14:14:00,35.826228316
2020-03-03 14:15:00,35.93482256
2020-03-03 14:16:00,35.974311376
2020-03-03 14:17:00,35.91014205
2020-03-03 14:18:00,35.776867296
2020-03-03 14:19:00,35.71269797
2020-03-03 14:20:00,35.732442378
2020-03-03 14:21:00,35.66333695
2020-03-03 14:22:00,35.73737848
2020-03-03 14:23:00,35.826228316
2020-03-03 14:24:00,35.68801746
2020-03-03 14:25:00,35.68801746
2020-03-03 14:26:00,35.747250684
2020-03-03 14:27:00,35.7867395
2020-03-03 14:28:00,35.924950356
2020-03-03 14:29:00,35.964439172
2020-03-03 14:30:00,35.974311376
2020-03-03 14:31:00,35.93482256
2020-03-03 14:32:00,35.994055784
2020-03-03 14:33:00,36.043416804
2020-03-03 14:34:00,36.053289008
2020-03-03 14:35:00,36.053289008
2020-03-03 14:36:00,35.98418358
2020-03-03 14:37:00,36.0335446
2020-03-03 14:38:00,36.03344587796
2020-03-03 14:39:00,36.003927988
2020-03-03 14:40:00,35.929886458
2020-03-03 14:41:00,35.88546154
2020-03-03 14:42:00,35.875589336
2020-03-03 14:43:00,35.8997762358
2020-03-03 14:44:00,35.937290611
2020-03-03 14:45:00,35.929886458
2020-03-03 14:46:00,35.98418358
2020-03-03 14:47:00,36.063161212
2020-03-03 14:48:00,36.122394436
2020-03-03 14:49:00,36.112522232
2020-03-03 14:50:00,36.161883252
2020-03-03 14:51:00,36.122394436
2020-03-03 14:52:00,36.0335446
2020-03-03 14:53:00,36.092777824
2020-03-03 14:54:00,36.142138844
2020-03-03 14:55:00,36.211244272
2020-03-03 14:56:00,36.216180374
2020-03-03 14:57:00,36.18162766
2020-03-03 14:58:00,36.161883252
2020-03-03 14:59:00,36.102650028
2020-03-03 15:00:00,36.142138844
2020-03-03 15:01:00,36.201372068
2020-03-03 15:02:00,36.250733088
2020-03-03 15:03:00,36.25566919
2020-03-03 15:04:00,36.344519026
2020-03-03 15:05:00,36.359327332
2020-03-03 15:06:00,36.349455128
2020-03-03 15:07:00,36.339582924
2020-03-03 15:08:00,36.339582924
2020-03-03 15:09:00,36.339582924
2020-03-03 15:10:00,36.339582924
2020-03-03 15:11:00,36.339582924
2020-03-03 15:12:00,36.507410392
2020-03-03 15:13:00,36.57651582
2020-03-03 15:14:00,36.616004636
2020-03-03 15:15:00,36.566643616
2020-03-03 15:16:00,36.517282596
2020-03-03 15:17:00,36.462985474
2020-03-03 15:18:00,36.546899208
2020-03-03 15:19:00,36.57651582
2020-03-03 15:20:00,36.586388024
2020-03-03 15:21:00,36.467921576
2020-03-03 15:22:00,36.438304964
2020-03-03 15:23:00,36.398816148
2020-03-03 15:24:00,36.300094108
2020-03-03 15:25:00,36.300094108
2020-03-03 15:26:00,36.369199536
2020-03-03 15:27:00,36.408688352
2020-03-03 15:28:00,36.517282596
2020-03-03 15:29:00,36.57651582
2020-03-03 15:30:00,36.566643616
2020-03-03 15:31:00,36.47779378
2020-03-03 15:32:00,36.37907174
2020-03-03 15:33:00,36.369199536
2020-03-03 15:34:00,36.319838516
2020-03-03 15:35:00,36.408688352
2020-03-03 15:36:00,36.35439123
2020-03-03 15:37:00,36.339582924
2020-03-03 15:38:00,36.2803497
2020-03-03 15:39:00,36.250733088
2020-03-03 15:40:00,36.211244272
2020-03-03 15:41:00,36.250733088
2020-03-03 15:42:00,36.364263434
2020-03-03 15:43:00,36.438304964
2020-03-03 15:44:00,36.467921576
2020-03-03 15:45:00,36.497538188
2020-03-03 15:46:00,36.566643616
2020-03-03 15:47:00,36.561707514
2020-03-03 15:48:00,36.497538188
2020-03-03 15:49:00,36.512346494
2020-03-03 15:50:00,36.413624454
2020-03-03 15:51:00,36.250733088
2020-03-03 15:52:00,36.161883252
2020-03-03 15:53:00,36.191499864
2020-03-03 15:54:00,36.186563762
2020-03-03 15:55:00,36.359327332
2020-03-03 15:56:00,36.388943944
2020-03-03 15:57:00,36.260605292
2020-03-03 15:58:00,36.245796986
2020-03-03 15:59:00,36.300094108
2020-03-03 16:00:00,36.250733088
2020-03-04 09:31:00,36.744343288
2020-03-04 09:32:00,36.803576512
2020-03-04 09:33:00,36.882554144
2020-03-04 09:34:00,36.97140398
2020-03-04 09:35:00,37.015828898
2020-03-04 09:36:00,37.020765
2020-03-04 09:37:00,37.158975856
2020-03-04 09:38:00,37.099742632
2020-03-04 09:39:00,37.208336876
2020-03-04 09:40:00,37.188592468
2020-03-04 09:41:00,37.23193144356
2020-03-04 09:42:00,37.2419023696
2020-03-04 09:43:00,37.2784295244
2020-03-04 09:44:00,37.336675528
2020-03-04 09:45:00,37.455141976
2020-03-04 09:46:00,37.386036548
2020-03-04 09:47:00,37.39097265
2020-03-04 09:48:00,37.524247404
2020-03-04 09:49:00,37.524247404
2020-03-04 09:50:00,37.40351034908
2020-03-04 09:51:00,37.425525364
2020-03-04 09:52:00,37.425525364
2020-03-04 09:53:00,37.405780956
2020-03-04 09:54:00,37.38613527004
2020-03-04 09:55:00,37.2675701
2020-03-04 09:56:00,37.336675528
2020-03-04 09:57:00,37.36629214
2020-03-04 09:58:00,37.405780956
2020-03-04 09:59:00,37.361356038
2020-03-04 10:00:00,37.346547732
2020-03-04 10:01:00,37.41565316
2020-03-04 10:02:00,37.36629214
2020-03-04 10:03:00,37.307058916
2020-03-04 10:04:00,37.16884806
2020-03-04 10:05:00,37.188592468
2020-03-04 10:06:00,37.149103652
2020-03-04 10:07:00,37.109614836
2020-03-04 10:08:00,37.208336876
2020-03-04 10:09:00,37.302122814
2020-03-04 10:10:00,37.29225061
2020-03-04 10:11:00,37.307058916
2020-03-04 10:12:00,37.386036548
2020-03-04 10:13:00,37.36629214
2020-03-04 10:14:00,37.336675528
2020-03-04 10:15:00,37.356419936
2020-03-04 10:16:00,37.381100446
2020-03-04 10:17:00,37.376164344
2020-03-04 10:18:00,37.46501418
2020-03-04 10:19:00,37.450205874
2020-03-04 10:20:00,37.46501418
2020-03-04 10:21:00,37.430461466
2020-03-04 10:22:00,37.484758588
2020-03-04 10:23:00,37.504502996
2020-03-04 10:24:00,37.46501418
2020-03-04 10:25:00,37.41308638696
2020-03-04 10:26:00,37.425525364
2020-03-04 10:27:00,37.41565316
2020-03-04 10:28:00,37.351483834
2020-03-04 10:29:00,37.356419936
2020-03-04 10:30:00,37.307058916
2020-03-04 10:31:00,37.307058916
2020-03-04 10:32:00,37.277442304
2020-03-04 10:33:00,37.307058916
2020-03-04 10:34:00,37.277442304
2020-03-04 10:35:00,37.282378406
2020-03-04 10:36:00,37.336675528
2020-03-04 10:37:00,37.356419936
2020-03-04 10:38:00,37.36787169264
2020-03-04 10:39:00,37.326803324
2020-03-04 10:40:00,37.307058916
2020-03-04 10:41:00,37.287314508
2020-03-04 10:42:00,37.262633998
2020-03-04 10:43:00,37.2675701
2020-03-04 10:44:00,37.287314508
2020-03-04 10:45:00,37.36629214
2020-03-04 10:46:00,37.376164344
2020-03-04 10:47:00,37.336675528
2020-03-04 10:48:00,37.326803324
2020-03-04 10:49:00,37.287314508
2020-03-04 10:50:00,37.326803324
2020-03-04 10:51:00,37.307058916
2020-03-04 10:52:00,37.31693112
2020-03-04 10:53:00,37.331739426
2020-03-04 10:54:00,37.31693112
2020-03-04 10:55:00,37.282378406
2020-03-04 10:56:00,37.277442304
2020-03-04 10:57:00,37.257697896
2020-03-04 10:58:00,37.29225061
2020-03-04 10:59:00,37.326803324
2020-03-04 11:00:00,37.361356038
2020-03-04 11:01:00,37.445269772
2020-03-04 11:02:00,37.484758588
2020-03-04 11:03:00,37.45247648092
2020-03-04 11:04:00,37.36629214
2020-03-04 11:05:00,37.361356038
2020-03-04 11:06:00,37.41565316
2020-03-04 11:07:00,37.425525364
2020-03-04 11:08:00,37.376164344
2020-03-04 11:09:00,37.326803324
2020-03-04 11:10:00,37.36629214
2020-03-04 11:11:00,37.346547732
2020-03-04 11:12:00,37.381100446
2020-03-04 11:13:00,37.386036548
2020-03-04 11:14:00,37.425525364
2020-03-04 11:15:00,37.395908752
2020-03-04 11:16:00,37.376164344
2020-03-04 11:17:00,37.307058916
2020-03-04 11:18:00,37.29225061
2020-03-04 11:19:00,37.282378406
2020-03-04 11:20:00,37.237953488
2020-03-04 11:21:00,37.198464672
2020-03-04 11:22:00,37.1476228214
2020-03-04 11:23:00,37.104678734
2020-03-04 11:24:00,37.158975856
2020-03-04 11:25:00,37.21820908
2020-03-04 11:26:00,37.21820908
2020-03-04 11:27:00,37.16884806
2020-03-04 11:28:00,37.183656366
2020-03-04 11:29:00,37.183656366
2020-03-04 11:30:00,37.188592468
2020-03-04 11:31:00,37.213272978
2020-03-04 11:32:00,37.149103652
2020-03-04 11:33:00,37.109614836
2020-03-04 11:34:00,37.07012602
2020-03-04 11:35:00,37.109614836
2020-03-04 11:36:00,37.07012602
2020-03-04 11:37:00,36.99608449
2020-03-04 11:38:00,36.951659572
2020-03-04 11:39:00,36.941787368
2020-03-04 11:40:00,36.931915164
2020-03-04 11:41:00,36.97140398
2020-03-04 11:42:00,37.020765
2020-03-04 11:43:00,36.99608449
2020-03-04 11:44:00,37.030637204
2020-03-04 11:45:00,37.075062122
2020-03-04 11:46:00,37.114550938
2020-03-04 11:47:00,37.114550938
2020-03-04 11:48:00,37.084934326
2020-03-04 11:49:00,37.124423142
2020-03-04 11:50:00,37.084934326
2020-03-04 11:51:00,37.089870428
2020-03-04 11:52:00,37.124423142
2020-03-04 11:53:00,37.079998224
2020-03-04 11:54:00,37.089870428
2020-03-04 11:55:00,37.07012602
2020-03-04 11:56:00,37.07012602
2020-03-04 11:57:00,37.129359244
2020-03-04 11:58:00,37.198464672
2020-03-04 11:59:00,37.178720264
2020-03-04 12:00:00,37.124423142
2020-03-04 12:01:00,37.188592468
2020-03-04 12:02:00,37.183656366
2020-03-04 12:03:00,37.149103652
2020-03-04 12:04:00,37.149103652
2020-03-04 12:05:00,37.158975856
2020-03-04 12:06:00,37.109614836
2020-03-04 12:07:00,37.109614836
2020-03-04 12:08:00,37.129359244
2020-03-04 12:09:00,37.11948704
2020-03-04 12:10:00,37.178720264
2020-03-04 12:11:00,37.21820908
2020-03-04 12:12:00,37.178720264
2020-03-04 12:13:00,37.228081284
2020-03-04 12:14:00,37.213272978
2020-03-04 12:15:00,37.237953488
2020-03-04 12:16:00,37.257697896
2020-03-04 12:17:00,37.307058916
2020-03-04 12:18:00,37.287314508
2020-03-04 12:19:00,37.277442304
2020-03-04 12:20:00,37.247825692
2020-03-04 12:21:00,37.2675701
2020-03-04 12:22:00,37.237953488
2020-03-04 12:23:00,37.237953488
2020-03-04 12:24:00,37.247825692
2020-03-04 12:25:00,37.24288959
2020-03-04 12:26:00,37.247825692
2020-03-04 12:27:00,37.20004422464
2020-03-04 12:28:00,37.257697896
2020-03-04 12:29:00,37.23637393536
2020-03-04 12:30:00,37.287314508
2020-03-04 12:31:00,37.277442304
2020-03-04 12:32:00,37.277442304
2020-03-04 12:33:00,37.2675701
2020-03-04 12:34:00,37.257697896
2020-03-04 12:35:00,37.257697896
2020-03-04 12:36:00,37.287314508
2020-03-04 12:37:00,37.257697896
2020-03-04 12:38:00,37.237953488
2020-03-04 12:39:00,37.24288959
2020-03-04 12:40:00,37.208336876
2020-03-04 12:41:00,37.213272978
2020-03-04 12:42:00,37.208336876
2020-03-04 12:43:00,37.19352857
2020-03-04 12:44:00,37.178720264
2020-03-04 12:45:00,37.178720264
2020-03-04 12:46:00,37.237953488
2020-03-04 12:47:00,37.21820908
2020-03-04 12:48:00,37.228081284
2020-03-04 12:49:00,37.257697896
2020-03-04 12:50:00,37.307058916
2020-03-04 12:51:00,37.297186712
2020-03-04 12:52:00,37.287314508
2020-03-04 12:53:00,37.277442304
2020-03-04 12:54:00,37.277442304
2020-03-04 12:55:00,37.307058916
2020-03-04 12:56:00,37.282378406
2020-03-04 12:57:00,37.297186712
2020-03-04 12:58:00,37.29225061
2020-03-04 12:59:00,37.287314508
2020-03-04 13:00:00,37.307058916
2020-03-04 13:01:00,37.34161163
2020-03-04 13:02:00,37.307058916
2020-03-04 13:03:00,37.326803324
2020-03-04 13:04:00,37.346547732
2020-03-04 13:05:00,37.376164344
2020-03-04 13:06:00,37.395908752
2020-03-04 13:07:00,37.395908752
2020-03-04 13:08:00,37.376164344
2020-03-04 13:09:00,37.39097265
2020-03-04 13:10:00,37.4047937356
2020-03-04 13:11:00,37.41565316
2020-03-04 13:12:00,37.376164344
2020-03-04 13:13:00,37.361356038
2020-03-04 13:14:00,37.336675528
2020-03-04 13:15:00,37.36629214
2020-03-04 13:16:00,37.346547732
2020-03-04 13:17:00,37.376164344
2020-03-04 13:18:00,37.395908752
2020-03-04 13:19:00,37.410717058
2020-03-04 13:20:00,37.41565316
2020-03-04 13:21:00,37.445269772
2020-03-04 13:22:00,37.46491545796
2020-03-04 13:23:00,37.46501418
2020-03-04 13:24:00,37.4832777574
2020-03-04 13:25:00,37.504502996
2020-03-04 13:26:00,37.494630792
2020-03-04 13:27:00,37.484758588
2020-03-04 13:28:00,37.474886384
2020-03-04 13:29:00,37.479822486
2020-03-04 13:30:00,37.46501418
2020-03-04 13:31:00,37.460078078
2020-03-04 13:32:00,37.509439098
2020-03-04 13:33:00,37.583480628
2020-03-04 13:34:00,37.558800118
2020-03-04 13:35:00,37.548927914
2020-03-04 13:36:00,37.529183506
2020-03-04 13:37:00,37.48900363572
2020-03-04 13:38:00,37.543991812
2020-03-04 13:39:00,37.484758588
2020-03-04 13:40:00,37.46501418
2020-03-04 13:41:00,37.479822486
2020-03-04 13:42:00,37.484758588
2020-03-04 13:43:00,37.499566894
2020-03-04 13:44:00,37.46501418
2020-03-04 13:45:00,37.46501418
2020-03-04 13:46:00,37.435397568
2020-03-04 13:47:00,37.41565316
2020-03-04 13:48:00,37.386036548
2020-03-04 13:49:00,37.395908752
2020-03-04 13:50:00,37.386036548
2020-03-04 13:51:00,37.39225603652
2020-03-04 13:52:00,37.336675528
2020-03-04 13:53:00,37.376164344
2020-03-04 13:54:00,37.395908752
2020-03-04 13:55:00,37.395908752
2020-03-04 13:56:00,37.381100446
2020-03-04 13:57:00,37.336675528
2020-03-04 13:58:00,37.3549391054
2020-03-04 13:59:00,37.346547732
2020-03-04 14:00:00,37.34161163
2020-03-04 14:01:00,37.395908752
2020-03-04 14:02:00,37.405780956
2020-03-04 14:03:00,37.386036548
2020-03-04 14:04:00,37.405780956
2020-03-04 14:05:00,37.405780956
2020-03-04 14:06:00,37.346547732
2020-03-04 14:07:00,37.346547732
2020-03-04 14:08:00,37.351483834
2020-03-04 14:09:00,37.39097265
2020-03-04 14:10:00,37.36629214
2020-03-04 14:11:00,37.41565316
2020-03-04 14:12:00,37.435397568
2020-03-04 14:13:00,37.39956146748
2020-03-04 14:14:00,37.3944279214
2020-03-04 14:15:00,37.336675528
2020-03-04 14:16:00,37.356419936
2020-03-04 14:17:00,37.36629214
2020-03-04 14:18:00,37.371228242
2020-03-04 14:19:00,37.381100446
2020-03-04 14:20:00,37.36629214
2020-03-04 14:21:00,37.395908752
2020-03-04 14:22:00,37.376164344
2020-03-04 14:23:00,37.356419936
2020-03-04 14:24:00,37.395908752
2020-03-04 14:25:00,37.46501418
2020-03-04 14:26:00,37.494630792
2020-03-04 14:27:00,37.548927914
2020-03-04 14:28:00,37.5143752
2020-03-04 14:29:00,37.534119608
2020-03-04 14:30:00,37.55544356864
2020-03-04 14:31:00,37.61309724
2020-03-04 14:32:00,37.598288934
2020-03-04 14:33:00,37.593352832
2020-03-04 14:34:00,37.618033342
2020-03-04 14:35:00,37.61309724
2020-03-04 14:36:00,37.593352832
2020-03-04 14:37:00,37.573608424
2020-03-04 14:38:00,37.56373622
2020-03-04 14:39:00,37.558800118
2020-03-04 14:40:00,37.56373622
2020-03-04 14:41:00,37.553864016
2020-03-04 14:42:00,37.56373622
2020-03-04 14:43:00,37.58841673
2020-03-04 14:44:00,37.573608424
2020-03-04 14:45:00,37.5894039504
2020-03-04 14:46:00,37.56373622
2020-03-04 14:47:00,37.543991812
2020-03-04 14:48:00,37.553864016
2020-03-04 14:49:00,37.51743558324
2020-03-04 14:50:00,37.543991812
2020-03-04 14:51:00,37.5143752
2020-03-04 14:52:00,37.484758588
2020-03-04 14:53:00,37.494630792
2020-03-04 14:54:00,37.499566894
2020-03-04 14:55:00,37.46501418
2020-03-04 14:56:00,37.484758588
2020-03-04 14:57:00,37.499566894
2020-03-04 14:58:00,37.5143752
2020-03-04 14:59:00,37.543991812
2020-03-04 15:00:00,37.56373622
2020-03-04 15:01:00,37.58841673
2020-03-04 15:02:00,37.60707519556
2020-03-04 15:03:00,37.61250490776
2020-03-04 15:04:00,37.608161138
2020-03-04 15:05:00,37.578544526
2020-03-04 15:06:00,37.56373622
2020-03-04 15:07:00,37.529183506
2020-03-04 15:08:00,37.5143752
2020-03-04 15:09:00,37.504502996
2020-03-04 15:10:00,37.53905571
2020-03-04 15:11:00,37.534119608
2020-03-04 15:12:00,37.5652170506
2020-03-04 15:13:00,37.598288934
2020-03-04 15:14:00,37.61309724
2020-03-04 15:15:00,37.608161138
2020-03-04 15:16:00,37.593352832
2020-03-04 15:17:00,37.60006593072
2020-03-04 15:18:00,37.593352832
2020-03-04 15:19:00,37.583480628
2020-03-04 15:20:00,37.598288934
2020-03-04 15:21:00,37.6422202418
2020-03-04 15:22:00,37.642713852
2020-03-04 15:23:00,37.677266566
2020-03-04 15:24:00,37.71181928
2020-03-04 15:25:00,37.731563688
2020-03-04 15:26:00,37.751308096
2020-03-04 15:27:00,37.701947076
2020-03-04 15:28:00,37.71181928
2020-03-04 15:29:00,37.741435892
2020-03-04 15:30:00,37.766116402
2020-03-04 15:31:00,37.780924708
2020-03-04 15:32:00,37.795733014
2020-03-04 15:33:00,37.78586081
2020-03-04 15:34:00,37.874710646
2020-03-04 15:35:00,37.8988975458
2020-03-04 15:36:00,37.845094034
2020-03-04 15:37:00,37.830285728
2020-03-04 15:38:00,37.845094034
2020-03-04 15:39:00,37.854966238
2020-03-04 15:40:00,37.830285728
2020-03-04 15:41:00,37.820413524
2020-03-04 15:42:00,37.85990234
2020-03-04 15:43:00,37.869774544
2020-03-04 15:44:00,37.85990234
2020-03-04 15:45:00,37.864838442
2020-03-04 15:46:00,37.874710646
2020-03-04 15:47:00,37.850030136
2020-03-04 15:48:00,37.854966238
2020-03-04 15:49:00,37.840157932
2020-03-04 15:50:00,37.805605218
2020-03-04 15:51:00,37.919135564
2020-03-04 15:52:00,37.968496584
2020-03-04 15:53:00,37.968496584
2020-03-04 15:54:00,37.98330489
2020-03-04 15:55:00,37.973432686
2020-03-04 15:56:00,37.95862438
2020-03-04 15:57:00,37.968496584
2020-03-04 15:58:00,38.027729808
2020-03-04 15:59:00,38.027729808
2020-03-04 16:00:00,37.998113196
2020-03-05 09:31:00,37.055317714
2020-03-05 09:32:00,37.208336876
2020-03-05 09:33:00,37.287314508
2020-03-05 09:34:00,37.307058916
2020-03-05 09:35:00,37.31693112
2020-03-05 09:36:00,37.447737823
2020-03-05 09:37:00,37.573608424
2020-03-05 09:38:00,37.593352832
2020-03-05 09:39:00,37.66245826
2020-03-05 09:40:00,37.716755382
2020-03-05 09:41:00,37.622969444
2020-03-05 09:42:00,37.543991812
2020-03-05 09:43:00,37.445269772
2020-03-05 09:44:00,37.445269772
2020-03-05 09:45:00,37.435397568
2020-03-05 09:46:00,37.425525364
2020-03-05 09:47:00,37.425525364
2020-03-05 09:48:00,37.386036548
2020-03-05 09:49:00,37.405780956
2020-03-05 09:50:00,37.356419936
2020-03-05 09:51:00,37.31693112
2020-03-05 09:52:00,37.311995018
2020-03-05 09:53:00,37.297186712
2020-03-05 09:54:00,37.307058916
2020-03-05 09:55:00,37.386036548
2020-03-05 09:56:00,37.31693112
2020-03-05 09:57:00,37.326803324
2020-03-05 09:58:00,37.351483834
2020-03-05 09:59:00,37.326803324
2020-03-05 10:00:00,37.346547732
2020-03-05 10:01:00,37.326803324
2020-03-05 10:02:00,37.34161163
2020-03-05 10:03:00,37.34161163
2020-03-05 10:04:00,37.376164344
2020-03-05 10:05:00,37.346547732
2020-03-05 10:06:00,37.395908752
2020-03-05 10:07:00,37.346547732
2020-03-05 10:08:00,37.282378406
2020-03-05 10:09:00,37.3189055608
2020-03-05 10:10:00,37.346547732
2020-03-05 10:11:00,37.376164344
2020-03-05 10:12:00,37.395908752
2020-03-05 10:13:00,37.376164344
2020-03-05 10:14:00,37.39156498224
2020-03-05 10:15:00,37.450205874
2020-03-05 10:16:00,37.425525364
2020-03-05 10:17:00,37.425525364
2020-03-05 10:18:00,37.4442825516
2020-03-05 10:19:00,37.499566894
2020-03-05 10:20:00,37.534119608
2020-03-05 10:21:00,37.524247404
2020-03-05 10:22:00,37.573608424
2020-03-05 10:23:00,37.608161138
2020-03-05 10:24:00,37.622969444
2020-03-05 10:25:00,37.593352832
2020-03-05 10:26:00,37.578544526
2020-03-05 10:27:00,37.543991812
2020-03-05 10:28:00,37.543991812
2020-03-05 10:29:00,37.504502996
2020-03-05 10:30:00,37.48969469
2020-03-05 10:31:00,37.553864016
2020-03-05 10:32:00,37.543991812
2020-03-05 10:33:00,37.583480628
2020-03-05 10:34:00,37.58841673
2020-03-05 10:35:00,37.583480628
2020-03-05 10:36:00,37.56373622
2020-03-05 10:37:00,37.534119608
2020-03-05 10:38:00,37.568672322
2020-03-05 10:39:00,37.534119608
2020-03-05 10:40:00,37.509439098
2020-03-05 10:41:00,37.534119608
2020-03-05 10:42:00,37.55267935152
2020-03-05 10:43:00,37.553864016
2020-03-05 10:44:00,37.529183506
2020-03-05 10:45:00,37.504502996
2020-03-05 10:46:00,37.494630792
2020-03-05 10:47:00,37.494630792
2020-03-05 10:48:00,37.5143752
2020-03-05 10:49:00,37.52809756356
2020-03-05 10:50:00,37.53905571
2020-03-05 10:51:00,37.524247404
2020-03-05 10:52:00,37.524247404
2020-03-05 10:53:00,37.553864016
2020-03-05 10:54:00,37.59749915768
2020-03-05 10:55:00,37.593352832
2020-03-05 10:56:00,37.548927914
2020-03-05 10:57:00,37.529183506
2020-03-05 10:58:00,37.49038574428
2020-03-05 10:59:00,37.46501418
2020-03-05 11:00:00,37.42019437384
2020-03-05 11:01:00,37.425525364
2020-03-05 11:02:00,37.44033367
2020-03-05 11:03:00,37.425525364
2020-03-05 11:04:00,37.395908752
2020-03-05 11:05:00,37.420589262
2020-03-05 11:06:00,37.484758588
2020-03-05 11:07:00,37.5143752
2020-03-05 11:08:00,37.534119608
2020-03-05 11:09:00,37.504502996
2020-03-05 11:10:00,37.519311302
2020-03-05 11:11:00,37.494630792
2020-03-05 11:12:00,37.534119608
2020-03-05 11:13:00,37.56373622
2020-03-05 11:14:00,37.56373622
2020-03-05 11:15:00,37.56373622
2020-03-05 11:16:00,37.543991812
2020-03-05 11:17:00,37.56373622
2020-03-05 11:18:00,37.573608424
2020-03-05 11:19:00,37.534119608
2020-03-05 11:20:00,37.534119608
2020-03-05 11:21:00,37.48969469
2020-03-05 11:22:00,37.494630792
2020-03-05 11:23:00,37.53905571
2020-03-05 11:24:00,37.543991812
2020-03-05 11:25:00,37.529183506
2020-03-05 11:26:00,37.529183506
2020-03-05 11:27:00,37.524247404
2020-03-05 11:28:00,37.56373622
2020-03-05 11:29:00,37.543991812
2020-03-05 11:30:00,37.573608424
2020-03-05 11:31:00,37.622969444
2020-03-05 11:32:00,37.583480628
2020-03-05 11:33:00,37.58841673
2020-03-05 11:34:00,37.603225036
2020-03-05 11:35:00,37.603225036
2020-03-05 11:36:00,37.553864016
2020-03-05 11:37:00,37.543991812
2020-03-05 11:38:00,37.534119608
2020-03-05 11:39:00,37.509439098
2020-03-05 11:40:00,37.474886384
2020-03-05 11:41:00,37.41565316
2020-03-05 11:42:00,37.435397568
2020-03-05 11:43:00,37.430461466
2020-03-05 11:44:00,37.400844854
2020-03-05 11:45:00,37.42345220116
2020-03-05 11:46:00,37.356419936
2020-03-05 11:47:00,37.376164344
2020-03-05 11:48:00,37.36629214
2020-03-05 11:49:00,37.37902728316
2020-03-05 11:50:00,37.37458479136
2020-03-05 11:51:00,37.36629214
2020-03-05 11:52:00,37.331739426
2020-03-05 11:53:00,37.277442304
2020-03-05 11:54:00,37.277442304
2020-03-05 11:55:00,37.29225061
2020-03-05 11:56:00,37.21820908
2020-03-05 11:57:00,37.178720264
2020-03-05 11:58:00,37.163911958
2020-03-05 11:59:00,37.247825692
2020-03-05 12:00:00,37.237953488
2020-03-05 12:01:00,37.272506202
2020-03-05 12:02:00,37.262633998
2020-03-05 12:03:00,37.247825692
2020-03-05 12:04:00,37.213272978
2020-03-05 12:05:00,37.21820908
2020-03-05 12:06:00,37.183656366
2020-03-05 12:07:00,37.149103652
2020-03-05 12:08:00,37.11948704
2020-03-05 12:09:00,37.104678734
2020-03-05 12:10:00,37.099742632
2020-03-05 12:11:00,37.079998224
2020-03-05 12:12:00,37.089870428
2020-03-05 12:13:00,37.07012602
2020-03-05 12:14:00,37.055317714
2020-03-05 12:15:00,37.030637204
2020-03-05 12:16:00,37.099742632
2020-03-05 12:17:00,37.07012602
2020-03-05 12:18:00,37.050381612
2020-03-05 12:19:00,37.04544551
2020-03-05 12:20:00,37.055317714
2020-03-05 12:21:00,37.050381612
2020-03-05 12:22:00,37.055317714
2020-03-05 12:23:00,37.089870428
2020-03-05 12:24:00,37.0567985446
2020-03-05 12:25:00,37.040509408
2020-03-05 12:26:00,37.030637204
2020-03-05 12:27:00,36.92204296
2020-03-05 12:28:00,36.917106858
2020-03-05 12:29:00,36.92204296
2020-03-05 12:30:00,36.981276184
2020-03-05 12:31:00,37.001020592
2020-03-05 12:32:00,37.001020592
2020-03-05 12:33:00,36.99608449
2020-03-05 12:34:00,37.010892796
2020-03-05 12:35:00,36.981276184
2020-03-05 12:36:00,36.986212286
2020-03-05 12:37:00,36.961531776
2020-03-05 12:38:00,36.931915164
2020-03-05 12:39:00,36.931915164
2020-03-05 12:40:00,36.902298552
2020-03-05 12:41:00,36.92204296
2020-03-05 12:42:00,36.87268194
2020-03-05 12:43:00,36.833193124
2020-03-05 12:44:00,36.852937532
2020-03-05 12:45:00,36.82332092
2020-03-05 12:46:00,36.783832104
2020-03-05 12:47:00,36.803576512
2020-03-05 12:48:00,36.778896002
2020-03-05 12:49:00,36.82332092
2020-03-05 12:50:00,36.892426348
2020-03-05 12:51:00,36.862809736
2020-03-05 12:52:00,36.813448716
2020-03-05 12:53:00,36.87268194
2020-03-05 12:54:00,36.833193124
2020-03-05 12:55:00,36.87199088572
2020-03-05 12:56:00,36.843065328
2020-03-05 12:57:00,36.82332092
2020-03-05 12:58:00,36.852937532
2020-03-05 12:59:00,36.803576512
2020-03-05 13:00:00,36.818384818
2020-03-05 13:01:00,36.82332092
2020-03-05 13:02:00,36.852937532
2020-03-05 13:03:00,36.82332092
2020-03-05 13:04:00,36.87268194
2020-03-05 13:05:00,36.82332092
2020-03-05 13:06:00,36.813448716
2020-03-05 13:07:00,36.744343288
2020-03-05 13:08:00,36.744343288
2020-03-05 13:09:00,36.72459888
2020-03-05 13:10:00,36.744343288
2020-03-05 13:11:00,36.71137012664
2020-03-05 13:12:00,36.783832104
2020-03-05 13:13:00,36.744343288
2020-03-05 13:14:00,36.734471084
2020-03-05 13:15:00,36.704854472
2020-03-05 13:16:00,36.685110064
2020-03-05 13:17:00,36.714726676
2020-03-05 13:18:00,36.685110064
2020-03-05 13:19:00,36.685110064
2020-03-05 13:20:00,36.685110064
2020-03-05 13:21:00,36.6836292334
2020-03-05 13:22:00,36.714726676
2020-03-05 13:23:00,36.744343288
2020-03-05 13:24:00,36.72459888
2020-03-05 13:25:00,36.764087696
2020-03-05 13:26:00,36.82332092
2020-03-05 13:27:00,36.852937532
2020-03-05 13:28:00,36.87268194
2020-03-05 13:29:00,36.843065328
2020-03-05 13:30:00,36.892426348
2020-03-05 13:31:00,36.87268194
2020-03-05 13:32:00,36.87268194
2020-03-05 13:33:00,36.8682394482
2020-03-05 13:34:00,36.92204296
2020-03-05 13:35:00,36.92204296
2020-03-05 13:36:00,36.936851266
2020-03-05 13:37:00,36.961531776
2020-03-05 13:38:00,36.94672347
2020-03-05 13:39:00,36.917106858
2020-03-05 13:40:00,36.882554144
2020-03-05 13:41:00,36.852937532
2020-03-05 13:42:00,36.862809736
2020-03-05 13:43:00,36.852937532
2020-03-05 13:44:00,36.843065328
2020-03-05 13:45:00,36.833193124
2020-03-05 13:46:00,36.857873634
2020-03-05 13:47:00,36.892426348
2020-03-05 13:48:00,36.951659572
2020-03-05 13:49:00,36.94149120188
2020-03-05 13:50:00,36.956595674
2020-03-05 13:51:00,36.961531776
2020-03-05 13:52:00,36.941787368
2020-03-05 13:53:00,36.92204296
2020-03-05 13:54:00,36.902298552
2020-03-05 13:55:00,36.87268194
2020-03-05 13:56:00,36.882554144
2020-03-05 13:57:00,36.87268194
2020-03-05 13:58:00,36.882554144
2020-03-05 13:59:00,36.92559695344
2020-03-05 14:00:00,36.89736245
2020-03-05 14:01:00,36.862809736
2020-03-05 14:02:00,36.82332092
2020-03-05 14:03:00,36.793704308
2020-03-05 14:04:00,36.813448716
2020-03-05 14:05:00,36.783832104
2020-03-05 14:06:00,36.813448716
2020-03-05 14:07:00,36.783832104
2020-03-05 14:08:00,36.828257022
2020-03-05 14:09:00,36.8371420056
2020-03-05 14:10:00,36.828257022
2020-03-05 14:11:00,36.833193124
2020-03-05 14:12:00,36.769023798
2020-03-05 14:13:00,36.82638130324
2020-03-05 14:14:00,36.857873634
2020-03-05 14:15:00,36.82332092
2020-03-05 14:16:00,36.793704308
2020-03-05 14:17:00,36.783832104
2020-03-05 14:18:00,36.783832104
2020-03-05 14:19:00,36.734471084
2020-03-05 14:20:00,36.744343288
2020-03-05 14:21:00,36.714726676
2020-03-05 14:22:00,36.719662778
2020-03-05 14:23:00,36.72459888
2020-03-05 14:24:00,36.694982268
2020-03-05 14:25:00,36.685110064
2020-03-05 14:26:00,36.665365656
2020-03-05 14:27:00,36.645621248
2020-03-05 14:28:00,36.67523786
2020-03-05 14:29:00,36.685110064
2020-03-05 14:30:00,36.680173962
2020-03-05 14:31:00,36.72459888
2020-03-05 14:32:00,36.764087696
2020-03-05 14:33:00,36.818384818
2020-03-05 14:34:00,36.803576512
2020-03-05 14:35:00,36.783832104
2020-03-05 14:36:00,36.7285477616
2020-03-05 14:37:00,36.783832104
2020-03-05 14:38:00,36.828257022
2020-03-05 14:39:00,36.852937532
2020-03-05 14:40:00,36.87268194
2020-03-05 14:41:00,36.882554144
2020-03-05 14:42:00,36.843065328
2020-03-05 14:43:00,36.852937532
2020-03-05 14:44:00,36.843065328
2020-03-05 14:45:00,36.803576512
2020-03-05 14:46:00,36.783832104
2020-03-05 14:47:00,36.793704308
2020-03-05 14:48:00,36.759151594
2020-03-05 14:49:00,36.759151594
2020-03-05 14:50:00,36.828257022
2020-03-05 14:51:00,36.87268194
2020-03-05 14:52:00,36.87268194
2020-03-05 14:53:00,36.852937532
2020-03-05 14:54:00,36.813448716
2020-03-05 14:55:00,36.778896002
2020-03-05 14:56:00,36.788768206
2020-03-05 14:57:00,36.79864041
2020-03-05 14:58:00,36.82332092
2020-03-05 14:59:00,36.867745838
2020-03-05 15:00:00,36.82095159104
2020-03-05 15:01:00,36.764087696
2020-03-05 15:02:00,36.744343288
2020-03-05 15:03:00,36.754215492
2020-03-05 15:04:00,36.754215492
2020-03-05 15:05:00,36.72459888
2020-03-05 15:06:00,36.72459888
2020-03-05 15:07:00,36.783832104
2020-03-05 15:08:00,36.778896002
2020-03-05 15:09:00,36.778896002
2020-03-05 15:10:00,36.79864041
2020-03-05 15:11:00,36.714726676
2020-03-05 15:12:00,36.670301758
2020-03-05 15:13:00,36.645621248
2020-03-05 15:14:00,36.630812942
2020-03-05 15:15:00,36.655493452
2020-03-05 15:16:00,36.67523786
2020-03-05 15:17:00,36.611068534
2020-03-05 15:18:00,36.620940738
2020-03-05 15:19:00,36.62587684
2020-03-05 15:20:00,36.660429554
2020-03-05 15:21:00,36.685110064
2020-03-05 15:22:00,36.630812942
2020-03-05 15:23:00,36.635749044
2020-03-05 15:24:00,36.640685146
2020-03-05 15:25:00,36.655493452
2020-03-05 15:26:00,36.635749044
2020-03-05 15:27:00,36.62587684
2020-03-05 15:28:00,36.694982268
2020-03-05 15:29:00,36.739407186
2020-03-05 15:30:00,36.709790574
2020-03-05 15:31:00,36.734471084
2020-03-05 15:32:00,36.764087696
2020-03-05 15:33:00,36.764087696
2020-03-05 15:34:00,36.79864041
2020-03-05 15:35:00,36.813448716
2020-03-05 15:36:00,36.843065328
2020-03-05 15:37:00,36.838129226
2020-03-05 15:38:00,36.818384818
2020-03-05 15:39:00,36.7739599
2020-03-05 15:40:00,36.734471084
2020-03-05 15:41:00,36.734471084
2020-03-05 15:42:00,36.714726676
2020-03-05 15:43:00,36.67040048004
2020-03-05 15:44:00,36.704854472
2020-03-05 15:45:00,36.744343288
2020-03-05 15:46:00,36.709790574
2020-03-05 15:47:00,36.783832104
2020-03-05 15:48:00,36.769023798
2020-03-05 15:49:00,36.764087696
2020-03-05 15:50:00,36.754215492
2020-03-05 15:51:00,36.764087696
2020-03-05 15:52:00,36.769023798
2020-03-05 15:53:00,36.7739599
2020-03-05 15:54:00,36.7739599
2020-03-05 15:55:00,36.685110064
2020-03-05 15:56:00,36.739407186
2020-03-05 15:57:00,36.74927939
2020-03-05 15:58:00,36.778896002
2020-03-05 15:59:00,36.778896002
2020-03-05 16:00:00,36.744343288
2020-03-06 09:31:00,35.766995092
2020-03-06 09:32:00,35.653464746
2020-03-06 09:33:00,35.697889664
2020-03-06 09:34:00,35.7660078716
2020-03-06 09:35:00,35.5399344
2020-03-06 09:36:00,35.6998641048
2020-03-06 09:37:00,35.816356112
2020-03-06 09:38:00,35.747250684
2020-03-06 09:39:00,35.68801746
2020-03-06 09:40:00,35.766995092
2020-03-06 09:41:00,35.757122888
2020-03-06 09:42:00,35.7867395
2020-03-06 09:43:00,35.845972724
2020-03-06 09:44:00,35.924950356
2020-03-06 09:45:00,35.89020019792
2020-03-06 09:46:00,35.83610052
2020-03-06 09:47:00,35.83610052
2020-03-06 09:48:00,35.865717132
2020-03-06 09:49:00,35.776867296
2020-03-06 09:50:00,35.707761868
2020-03-06 09:51:00,35.68801746
2020-03-06 09:52:00,35.71269797
2020-03-06 09:53:00,35.58929542
2020-03-06 09:54:00,35.618912032
2020-03-06 09:55:00,35.628784236
2020-03-06 09:56:00,35.609039828
2020-03-06 09:57:00,35.579423216
2020-03-06 09:58:00,35.520189992
2020-03-06 09:59:00,35.68801746
2020-03-06 10:00:00,35.678145256
2020-03-06 10:01:00,35.722570174
2020-03-06 10:02:00,35.68801746
2020-03-06 10:03:00,35.766995092
2020-03-06 10:04:00,35.766995092
2020-03-06 10:05:00,35.766995092
2020-03-06 10:06:00,35.806483908
2020-03-06 10:07:00,35.7867395
2020-03-06 10:08:00,35.796611704
2020-03-06 10:09:00,35.865717132
2020-03-06 10:10:00,35.855844928
2020-03-06 10:11:00,35.796611704
2020-03-06 10:12:00,35.850908826
2020-03-06 10:13:00,35.845972724
2020-03-06 10:14:00,35.88546154
2020-03-06 10:15:00,35.915078152
2020-03-06 10:16:00,35.944694764
2020-03-06 10:17:00,36.003927988
2020-03-06 10:18:00,36.013800192
2020-03-06 10:19:00,36.0335446
2020-03-06 10:20:00,36.013800192
2020-03-06 10:21:00,36.018736294
2020-03-06 10:22:00,35.98418358
2020-03-06 10:23:00,35.98418358
2020-03-06 10:24:00,36.013800192
2020-03-06 10:25:00,35.974311376
2020-03-06 10:26:00,36.0552634488
2020-03-06 10:27:00,36.092777824
2020-03-06 10:28:00,36.13226664
2020-03-06 10:29:00,36.073033416
2020-03-06 10:30:00,36.053289008
2020-03-06 10:31:00,36.122394436
2020-03-06 10:32:00,36.063161212
2020-03-06 10:33:00,36.023672396
2020-03-06 10:34:00,35.974311376
2020-03-06 10:35:00,35.944694764
2020-03-06 10:36:00,35.88546154
2020-03-06 10:37:00,35.939758662
2020-03-06 10:38:00,35.954566968
2020-03-06 10:39:00,36.023672396
2020-03-06 10:40:00,35.989119682
2020-03-06 10:41:00,35.944694764
2020-03-06 10:42:00,35.98418358
2020-03-06 10:43:00,36.196435966
2020-03-06 10:44:00,36.092777824
2020-03-06 10:45:00,36.063161212
2020-03-06 10:46:00,35.939758662
2020-03-06 10:47:00,35.994055784
2020-03-06 10:48:00,36.053289008
2020-03-06 10:49:00,36.112522232
2020-03-06 10:50:00,36.20147079004
2020-03-06 10:51:00,36.250733088
2020-03-06 10:52:00,36.221116476
2020-03-06 10:53:00,36.142138844
2020-03-06 10:54:00,36.13226664
2020-03-06 10:55:00,36.152011048
2020-03-06 10:56:00,36.17985066328
2020-03-06 10:57:00,36.18162766
2020-03-06 10:58:00,36.152011048
2020-03-06 10:59:00,36.122394436
2020-03-06 11:00:00,36.18162766
2020-03-06 11:01:00,36.201372068
2020-03-06 11:02:00,36.201372068
2020-03-06 11:03:00,36.226052578
2020-03-06 11:04:00,36.161883252
2020-03-06 11:05:00,36.161883252
2020-03-06 11:06:00,36.12555354128
2020-03-06 11:07:00,36.1307858094
2020-03-06 11:08:00,36.142138844
2020-03-06 11:09:00,36.122394436
2020-03-06 11:10:00,36.023672396
2020-03-06 11:11:00,36.053289008
2020-03-06 11:12:00,36.0335446
2020-03-06 11:13:00,35.989119682
2020-03-06 11:14:00,35.998991886
2020-03-06 11:15:00,35.98418358
2020-03-06 11:16:00,35.964439172
2020-03-06 11:17:00,35.994055784
2020-03-06 11:18:00,35.979247478
2020-03-06 11:19:00,35.949630866
2020-03-06 11:20:00,35.95950307
2020-03-06 11:21:00,35.949630866
2020-03-06 11:22:00,35.944694764
2020-03-06 11:23:00,35.944694764
2020-03-06 11:24:00,35.929886458
2020-03-06 11:25:00,35.9516053068
2020-03-06 11:26:00,35.9461755946
2020-03-06 11:27:00,35.994055784
2020-03-06 11:28:00,35.93482256
2020-03-06 11:29:00,35.895333744
2020-03-06 11:30:00,35.870653234
2020-03-06 11:31:00,35.93482256
2020-03-06 11:32:00,35.93482256
2020-03-06 11:33:00,35.850908826
2020-03-06 11:34:00,35.93482256
2020-03-06 11:35:00,35.915078152
2020-03-06 11:36:00,35.895333744
2020-03-06 11:37:00,35.905205948
2020-03-06 11:38:00,35.915078152
2020-03-06 11:39:00,35.929886458
2020-03-06 11:40:00,35.98418358
2020-03-06 11:41:00,35.93482256
2020-03-06 11:42:00,35.915078152
2020-03-06 11:43:00,35.895333744
2020-03-06 11:44:00,35.870653234
2020-03-06 11:45:00,35.865717132
2020-03-06 11:46:00,35.855844928
2020-03-06 11:47:00,35.875589336
2020-03-06 11:48:00,35.88546154
2020-03-06 11:49:00,35.915078152
2020-03-06 11:50:00,35.915078152
2020-03-06 11:51:00,35.875589336
2020-03-06 11:52:00,35.875589336
2020-03-06 11:53:00,35.915078152
2020-03-06 11:54:00,35.875589336
2020-03-06 11:55:00,35.900269846
2020-03-06 11:56:00,35.880525438
2020-03-06 11:57:00,35.870653234
2020-03-06 11:58:00,35.905205948
2020-03-06 11:59:00,35.895333744
2020-03-06 12:00:00,35.870653234
2020-03-06 12:01:00,35.83610052
2020-03-06 12:02:00,35.806483908
2020-03-06 12:03:00,35.801547806
2020-03-06 12:04:00,35.766995092
2020-03-06 12:05:00,35.7867395
2020-03-06 12:06:00,35.76205899
2020-03-06 12:07:00,35.78111234372
2020-03-06 12:08:00,35.7867395
2020-03-06 12:09:00,35.79651298196
2020-03-06 12:10:00,35.757122888
2020-03-06 12:11:00,35.752186786
2020-03-06 12:12:00,35.77124013972
2020-03-06 12:13:00,35.6766644254
2020-03-06 12:14:00,35.727506276
2020-03-06 12:15:00,35.692953562
2020-03-06 12:16:00,35.73737848
2020-03-06 12:17:00,35.697889664
2020-03-06 12:18:00,35.653464746
2020-03-06 12:19:00,35.648528644
2020-03-06 12:20:00,35.658400848
2020-03-06 12:21:00,35.68801746
2020-03-06 12:22:00,35.673209154
2020-03-06 12:23:00,35.658400848
2020-03-06 12:24:00,35.648528644
2020-03-06 12:25:00,35.6273034054
2020-03-06 12:26:00,35.618912032
2020-03-06 12:27:00,35.633720338
2020-03-06 12:28:00,35.648528644
2020-03-06 12:29:00,35.628784236
2020-03-06 12:30:00,35.623848134
2020-03-06 12:31:00,35.678145256
2020-03-06 12:32:00,35.702825766
2020-03-06 12:33:00,35.683081358
2020-03-06 12:34:00,35.74409157872
2020-03-06 12:35:00,35.776867296
2020-03-06 12:36:00,35.747250684
2020-03-06 12:37:00,35.766995092
2020-03-06 12:38:00,35.86078103
2020-03-06 12:39:00,35.845972724
2020-03-06 12:40:00,35.806483908
2020-03-06 12:41:00,35.7867395
2020-03-06 12:42:00,35.7867395
2020-03-06 12:43:00,35.766995092
2020-03-06 12:44:00,35.81142001
2020-03-06 12:45:00,35.7867395
2020-03-06 12:46:00,35.83610052
2020-03-06 12:47:00,35.781803398
2020-03-06 12:48:00,35.766995092
2020-03-06 12:49:00,35.747250684
2020-03-06 12:50:00,35.766995092
2020-03-06 12:51:00,35.747250684
2020-03-06 12:52:00,35.73737848
2020-03-06 12:53:00,35.68801746
2020-03-06 12:54:00,35.673209154
2020-03-06 12:55:00,35.668273052
2020-03-06 12:56:00,35.628784236
2020-03-06 12:57:00,35.63865644
2020-03-06 12:58:00,35.579423216
2020-03-06 12:59:00,35.609039828
2020-03-06 13:00:00,35.58929542
2020-03-06 13:01:00,35.58929542
2020-03-06 13:02:00,35.58929542
2020-03-06 13:03:00,35.63865644
2020-03-06 13:04:00,35.668273052
2020-03-06 13:05:00,35.678145256
2020-03-06 13:06:00,35.766995092
2020-03-06 13:07:00,35.747250684
2020-03-06 13:08:00,35.727506276
2020-03-06 13:09:00,35.697889664
2020-03-06 13:10:00,35.717634072
2020-03-06 13:11:00,35.66768071976
2020-03-06 13:12:00,35.678145256
2020-03-06 13:13:00,35.658400848
2020-03-06 13:14:00,35.658400848
2020-03-06 13:15:00,35.63865644
2020-03-06 13:16:00,35.658400848
2020-03-06 13:17:00,35.66333695
2020-03-06 13:18:00,35.678145256
2020-03-06 13:19:00,35.658400848
2020-03-06 13:20:00,35.68801746
2020-03-06 13:21:00,35.757122888
2020-03-06 13:22:00,35.766995092
2020-03-06 13:23:00,35.781803398
2020-03-06 13:24:00,35.826228316
2020-03-06 13:25:00,35.845972724
2020-03-06 13:26:00,35.7867395
2020-03-06 13:27:00,35.757122888
2020-03-06 13:28:00,35.71269797
2020-03-06 13:29:00,35.71269797
2020-03-06 13:30:00,35.727506276
2020-03-06 13:31:00,35.747250684
2020-03-06 13:32:00,35.707761868
2020-03-06 13:33:00,35.69176889752
2020-03-06 13:34:00,35.648528644
2020-03-06 13:35:00,35.668273052
2020-03-06 13:36:00,35.653464746
2020-03-06 13:37:00,35.609039828
2020-03-06 13:38:00,35.599167624
2020-03-06 13:39:00,35.579423216
2020-03-06 13:40:00,35.643592542
2020-03-06 13:41:00,35.653464746
2020-03-06 13:42:00,35.658400848
2020-03-06 13:43:00,35.58929542
2020-03-06 13:44:00,35.549806604
2020-03-06 13:45:00,35.559678808
2020-03-06 13:46:00,35.534998298
2020-03-06 13:47:00,35.510317788
2020-03-06 13:48:00,35.505381686
2020-03-06 13:49:00,35.520189992
2020-03-06 13:50:00,35.51525389
2020-03-06 13:51:00,35.530062196
2020-03-06 13:52:00,35.520189992
2020-03-06 13:53:00,35.4920542106
2020-03-06 13:54:00,35.49057338
2020-03-06 13:55:00,35.460956768
2020-03-06 13:56:00,35.4792203454
2020-03-06 13:57:00,35.510317788
2020-03-06 13:58:00,35.520189992
2020-03-06 13:59:00,35.510317788
2020-03-06 14:00:00,35.510317788
2020-03-06 14:01:00,35.480701176
2020-03-06 14:02:00,35.510317788
2020-03-06 14:03:00,35.480701176
2020-03-06 14:04:00,35.510317788
2020-03-06 14:05:00,35.520189992
2020-03-06 14:06:00,35.549806604
2020-03-06 14:07:00,35.510317788
2020-03-06 14:08:00,35.505381686
2020-03-06 14:09:00,35.500445584
2020-03-06 14:10:00,35.470828972
2020-03-06 14:11:00,35.480701176
2020-03-06 14:12:00,35.49057338
2020-03-06 14:13:00,35.510317788
2020-03-06 14:14:00,35.500445584
2020-03-06 14:15:00,35.495509482
2020-03-06 14:16:00,35.5073561268
2020-03-06 14:17:00,35.49057338
2020-03-06 14:18:00,35.495509482
2020-03-06 14:19:00,35.510317788
2020-03-06 14:20:00,35.510317788
2020-03-06 14:21:00,35.507849737
2020-03-06 14:22:00,35.510317788
2020-03-06 14:23:00,35.49057338
2020-03-06 14:24:00,35.520189992
2020-03-06 14:25:00,35.51100884228
2020-03-06 14:26:00,35.549806604
2020-03-06 14:27:00,35.534998298
2020-03-06 14:28:00,35.530062196
2020-03-06 14:29:00,35.5399344
2020-03-06 14:30:00,35.520189992
2020-03-06 14:31:00,35.530062196
2020-03-06 14:32:00,35.49057338
2020-03-06 14:33:00,35.451084564
2020-03-06 14:34:00,35.44121236
2020-03-06 14:35:00,35.411595748
2020-03-06 14:36:00,35.362234728
2020-03-06 14:37:00,35.357298626
2020-03-06 14:38:00,35.352362524
2020-03-06 14:39:00,35.347426422
2020-03-06 14:40:00,35.337554218
2020-03-06 14:41:00,35.322745912
2020-03-06 14:42:00,35.303001504
2020-03-06 14:43:00,35.312873708
2020-03-06 14:44:00,35.347426422
2020-03-06 14:45:00,35.337554218
2020-03-06 14:46:00,35.396787442
2020-03-06 14:47:00,35.396787442
2020-03-06 14:48:00,35.3701324912
2020-03-06 14:49:00,35.34249032
2020-03-06 14:50:00,35.332618116
2020-03-06 14:51:00,35.327682014
2020-03-06 14:52:00,35.283257096
2020-03-06 14:53:00,35.278320994
2020-03-06 14:54:00,35.283257096
2020-03-06 14:55:00,35.2931293
2020-03-06 14:56:00,35.332618116
2020-03-06 14:57:00,35.322745912
2020-03-06 14:58:00,35.2931293
2020-03-06 14:59:00,35.322745912
2020-03-06 15:00:00,35.2931293
2020-03-06 15:01:00,35.273384892
2020-03-06 15:02:00,35.248704382
2020-03-06 15:03:00,35.23004591644
2020-03-06 15:04:00,35.2161261088
2020-03-06 15:05:00,35.189471158
2020-03-06 15:06:00,35.214151668
2020-03-06 15:07:00,35.19440726
2020-03-06 15:08:00,35.164790648
2020-03-06 15:09:00,35.149982342
2020-03-06 15:10:00,35.14504624
2020-03-06 15:11:00,35.184535056
2020-03-06 15:12:00,35.224023872
2020-03-06 15:13:00,35.288193198
2020-03-06 15:14:00,35.238832178
2020-03-06 15:15:00,35.19440726
2020-03-06 15:16:00,35.179598954
2020-03-06 15:17:00,35.24376828
2020-03-06 15:18:00,35.224023872
2020-03-06 15:19:00,35.2931293
2020-03-06 15:20:00,35.36440661288
2020-03-06 15:21:00,35.298065402
2020-03-06 15:22:00,35.332618116
2020-03-06 15:23:00,35.283257096
2020-03-06 15:24:00,35.263512688
2020-03-06 15:25:00,35.352362524
2020-03-06 15:26:00,35.34249032
2020-03-06 15:27:00,35.312873708
2020-03-06 15:28:00,35.347426422
2020-03-06 15:29:00,35.303001504
2020-03-06 15:30:00,35.273384892
2020-03-06 15:31:00,35.381979136
2020-03-06 15:32:00,35.456020666
2020-03-06 15:33:00,35.530062196
2020-03-06 15:34:00,35.530062196
2020-03-06 15:35:00,35.5399344
2020-03-06 15:36:00,35.59087497264
2020-03-06 15:37:00,35.599167624
2020-03-06 15:38:00,35.574487114
2020-03-06 15:39:00,35.579423216
2020-03-06 15:40:00,35.5399344
2020-03-06 15:41:00,35.549806604
2020-03-06 15:42:00,35.618912032
2020-03-06 15:43:00,35.5399344
2020-03-06 15:44:00,35.599167624
2020-03-06 15:45:00,35.668273052
2020-03-06 15:46:00,35.742314582
2020-03-06 15:47:00,35.66333695
2020-03-06 15:48:00,35.668273052
2020-03-06 15:49:00,35.628784236
2020-03-06 15:50:00,35.668273052
2020-03-06 15:51:00,35.781803398
2020-03-06 15:52:00,35.88546154
2020-03-06 15:53:00,35.816356112
2020-03-06 15:54:00,35.905205948
2020-03-06 15:55:00,35.88546154
2020-03-06 15:56:00,35.86078103
2020-03-06 15:57:00,35.88546154
2020-03-06 15:58:00,35.974311376
2020-03-06 15:59:00,35.98418358
2020-03-06 16:00:00,35.924950356
2020-03-09 09:31:00,33.56075494208
2020-03-09 09:32:00,33.604982416
2020-03-09 09:33:00,33.66421564
2020-03-09 09:34:00,33.654343436
2020-03-09 09:35:00,33.683960048
2020-03-09 09:36:00,33.683960048
2020-03-09 09:37:00,33.683960048
2020-03-09 09:38:00,33.683960048
2020-03-09 09:39:00,33.683960048
2020-03-09 09:40:00,33.683960048
2020-03-09 09:41:00,33.683960048
2020-03-09 09:42:00,33.683960048
2020-03-09 09:43:00,33.683960048
2020-03-09 09:44:00,33.683960048
2020-03-09 09:45:00,33.683960048
2020-03-09 09:46:00,33.683960048
2020-03-09 09:47:00,33.683960048
2020-03-09 09:48:00,33.683960048
2020-03-09 09:49:00,33.683960048
2020-03-09 09:50:00,33.683960048
2020-03-09 09:51:00,33.743193272
2020-03-09 09:52:00,33.802426496
2020-03-09 09:53:00,33.891276332
2020-03-09 09:54:00,34.3547763098
2020-03-09 09:55:00,34.286164492
2020-03-09 09:56:00,34.31587982604
2020-03-09 09:57:00,34.40463094
2020-03-09 09:58:00,34.35526992
2020-03-09 09:59:00,34.246675676
2020-03-09 10:00:00,34.375014328
2020-03-09 10:01:00,34.345397716
2020-03-09 10:02:00,34.197314656
2020-03-09 10:03:00,34.315781104
2020-03-09 10:04:00,34.3059089
2020-03-09 10:05:00,34.20718686
2020-03-09 10:06:00,34.50335298
2020-03-09 10:07:00,34.65143604
2020-03-09 10:08:00,34.572458408
2020-03-09 10:09:00,34.631691632
2020-03-09 10:10:00,34.671180448
2020-03-09 10:11:00,34.592202816
2020-03-09 10:12:00,34.552714
2020-03-09 10:13:00,34.661308244
2020-03-09 10:14:00,34.562586204
2020-03-09 10:15:00,34.58262677812
2020-03-09 10:16:00,34.621819428
2020-03-09 10:17:00,34.56268492604
2020-03-09 10:18:00,34.60207502
2020-03-09 10:19:00,34.690924856
2020-03-09 10:20:00,34.641563836
2020-03-09 10:21:00,34.542841796
2020-03-09 10:22:00,34.444119756
2020-03-09 10:23:00,34.384886532
2020-03-09 10:24:00,34.40463094
2020-03-09 10:25:00,34.315781104
2020-03-09 10:26:00,34.25654788
2020-03-09 10:27:00,34.3059089
2020-03-09 10:28:00,34.375014328
2020-03-09 10:29:00,34.335525512
2020-03-09 10:30:00,34.394758736
2020-03-09 10:31:00,34.414503144
2020-03-09 10:32:00,34.335525512
2020-03-09 10:33:00,34.360206022
2020-03-09 10:34:00,34.483608572
2020-03-09 10:35:00,34.483608572
2020-03-09 10:36:00,34.434247552
2020-03-09 10:37:00,34.40463094
2020-03-09 10:38:00,34.45399196
2020-03-09 10:39:00,34.444119756
2020-03-09 10:40:00,34.493480776
2020-03-09 10:41:00,34.50335298
2020-03-09 10:42:00,34.542841796
2020-03-09 10:43:00,34.498416878
2020-03-09 10:44:00,34.444119756
2020-03-09 10:45:00,34.45399196
2020-03-09 10:46:00,34.434247552
2020-03-09 10:47:00,34.473736368
2020-03-09 10:48:00,34.483608572
2020-03-09 10:49:00,34.493480776
2020-03-09 10:50:00,34.45399196
2020-03-09 10:51:00,34.375014328
2020-03-09 10:52:00,34.375014328
2020-03-09 10:53:00,34.394758736
2020-03-09 10:54:00,34.414503144
2020-03-09 10:55:00,34.42427662596
2020-03-09 10:56:00,34.424375348
2020-03-09 10:57:00,34.434247552
2020-03-09 10:58:00,34.50335298
2020-03-09 10:59:00,34.572458408
2020-03-09 11:00:00,34.572458408
2020-03-09 11:01:00,34.532969592
2020-03-09 11:02:00,34.5537012204
2020-03-09 11:03:00,34.671180448
2020-03-09 11:04:00,34.681052652
2020-03-09 11:05:00,34.671180448
2020-03-09 11:06:00,34.720541468
2020-03-09 11:07:00,34.690924856
2020-03-09 11:08:00,34.631691632
2020-03-09 11:09:00,34.631691632
2020-03-09 11:10:00,34.671180448
2020-03-09 11:11:00,34.75015808
2020-03-09 11:12:00,34.77296287124
2020-03-09 11:13:00,34.84888012
2020-03-09 11:14:00,34.89824114
2020-03-09 11:15:00,34.858752324
2020-03-09 11:16:00,34.829135712
2020-03-09 11:17:00,34.942666058
2020-03-09 11:18:00,34.992027078
2020-03-09 11:19:00,34.987090976
2020-03-09 11:20:00,35.026579792
2020-03-09 11:21:00,34.99696318
2020-03-09 11:22:00,34.957474364
2020-03-09 11:23:00,34.97228267
2020-03-09 11:24:00,34.987090976
2020-03-09 11:25:00,35.105557424
2020-03-09 11:26:00,35.130237934
2020-03-09 11:27:00,35.14504624
2020-03-09 11:28:00,35.100621322
2020-03-09 11:29:00,35.056196404
2020-03-09 11:30:00,35.09568522
2020-03-09 11:31:00,35.066068608
2020-03-09 11:32:00,35.006835384
2020-03-09 11:33:00,35.056196404
2020-03-09 11:34:00,35.105557424
2020-03-09 11:35:00,35.154918444
2020-03-09 11:36:00,35.253640484
2020-03-09 11:37:00,35.283257096
2020-03-09 11:38:00,35.381979136
2020-03-09 11:39:00,35.381979136
2020-03-09 11:40:00,35.332618116
2020-03-09 11:41:00,35.312873708
2020-03-09 11:42:00,35.401723544
2020-03-09 11:43:00,35.401723544
2020-03-09 11:44:00,35.352362524
2020-03-09 11:45:00,35.44121236
2020-03-09 11:46:00,35.460956768
2020-03-09 11:47:00,35.44121236
2020-03-09 11:48:00,35.530062196
2020-03-09 11:49:00,35.530062196
2020-03-09 11:50:00,35.58929542
2020-03-09 11:51:00,35.559678808
2020-03-09 11:52:00,35.544870502
2020-03-09 11:53:00,35.51525389
2020-03-09 11:54:00,35.485637278
2020-03-09 11:55:00,35.460956768
2020-03-09 11:56:00,35.421467952
2020-03-09 11:57:00,35.47517274176
2020-03-09 11:58:00,35.510317788
2020-03-09 11:59:00,35.510317788
2020-03-09 12:00:00,35.460956768
2020-03-09 12:01:00,35.44121236
2020-03-09 12:02:00,35.322745912
2020-03-09 12:03:00,35.34249032
2020-03-09 12:04:00,35.39185134
2020-03-09 12:05:00,35.352362524
2020-03-09 12:06:00,35.451084564
2020-03-09 12:07:00,35.525126094
2020-03-09 12:08:00,35.618912032
2020-03-09 12:09:00,35.668273052
2020-03-09 12:10:00,35.628784236
2020-03-09 12:11:00,35.62661235112
2020-03-09 12:12:00,35.599167624
2020-03-09 12:13:00,35.648528644
2020-03-09 12:14:00,35.569551012
2020-03-09 12:15:00,35.530062196
2020-03-09 12:16:00,35.520189992
2020-03-09 12:17:00,35.549806604
2020-03-09 12:18:00,35.500445584
2020-03-09 12:19:00,35.421467952
2020-03-09 12:20:00,35.421467952
2020-03-09 12:21:00,35.411595748
2020-03-09 12:22:00,35.431340156
2020-03-09 12:23:00,35.411595748
2020-03-09 12:24:00,35.381979136
2020-03-09 12:25:00,35.347426422
2020-03-09 12:26:00,35.31780981
2020-03-09 12:27:00,35.322745912
2020-03-09 12:28:00,35.312873708
2020-03-09 12:29:00,35.303001504
2020-03-09 12:30:00,35.312873708
2020-03-09 12:31:00,35.332618116
2020-03-09 12:32:00,35.34249032
2020-03-09 12:33:00,35.347426422
2020-03-09 12:34:00,35.303001504
2020-03-09 12:35:00,35.263512688
2020-03-09 12:36:00,35.214151668
2020-03-09 12:37:00,35.24376828
2020-03-09 12:38:00,35.288193198
2020-03-09 12:39:00,35.322745912
2020-03-09 12:40:00,35.362234728
2020-03-09 12:41:00,35.401723544
2020-03-09 12:42:00,35.303001504
2020-03-09 12:43:00,35.2931293
2020-03-09 12:44:00,35.263512688
2020-03-09 12:45:00,35.209215566
2020-03-09 12:46:00,35.24376828
2020-03-09 12:47:00,35.21908777
2020-03-09 12:48:00,35.204279464
2020-03-09 12:49:00,35.130237934
2020-03-09 12:50:00,35.115429628
2020-03-09 12:51:00,35.14504624
2020-03-09 12:52:00,35.204279464
2020-03-09 12:53:00,35.253640484
2020-03-09 12:54:00,35.233896076
2020-03-09 12:55:00,35.273384892
2020-03-09 12:56:00,35.283257096
2020-03-09 12:57:00,35.224023872
2020-03-09 12:58:00,35.224023872
2020-03-09 12:59:00,35.19440726
2020-03-09 13:00:00,35.238832178
2020-03-09 13:01:00,35.24376828
2020-03-09 13:02:00,35.322745912
2020-03-09 13:03:00,35.40182226604
2020-03-09 13:04:00,35.327682014
2020-03-09 13:05:00,35.263512688
2020-03-09 13:06:00,35.214151668
2020-03-09 13:07:00,35.184535056
2020-03-09 13:08:00,35.19440726
2020-03-09 13:09:00,35.322745912
2020-03-09 13:10:00,35.273384892
2020-03-09 13:11:00,35.303001504
2020-03-09 13:12:00,35.312873708
2020-03-09 13:13:00,35.29026636084
2020-03-09 13:14:00,35.36904654876
2020-03-09 13:15:00,35.381979136
2020-03-09 13:16:00,35.421467952
2020-03-09 13:17:00,35.4145574092
2020-03-09 13:18:00,35.362234728
2020-03-09 13:19:00,35.34249032
2020-03-09 13:20:00,35.352362524
2020-03-09 13:21:00,35.283257096
2020-03-09 13:22:00,35.26844879
2020-03-09 13:23:00,35.2931293
2020-03-09 13:24:00,35.312873708
2020-03-09 13:25:00,35.34249032
2020-03-09 13:26:00,35.362234728
2020-03-09 13:27:00,35.34249032
2020-03-09 13:28:00,35.362234728
2020-03-09 13:29:00,35.372106932
2020-03-09 13:30:00,35.332618116
2020-03-09 13:31:00,35.2931293
2020-03-09 13:32:00,35.248704382
2020-03-09 13:33:00,35.21908777
2020-03-09 13:34:00,35.135174036
2020-03-09 13:35:00,35.149982342
2020-03-09 13:36:00,35.149982342
2020-03-09 13:37:00,35.174662852
2020-03-09 13:38:00,35.14504624
2020-03-09 13:39:00,35.135174036
2020-03-09 13:40:00,35.085813016
2020-03-09 13:41:00,35.12036573
2020-03-09 13:42:00,35.026579792
2020-03-09 13:43:00,35.006835384
2020-03-09 13:44:00,35.006835384
2020-03-09 13:45:00,34.97228267
2020-03-09 13:46:00,34.99696318
2020-03-09 13:47:00,35.006835384
2020-03-09 13:48:00,35.056196404
2020-03-09 13:49:00,35.041388098
2020-03-09 13:50:00,35.036451996
2020-03-09 13:51:00,34.957474364
2020-03-09 13:52:00,34.89824114
2020-03-09 13:53:00,34.89824114
2020-03-09 13:54:00,34.913049446
2020-03-09 13:55:00,34.87020408064
2020-03-09 13:56:00,34.878496732
2020-03-09 13:57:00,34.917985548
2020-03-09 13:58:00,34.917985548
2020-03-09 13:59:00,34.89824114
2020-03-09 14:00:00,34.90969289664
2020-03-09 14:01:00,34.917985548
2020-03-09 14:02:00,34.917985548
2020-03-09 14:03:00,34.839007916
2020-03-09 14:04:00,34.84888012
2020-03-09 14:05:00,34.819263508
2020-03-09 14:06:00,34.839007916
2020-03-09 14:07:00,34.7995191
2020-03-09 14:08:00,34.89824114
2020-03-09 14:09:00,34.89824114
2020-03-09 14:10:00,34.834071814
2020-03-09 14:11:00,34.86230631744
2020-03-09 14:12:00,34.967346568
2020-03-09 14:13:00,34.94760216
2020-03-09 14:14:00,34.927857752
2020-03-09 14:15:00,34.99696318
2020-03-09 14:16:00,35.1731820214
2020-03-09 14:17:00,35.140110138
2020-03-09 14:18:00,35.110493526
2020-03-09 14:19:00,35.036451996
2020-03-09 14:20:00,35.0349711654
2020-03-09 14:21:00,35.026579792
2020-03-09 14:22:00,34.937729956
2020-03-09 14:23:00,34.99696318
2020-03-09 14:24:00,34.99696318
2020-03-09 14:25:00,34.952538262
2020-03-09 14:26:00,34.89824114
2020-03-09 14:27:00,34.90041302488
2020-03-09 14:28:00,34.89824114
2020-03-09 14:29:00,34.88550599684
2020-03-09 14:30:00,34.839007916
2020-03-09 14:31:00,34.814327406
2020-03-09 14:32:00,34.868624528
2020-03-09 14:33:00,34.829135712
2020-03-09 14:34:00,34.858752324
2020-03-09 14:35:00,34.839007916
2020-03-09 14:36:00,34.829135712
2020-03-09 14:37:00,34.84888012
2020-03-09 14:38:00,34.84888012
2020-03-09 14:39:00,34.858752324
2020-03-09 14:40:00,34.927857752
2020-03-09 14:41:00,34.89824114
2020-03-09 14:42:00,34.814327406
2020-03-09 14:43:00,34.819263508
2020-03-09 14:44:00,34.82419961
2020-03-09 14:45:00,34.809391304
2020-03-09 14:46:00,34.809391304
2020-03-09 14:47:00,34.843944018
2020-03-09 14:48:00,34.908113344
2020-03-09 14:49:00,34.89824114
2020-03-09 14:50:00,34.87356063
2020-03-09 14:51:00,35.056196404
2020-03-09 14:52:00,35.066068608
2020-03-09 14:53:00,35.036451996
2020-03-09 14:54:00,35.085813016
2020-03-09 14:55:00,35.12036573
2020-03-09 14:56:00,35.135174036
2020-03-09 14:57:00,35.115429628
2020-03-09 14:58:00,35.14504624
2020-03-09 14:59:00,35.154918444
2020-03-09 15:00:00,35.105557424
2020-03-09 15:01:00,35.090749118
2020-03-09 15:02:00,35.0310222838
2020-03-09 15:03:00,35.016707588
2020-03-09 15:04:00,35.0463242
2020-03-09 15:05:00,35.110493526
2020-03-09 15:06:00,35.110493526
2020-03-09 15:07:00,35.056196404
2020-03-09 15:08:00,35.001899282
2020-03-09 15:09:00,35.0463242
2020-03-09 15:10:00,35.066068608
2020-03-09 15:11:00,35.041388098
2020-03-09 15:12:00,35.066068608
2020-03-09 15:13:00,35.09568522
2020-03-09 15:14:00,35.0206564696
2020-03-09 15:15:00,35.041388098
2020-03-09 15:16:00,35.07100471
2020-03-09 15:17:00,35.154918444
2020-03-09 15:18:00,35.253640484
2020-03-09 15:19:00,35.27466827852
2020-03-09 15:20:00,35.154918444
2020-03-09 15:21:00,35.115429628
2020-03-09 15:22:00,35.204279464
2020-03-09 15:23:00,35.312873708
2020-03-09 15:24:00,35.381979136
2020-03-09 15:25:00,35.332618116
2020-03-09 15:26:00,35.362234728
2020-03-09 15:27:00,35.34249032
2020-03-09 15:28:00,35.362234728
2020-03-09 15:29:00,35.347426422
2020-03-09 15:30:00,35.303001504
2020-03-09 15:31:00,35.233896076
2020-03-09 15:32:00,35.26361141004
2020-03-09 15:33:00,35.233896076
2020-03-09 15:34:00,35.209215566
2020-03-09 15:35:00,35.263512688
2020-03-09 15:36:00,35.2931293
2020-03-09 15:37:00,35.3538433546
2020-03-09 15:38:00,35.401723544
2020-03-09 15:39:00,35.401723544
2020-03-09 15:40:00,35.34249032
2020-03-09 15:41:00,35.401723544
2020-03-09 15:42:00,35.34249032
2020-03-09 15:43:00,35.381979136
2020-03-09 15:44:00,35.426404054
2020-03-09 15:45:00,35.460956768
2020-03-09 15:46:00,35.431340156
2020-03-09 15:47:00,35.520189992
2020-03-09 15:48:00,35.51525389
2020-03-09 15:49:00,35.609039828
2020-03-09 15:50:00,35.5399344
2020-03-09 15:51:00,35.278320994
2020-03-09 15:52:00,35.411595748
2020-03-09 15:53:00,35.381979136
2020-03-09 15:54:00,35.347426422
2020-03-09 15:55:00,35.470828972
2020-03-09 15:56:00,35.49057338
2020-03-09 15:57:00,35.426404054
2020-03-09 15:58:00,35.288193198
2020-03-09 15:59:00,35.164790648
2020-03-09 16:00:00,35.066068608
2020-03-10 09:31:00,35.94489220808
2020-03-10 09:32:00,35.964439172
2020-03-10 09:33:00,35.93482256
2020-03-10 09:34:00,36.063161212
2020-03-10 09:35:00,35.974311376
2020-03-10 09:36:00,35.8222794344
2020-03-10 09:37:00,35.776867296
2020-03-10 09:38:00,35.845972724
2020-03-10 09:39:00,35.875589336
2020-03-10 09:40:00,35.8849679298
2020-03-10 09:41:00,35.895333744
2020-03-10 09:42:00,35.944694764
2020-03-10 09:43:00,35.924950356
2020-03-10 09:44:00,35.900269846
2020-03-10 09:45:00,35.994055784
2020-03-10 09:46:00,35.964439172
2020-03-10 09:47:00,35.905205948
2020-03-10 09:48:00,35.855844928
2020-03-10 09:49:00,35.855844928
2020-03-10 09:50:00,35.944694764
2020-03-10 09:51:00,35.954566968
2020-03-10 09:52:00,35.920014254
2020-03-10 09:53:00,35.865717132
2020-03-10 09:54:00,35.86078103
2020-03-10 09:55:00,35.855844928
2020-03-10 09:56:00,35.964439172
2020-03-10 09:57:00,35.994055784
2020-03-10 09:58:00,36.08290562
2020-03-10 09:59:00,36.003927988
2020-03-10 10:00:00,35.944694764
2020-03-10 10:01:00,35.865717132
2020-03-10 10:02:00,35.890397642
2020-03-10 10:03:00,35.944694764
2020-03-10 10:04:00,35.924950356
2020-03-10 10:05:00,35.895333744
2020-03-10 10:06:00,35.845972724
2020-03-10 10:07:00,35.865717132
2020-03-10 10:08:00,35.86078103
2020-03-10 10:09:00,35.865717132
2020-03-10 10:10:00,35.89316185912
2020-03-10 10:11:00,35.954566968
2020-03-10 10:12:00,35.929886458
2020-03-10 10:13:00,35.954566968
2020-03-10 10:14:00,35.939758662
2020-03-10 10:15:00,35.95950307
2020-03-10 10:16:00,35.929886458
2020-03-10 10:17:00,35.88546154
2020-03-10 10:18:00,35.895333744
2020-03-10 10:19:00,35.895333744
2020-03-10 10:20:00,35.83610052
2020-03-10 10:21:00,35.924950356
2020-03-10 10:22:00,35.900269846
2020-03-10 10:23:00,35.855844928
2020-03-10 10:24:00,35.83610052
2020-03-10 10:25:00,35.816356112
2020-03-10 10:26:00,35.806483908
2020-03-10 10:27:00,35.7867395
2020-03-10 10:28:00,35.7867395
2020-03-10 10:29:00,35.7867395
2020-03-10 10:30:00,35.791675602
2020-03-10 10:31:00,35.757122888
2020-03-10 10:32:00,35.732442378
2020-03-10 10:33:00,35.73737848
2020-03-10 10:34:00,35.732442378
2020-03-10 10:35:00,35.766995092
2020-03-10 10:36:00,35.791675602
2020-03-10 10:37:00,35.766995092
2020-03-10 10:38:00,35.766995092
2020-03-10 10:39:00,35.7867395
2020-03-10 10:40:00,35.757122888
2020-03-10 10:41:00,35.66333695
2020-03-10 10:42:00,35.63865644
2020-03-10 10:43:00,35.5399344
2020-03-10 10:44:00,35.44121236
2020-03-10 10:45:00,35.31780981
2020-03-10 10:46:00,35.332618116
2020-03-10 10:47:00,35.263512688
2020-03-10 10:48:00,35.263512688
2020-03-10 10:49:00,35.332618116
2020-03-10 10:50:00,35.34249032
2020-03-10 10:51:00,35.322745912
2020-03-10 10:52:00,35.312873708
2020-03-10 10:53:00,35.258576586
2020-03-10 10:54:00,35.253640484
2020-03-10 10:55:00,35.253640484
2020-03-10 10:56:00,35.298065402
2020-03-10 10:57:00,35.327682014
2020-03-10 10:58:00,35.34249032
2020-03-10 10:59:00,35.2936229102
2020-03-10 11:00:00,35.24376828
2020-03-10 11:01:00,35.258576586
2020-03-10 11:02:00,35.19440726
2020-03-10 11:03:00,35.214151668
2020-03-10 11:04:00,35.273384892
2020-03-10 11:05:00,35.18927371392
2020-03-10 11:06:00,35.14504624
2020-03-10 11:07:00,35.184535056
2020-03-10 11:08:00,35.19440726
2020-03-10 11:09:00,35.273384892
2020-03-10 11:10:00,35.273384892
2020-03-10 11:11:00,35.174662852
2020-03-10 11:12:00,35.115429628
2020-03-10 11:13:00,35.159854546
2020-03-10 11:14:00,35.09568522
2020-03-10 11:15:00,35.036451996
2020-03-10 11:16:00,35.066068608
2020-03-10 11:17:00,35.105557424
2020-03-10 11:18:00,35.036451996
2020-03-10 11:19:00,34.987090976
2020-03-10 11:20:00,35.02667851404
2020-03-10 11:21:00,34.843944018
2020-03-10 11:22:00,34.89824114
2020-03-10 11:23:00,34.868624528
2020-03-10 11:24:00,34.858752324
2020-03-10 11:25:00,34.769902488
2020-03-10 11:26:00,34.661308244
2020-03-10 11:27:00,34.70079706
2020-03-10 11:28:00,34.878496732
2020-03-10 11:29:00,34.89824114
2020-03-10 11:30:00,34.75015808
2020-03-10 11:31:00,34.631691632
2020-03-10 11:32:00,34.582330612
2020-03-10 11:33:00,34.582330612
2020-03-10 11:34:00,34.70987948768
2020-03-10 11:35:00,34.582330612
2020-03-10 11:36:00,34.572458408
2020-03-10 11:37:00,34.582330612
2020-03-10 11:38:00,34.60207502
2020-03-10 11:39:00,34.60207502
2020-03-10 11:40:00,34.661308244
2020-03-10 11:41:00,34.592202816
2020-03-10 11:42:00,34.616883326
2020-03-10 11:43:00,34.764966386
2020-03-10 11:44:00,34.735349774
2020-03-10 11:45:00,34.779774692
2020-03-10 11:46:00,34.84888012
2020-03-10 11:47:00,34.829135712
2020-03-10 11:48:00,34.7995191
2020-03-10 11:49:00,34.853816222
2020-03-10 11:50:00,34.839007916
2020-03-10 11:51:00,34.75015808
2020-03-10 11:52:00,34.760030284
2020-03-10 11:53:00,34.77325903736
2020-03-10 11:54:00,34.671180448
2020-03-10 11:55:00,34.75015808
2020-03-10 11:56:00,34.779774692
2020-03-10 11:57:00,34.710669264
2020-03-10 11:58:00,34.71649386436
2020-03-10 11:59:00,34.908113344
2020-03-10 12:00:00,34.858752324
2020-03-10 12:01:00,35.036451996
2020-03-10 12:02:00,35.075940812
2020-03-10 12:03:00,35.149982342
2020-03-10 12:04:00,35.105557424
2020-03-10 12:05:00,35.075940812
2020-03-10 12:06:00,35.006835384
2020-03-10 12:07:00,34.99696318
2020-03-10 12:08:00,34.927857752
2020-03-10 12:09:00,34.957474364
2020-03-10 12:10:00,34.967346568
2020-03-10 12:11:00,35.016707588
2020-03-10 12:12:00,35.056196404
2020-03-10 12:13:00,35.135174036
2020-03-10 12:14:00,35.135174036
2020-03-10 12:15:00,35.19440726
2020-03-10 12:16:00,35.18759543924
2020-03-10 12:17:00,35.179598954
2020-03-10 12:18:00,35.08265391072
2020-03-10 12:19:00,35.066068608
2020-03-10 12:20:00,35.125301832
2020-03-10 12:21:00,35.09568522
2020-03-10 12:22:00,35.041388098
2020-03-10 12:23:00,35.026579792
2020-03-10 12:24:00,34.99696318
2020-03-10 12:25:00,34.992027078
2020-03-10 12:26:00,34.962410466
2020-03-10 12:27:00,34.883432834
2020-03-10 12:28:00,34.917985548
2020-03-10 12:29:00,34.868624528
2020-03-10 12:30:00,34.82419961
2020-03-10 12:31:00,34.760030284
2020-03-10 12:32:00,34.760030284
2020-03-10 12:33:00,34.720541468
2020-03-10 12:34:00,34.715605366
2020-03-10 12:35:00,34.710669264
2020-03-10 12:36:00,34.720541468
2020-03-10 12:37:00,34.809391304
2020-03-10 12:38:00,34.843944018
2020-03-10 12:39:00,34.878496732
2020-03-10 12:40:00,34.878496732
2020-03-10 12:41:00,34.863688426
2020-03-10 12:42:00,34.789646896
2020-03-10 12:43:00,34.829135712
2020-03-10 12:44:00,34.868624528
2020-03-10 12:45:00,34.952538262
2020-03-10 12:46:00,34.942666058
2020-03-10 12:47:00,34.92479736876
2020-03-10 12:48:00,34.932793854
2020-03-10 12:49:00,34.94760216
2020-03-10 12:50:00,34.92292165
2020-03-10 12:51:00,34.878496732
2020-03-10 12:52:00,34.927857752
2020-03-10 12:53:00,34.967346568
2020-03-10 12:54:00,35.004367333
2020-03-10 12:55:00,35.026579792
2020-03-10 12:56:00,35.006835384
2020-03-10 12:57:00,34.987090976
2020-03-10 12:58:00,35.001899282
2020-03-10 12:59:00,34.992027078
2020-03-10 13:00:00,34.94760216
2020-03-10 13:01:00,34.82419961
2020-03-10 13:02:00,34.779774692
2020-03-10 13:03:00,34.75015808
2020-03-10 13:04:00,34.769902488
2020-03-10 13:05:00,34.7995191
2020-03-10 13:06:00,34.760030284
2020-03-10 13:07:00,34.804455202
2020-03-10 13:08:00,34.888368936
2020-03-10 13:09:00,34.992027078
2020-03-10 13:10:00,35.051260302
2020-03-10 13:11:00,34.957474364
2020-03-10 13:12:00,34.937729956
2020-03-10 13:13:00,34.942666058
2020-03-10 13:14:00,35.016707588
2020-03-10 13:15:00,35.016707588
2020-03-10 13:16:00,35.026579792
2020-03-10 13:17:00,34.913049446
2020-03-10 13:18:00,35.02164369
2020-03-10 13:19:00,35.105557424
2020-03-10 13:20:00,35.075940812
2020-03-10 13:21:00,35.125301832
2020-03-10 13:22:00,35.056196404
2020-03-10 13:23:00,35.0463242
2020-03-10 13:24:00,35.0463242
2020-03-10 13:25:00,35.080876914
2020-03-10 13:26:00,35.006835384
2020-03-10 13:27:00,34.927857752
2020-03-10 13:28:00,34.992027078
2020-03-10 13:29:00,34.977218772
2020-03-10 13:30:00,35.016707588
2020-03-10 13:31:00,35.031515894
2020-03-10 13:32:00,35.036451996
2020-03-10 13:33:00,34.962410466
2020-03-10 13:34:00,35.056196404
2020-03-10 13:35:00,35.130237934
2020-03-10 13:36:00,35.12036573
2020-03-10 13:37:00,35.056196404
2020-03-10 13:38:00,35.036451996
2020-03-10 13:39:00,34.99696318
2020-03-10 13:40:00,35.006835384
2020-03-10 13:41:00,34.94760216
2020-03-10 13:42:00,34.917985548
2020-03-10 13:43:00,34.957474364
2020-03-10 13:44:00,35.006835384
2020-03-10 13:45:00,34.967346568
2020-03-10 13:46:00,34.917985548
2020-03-10 13:47:00,34.839007916
2020-03-10 13:48:00,34.819263508
2020-03-10 13:49:00,34.89488459064
2020-03-10 13:50:00,34.809391304
2020-03-10 13:51:00,34.858752324
2020-03-10 13:52:00,34.819263508
2020-03-10 13:53:00,34.858752324
2020-03-10 13:54:00,34.82419961
2020-03-10 13:55:00,34.78974561804
2020-03-10 13:56:00,34.819263508
2020-03-10 13:57:00,34.809391304
2020-03-10 13:58:00,34.829135712
2020-03-10 13:59:00,34.839007916
2020-03-10 14:00:00,34.819263508
2020-03-10 14:01:00,34.740285876
2020-03-10 14:02:00,34.70079706
2020-03-10 14:03:00,34.730413672
2020-03-10 14:04:00,34.740285876
2020-03-10 14:05:00,34.75015808
2020-03-10 14:06:00,34.710669264
2020-03-10 14:07:00,34.7995191
2020-03-10 14:08:00,34.789646896
2020-03-10 14:09:00,34.814327406
2020-03-10 14:10:00,34.888368936
2020-03-10 14:11:00,34.888368936
2020-03-10 14:12:00,34.893305038
2020-03-10 14:13:00,34.937729956
2020-03-10 14:14:00,34.908113344
2020-03-10 14:15:00,34.987090976
2020-03-10 14:16:00,34.987090976
2020-03-10 14:17:00,34.952538262
2020-03-10 14:18:00,34.94760216
2020-03-10 14:19:00,34.937729956
2020-03-10 14:20:00,34.987090976
2020-03-10 14:21:00,35.011771486
2020-03-10 14:22:00,35.02164369
2020-03-10 14:23:00,34.982154874
2020-03-10 14:24:00,34.927857752
2020-03-10 14:25:00,34.84888012
2020-03-10 14:26:00,34.83910663804
2020-03-10 14:27:00,34.789646896
2020-03-10 14:28:00,34.868624528
2020-03-10 14:29:00,34.94760216
2020-03-10 14:30:00,34.987090976
2020-03-10 14:31:00,34.987090976
2020-03-10 14:32:00,35.026579792
2020-03-10 14:33:00,35.036451996
2020-03-10 14:34:00,35.066068608
2020-03-10 14:35:00,35.085813016
2020-03-10 14:36:00,35.080876914
2020-03-10 14:37:00,35.090749118
2020-03-10 14:38:00,35.056196404
2020-03-10 14:39:00,35.0463242
2020-03-10 14:40:00,35.0463242
2020-03-10 14:41:00,35.090749118
2020-03-10 14:42:00,35.204279464
2020-03-10 14:43:00,35.189471158
2020-03-10 14:44:00,35.204279464
2020-03-10 14:45:00,35.199343362
2020-03-10 14:46:00,35.184535056
2020-03-10 14:47:00,35.224023872
2020-03-10 14:48:00,35.352362524
2020-03-10 14:49:00,35.322745912
2020-03-10 14:50:00,35.39185134
2020-03-10 14:51:00,35.273384892
2020-03-10 14:52:00,35.238832178
2020-03-10 14:53:00,35.214151668
2020-03-10 14:54:00,35.1978625314
2020-03-10 14:55:00,35.214151668
2020-03-10 14:56:00,35.204279464
2020-03-10 14:57:00,35.105557424
2020-03-10 14:58:00,35.0463242
2020-03-10 14:59:00,35.0675494386
2020-03-10 15:00:00,35.125301832
2020-03-10 15:01:00,35.209215566
2020-03-10 15:02:00,35.080876914
2020-03-10 15:03:00,35.12036573
2020-03-10 15:04:00,35.204279464
2020-03-10 15:05:00,35.209215566
2020-03-10 15:06:00,35.214151668
2020-03-10 15:07:00,35.24376828
2020-03-10 15:08:00,35.214151668
2020-03-10 15:09:00,35.184535056
2020-03-10 15:10:00,35.154918444
2020-03-10 15:11:00,35.233896076
2020-03-10 15:12:00,35.2931293
2020-03-10 15:13:00,35.2931293
2020-03-10 15:14:00,35.283257096
2020-03-10 15:15:00,35.312873708
2020-03-10 15:16:00,35.263512688
2020-03-10 15:17:00,35.347426422
2020-03-10 15:18:00,35.436276258
2020-03-10 15:19:00,35.520189992
2020-03-10 15:20:00,35.559678808
2020-03-10 15:21:00,35.51525389
2020-03-10 15:22:00,35.574487114
2020-03-10 15:23:00,35.569551012
2020-03-10 15:24:00,35.49057338
2020-03-10 15:25:00,35.456020666
2020-03-10 15:26:00,35.44121236
2020-03-10 15:27:00,35.451084564
2020-03-10 15:28:00,35.451084564
2020-03-10 15:29:00,35.485637278
2020-03-10 15:30:00,35.40182226604
2020-03-10 15:31:00,35.39185134
2020-03-10 15:32:00,35.322745912
2020-03-10 15:33:00,35.34249032
2020-03-10 15:34:00,35.436276258
2020-03-10 15:35:00,35.362234728
2020-03-10 15:36:00,35.426404054
2020-03-10 15:37:00,35.426404054
2020-03-10 15:38:00,35.39185134
2020-03-10 15:39:00,35.495509482
2020-03-10 15:40:00,35.530062196
2020-03-10 15:41:00,35.530062196
2020-03-10 15:42:00,35.534998298
2020-03-10 15:43:00,35.52789031112
2020-03-10 15:44:00,35.480701176
2020-03-10 15:45:00,35.460956768
2020-03-10 15:46:00,35.574487114
2020-03-10 15:47:00,35.569551012
2020-03-10 15:48:00,35.584359318
2020-03-10 15:49:00,35.569551012
2020-03-10 15:50:00,35.648528644
2020-03-10 15:51:00,35.63865644
2020-03-10 15:52:00,35.61397593
2020-03-10 15:53:00,35.584359318
2020-03-10 15:54:00,35.569551012
2020-03-10 15:55:00,35.594231522
2020-03-10 15:56:00,35.559678808
2020-03-10 15:57:00,35.574487114
2020-03-10 15:58:00,35.456020666
2020-03-10 15:59:00,35.451084564
2020-03-10 16:00:00,35.579423216
2020-03-11 09:31:00,34.740285876
2020-03-11 09:32:00,34.779774692
2020-03-11 09:33:00,34.88748043764
2020-03-11 09:34:00,34.89824114
2020-03-11 09:35:00,34.957474364
2020-03-11 09:36:00,34.908113344
2020-03-11 09:37:00,34.888368936
2020-03-11 09:38:00,34.89824114
2020-03-11 09:39:00,34.819263508
2020-03-11 09:40:00,34.858752324
2020-03-11 09:41:00,34.769902488
2020-03-11 09:42:00,34.809391304
2020-03-11 09:43:00,34.86704497536
2020-03-11 09:44:00,34.878496732
2020-03-11 09:45:00,34.839007916
2020-03-11 09:46:00,34.853816222
2020-03-11 09:47:00,34.819263508
2020-03-11 09:48:00,34.89824114
2020-03-11 09:49:00,34.878496732
2020-03-11 09:50:00,34.839007916
2020-03-11 09:51:00,34.834071814
2020-03-11 09:52:00,34.927857752
2020-03-11 09:53:00,35.031515894
2020-03-11 09:54:00,35.1011149322
2020-03-11 09:55:00,35.075940812
2020-03-11 09:56:00,35.056196404
2020-03-11 09:57:00,35.075940812
2020-03-11 09:58:00,35.105557424
2020-03-11 09:59:00,35.085813016
2020-03-11 10:00:00,35.204279464
2020-03-11 10:01:00,35.125301832
2020-03-11 10:02:00,35.130237934
2020-03-11 10:03:00,35.105557424
2020-03-11 10:04:00,35.09657371836
2020-03-11 10:05:00,35.09568522
2020-03-11 10:06:00,35.174662852
2020-03-11 10:07:00,35.125301832
2020-03-11 10:08:00,35.115429628
2020-03-11 10:09:00,35.253640484
2020-03-11 10:10:00,35.224023872
2020-03-11 10:11:00,35.214151668
2020-03-11 10:12:00,35.253640484
2020-03-11 10:13:00,35.214151668
2020-03-11 10:14:00,35.214151668
2020-03-11 10:15:00,35.228959974
2020-03-11 10:16:00,35.204279464
2020-03-11 10:17:00,35.258576586
2020-03-11 10:18:00,35.233896076
2020-03-11 10:19:00,35.233896076
2020-03-11 10:20:00,35.24376828
2020-03-11 10:21:00,35.130237934
2020-03-11 10:22:00,35.125301832
2020-03-11 10:23:00,35.164790648
2020-03-11 10:24:00,35.125301832
2020-03-11 10:25:00,35.09568522
2020-03-11 10:26:00,35.135174036
2020-03-11 10:27:00,35.09568522
2020-03-11 10:28:00,35.105557424
2020-03-11 10:29:00,35.066068608
2020-03-11 10:30:00,35.0463242
2020-03-11 10:31:00,34.927857752
2020-03-11 10:32:00,34.987090976
2020-03-11 10:33:00,34.99696318
2020-03-11 10:34:00,35.006835384
2020-03-11 10:35:00,35.085813016
2020-03-11 10:36:00,35.0463242
2020-03-11 10:37:00,35.006835384
2020-03-11 10:38:00,35.026579792
2020-03-11 10:39:00,35.0463242
2020-03-11 10:40:00,35.02164369
2020-03-11 10:41:00,35.0463242
2020-03-11 10:42:00,35.09568522
2020-03-11 10:43:00,35.075940812
2020-03-11 10:44:00,35.0463242
2020-03-11 10:45:00,35.036451996
2020-03-11 10:46:00,35.14504624
2020-03-11 10:47:00,35.184535056
2020-03-11 10:48:00,35.115429628
2020-03-11 10:49:00,35.066068608
2020-03-11 10:50:00,34.977218772
2020-03-11 10:51:00,34.957474364
2020-03-11 10:52:00,34.987090976
2020-03-11 10:53:00,34.967346568
2020-03-11 10:54:00,34.917985548
2020-03-11 10:55:00,34.893305038
2020-03-11 10:56:00,34.89824114
2020-03-11 10:57:00,34.913049446
2020-03-11 10:58:00,34.89824114
2020-03-11 10:59:00,34.937729956
2020-03-11 11:00:00,35.026579792
2020-03-11 11:01:00,35.006835384
2020-03-11 11:02:00,35.056196404
2020-03-11 11:03:00,35.14504624
2020-03-11 11:04:00,35.09568522
2020-03-11 11:05:00,35.026579792
2020-03-11 11:06:00,35.0463242
2020-03-11 11:07:00,35.026579792
2020-03-11 11:08:00,35.026579792
2020-03-11 11:09:00,34.937729956
2020-03-11 11:10:00,35.026579792
2020-03-11 11:11:00,35.056196404
2020-03-11 11:12:00,35.0463242
2020-03-11 11:13:00,35.056196404
2020-03-11 11:14:00,35.075940812
2020-03-11 11:15:00,35.105557424
2020-03-11 11:16:00,35.0463242
2020-03-11 11:17:00,34.967346568
2020-03-11 11:18:00,34.927857752
2020-03-11 11:19:00,34.878496732
2020-03-11 11:20:00,34.819263508
2020-03-11 11:21:00,34.794582998
2020-03-11 11:22:00,34.745221978
2020-03-11 11:23:00,34.710669264
2020-03-11 11:24:00,34.70079706
2020-03-11 11:25:00,34.65143604
2020-03-11 11:26:00,34.671180448
2020-03-11 11:27:00,34.62675553
2020-03-11 11:28:00,34.62023987536
2020-03-11 11:29:00,34.65143604
2020-03-11 11:30:00,34.65143604
2020-03-11 11:31:00,34.621819428
2020-03-11 11:32:00,34.62675553
2020-03-11 11:33:00,34.730413672
2020-03-11 11:34:00,34.769902488
2020-03-11 11:35:00,34.75015808
2020-03-11 11:36:00,34.690924856
2020-03-11 11:37:00,34.779774692
2020-03-11 11:38:00,34.779774692
2020-03-11 11:39:00,34.804455202
2020-03-11 11:40:00,34.809391304
2020-03-11 11:41:00,34.779774692
2020-03-11 11:42:00,34.740285876
2020-03-11 11:43:00,34.70079706
2020-03-11 11:44:00,34.695860958
2020-03-11 11:45:00,34.661308244
2020-03-11 11:46:00,34.690924856
2020-03-11 11:47:00,34.641563836
2020-03-11 11:48:00,34.611947224
2020-03-11 11:49:00,34.621819428
2020-03-11 11:50:00,34.671180448
2020-03-11 11:51:00,34.70079706
2020-03-11 11:52:00,34.661308244
2020-03-11 11:53:00,34.631691632
2020-03-11 11:54:00,34.661308244
2020-03-11 11:55:00,34.621819428
2020-03-11 11:56:00,34.592202816
2020-03-11 11:57:00,34.65143604
2020-03-11 11:58:00,34.621819428
2020-03-11 11:59:00,34.70079706
2020-03-11 12:00:00,34.720541468
2020-03-11 12:01:00,34.661308244
2020-03-11 12:02:00,34.631691632
2020-03-11 12:03:00,34.621819428
2020-03-11 12:04:00,34.70079706
2020-03-11 12:05:00,34.740285876
2020-03-11 12:06:00,34.720541468
2020-03-11 12:07:00,34.690924856
2020-03-11 12:08:00,34.70079706
2020-03-11 12:09:00,34.760030284
2020-03-11 12:10:00,34.720541468
2020-03-11 12:11:00,34.730413672
2020-03-11 12:12:00,34.681052652
2020-03-11 12:13:00,34.760030284
2020-03-11 12:14:00,34.740285876
2020-03-11 12:15:00,34.710669264
2020-03-11 12:16:00,34.705733162
2020-03-11 12:17:00,34.70079706
2020-03-11 12:18:00,34.690924856
2020-03-11 12:19:00,34.710669264
2020-03-11 12:20:00,34.70079706
2020-03-11 12:21:00,34.75015808
2020-03-11 12:22:00,34.73416510952
2020-03-11 12:23:00,34.661308244
2020-03-11 12:24:00,34.690924856
2020-03-11 12:25:00,34.7042523314
2020-03-11 12:26:00,34.690924856
2020-03-11 12:27:00,34.70079706
2020-03-11 12:28:00,34.690924856
2020-03-11 12:29:00,34.690924856
2020-03-11 12:30:00,34.705733162
2020-03-11 12:31:00,34.690924856
2020-03-11 12:32:00,34.690924856
2020-03-11 12:33:00,34.65143604
2020-03-11 12:34:00,34.641563836
2020-03-11 12:35:00,34.641563836
2020-03-11 12:36:00,34.61204594604
2020-03-11 12:37:00,34.611947224
2020-03-11 12:38:00,34.592202816
2020-03-11 12:39:00,34.5586373224
2020-03-11 12:40:00,34.523097388
2020-03-11 12:41:00,34.513225184
2020-03-11 12:42:00,34.463864164
2020-03-11 12:43:00,34.498416878
2020-03-11 12:44:00,34.45399196
2020-03-11 12:45:00,34.468800266
2020-03-11 12:46:00,34.45399196
2020-03-11 12:47:00,34.414503144
2020-03-11 12:48:00,34.434247552
2020-03-11 12:49:00,34.473736368
2020-03-11 12:50:00,34.45399196
2020-03-11 12:51:00,34.439183654
2020-03-11 12:52:00,34.473736368
2020-03-11 12:53:00,34.493480776
2020-03-11 12:54:00,34.483608572
2020-03-11 12:55:00,34.434247552
2020-03-11 12:56:00,34.42931145
2020-03-11 12:57:00,34.434247552
2020-03-11 12:58:00,34.394758736
2020-03-11 12:59:00,34.473736368
2020-03-11 13:00:00,34.483608572
2020-03-11 13:01:00,34.40463094
2020-03-11 13:02:00,34.375014328
2020-03-11 13:03:00,34.370078226
2020-03-11 13:04:00,34.325653308
2020-03-11 13:05:00,34.345397716
2020-03-11 13:06:00,34.276292288
2020-03-11 13:07:00,34.325653308
2020-03-11 13:08:00,34.300972798
2020-03-11 13:09:00,34.276292288
2020-03-11 13:10:00,34.25654788
2020-03-11 13:11:00,34.246675676
2020-03-11 13:12:00,34.217059064
2020-03-11 13:13:00,34.236803472
2020-03-11 13:14:00,34.286164492
2020-03-11 13:15:00,34.296036696
2020-03-11 13:16:00,34.375014328
2020-03-11 13:17:00,34.345397716
2020-03-11 13:18:00,34.365142124
2020-03-11 13:19:00,34.394758736
2020-03-11 13:20:00,34.414503144
2020-03-11 13:21:00,34.473736368
2020-03-11 13:22:00,34.493480776
2020-03-11 13:23:00,34.463864164
2020-03-11 13:24:00,34.45399196
2020-03-11 13:25:00,34.463864164
2020-03-11 13:26:00,34.483608572
2020-03-11 13:27:00,34.592202816
2020-03-11 13:28:00,34.5709775774
2020-03-11 13:29:00,34.60207502
2020-03-11 13:30:00,34.671180448
2020-03-11 13:31:00,34.760030284
2020-03-11 13:32:00,34.769902488
2020-03-11 13:33:00,34.760030284
2020-03-11 13:34:00,34.681052652
2020-03-11 13:35:00,34.695860958
2020-03-11 13:36:00,34.641563836
2020-03-11 13:37:00,34.611947224
2020-03-11 13:38:00,34.611947224
2020-03-11 13:39:00,34.552714
2020-03-11 13:40:00,34.532969592
2020-03-11 13:41:00,34.493480776
2020-03-11 13:42:00,34.463864164
2020-03-11 13:43:00,34.45399196
2020-03-11 13:44:00,34.444119756
2020-03-11 13:45:00,34.45399196
2020-03-11 13:46:00,34.414503144
2020-03-11 13:47:00,34.444119756
2020-03-11 13:48:00,34.458928062
2020-03-11 13:49:00,34.493480776
2020-03-11 13:50:00,34.5092763024
2020-03-11 13:51:00,34.493480776
2020-03-11 13:52:00,34.508289082
2020-03-11 13:53:00,34.45399196
2020-03-11 13:54:00,34.424375348
2020-03-11 13:55:00,34.439183654
2020-03-11 13:56:00,34.513225184
2020-03-11 13:57:00,34.542841796
2020-03-11 13:58:00,34.532969592
2020-03-11 13:59:00,34.523097388
2020-03-11 14:00:00,34.542841796
2020-03-11 14:01:00,34.542841796
2020-03-11 14:02:00,34.42931145
2020-03-11 14:03:00,34.42210474108
2020-03-11 14:04:00,34.409567042
2020-03-11 14:05:00,34.40463094
2020-03-11 14:06:00,34.463864164
2020-03-11 14:07:00,34.473736368
2020-03-11 14:08:00,34.384886532
2020-03-11 14:09:00,34.33236640672
2020-03-11 14:10:00,34.296036696
2020-03-11 14:11:00,34.246675676
2020-03-11 14:12:00,34.276292288
2020-03-11 14:13:00,34.296036696
2020-03-11 14:14:00,34.266420084
2020-03-11 14:15:00,34.296036696
2020-03-11 14:16:00,34.315781104
2020-03-11 14:17:00,34.266420084
2020-03-11 14:18:00,34.3059089
2020-03-11 14:19:00,34.30581017796
2020-03-11 14:20:00,34.2871517124
2020-03-11 14:21:00,34.266420084
2020-03-11 14:22:00,34.27846417288
2020-03-11 14:23:00,34.296036696
2020-03-11 14:24:00,34.286164492
2020-03-11 14:25:00,34.320717206
2020-03-11 14:26:00,34.3059089
2020-03-11 14:27:00,34.276292288
2020-03-11 14:28:00,34.325653308
2020-03-11 14:29:00,34.300972798
2020-03-11 14:30:00,34.286164492
2020-03-11 14:31:00,34.315781104
2020-03-11 14:32:00,34.3468785466
2020-03-11 14:33:00,34.424375348
2020-03-11 14:34:00,34.375014328
2020-03-11 14:35:00,34.315781104
2020-03-11 14:36:00,34.340461614
2020-03-11 14:37:00,34.335525512
2020-03-11 14:38:00,34.296036696
2020-03-11 14:39:00,34.296036696
2020-03-11 14:40:00,34.34549643804
2020-03-11 14:41:00,34.375014328
2020-03-11 14:42:00,34.345397716
2020-03-11 14:43:00,34.370078226
2020-03-11 14:44:00,34.325653308
2020-03-11 14:45:00,34.251611778
2020-03-11 14:46:00,34.320717206
2020-03-11 14:47:00,34.345397716
2020-03-11 14:48:00,34.3059089
2020-03-11 14:49:00,34.325653308
2020-03-11 14:50:00,34.20718686
2020-03-11 14:51:00,34.187442452
2020-03-11 14:52:00,34.20718686
2020-03-11 14:53:00,34.221995166
2020-03-11 14:54:00,34.177570248
2020-03-11 14:55:00,34.128209228
2020-03-11 14:56:00,34.167698044
2020-03-11 14:57:00,34.187442452
2020-03-11 14:58:00,34.221995166
2020-03-11 14:59:00,34.217059064
2020-03-11 15:00:00,34.147953636
2020-03-11 15:01:00,34.187442452
2020-03-11 15:02:00,34.25654788
2020-03-11 15:03:00,34.187442452
2020-03-11 15:04:00,34.138081432
2020-03-11 15:05:00,34.143017534
2020-03-11 15:06:00,34.0591038
2020-03-11 15:07:00,34.029487188
2020-03-11 15:08:00,33.970253964
2020-03-11 15:09:00,33.970253964
2020-03-11 15:10:00,33.96038176
2020-03-11 15:11:00,34.068976004
2020-03-11 15:12:00,34.039359392
2020-03-11 15:13:00,33.989998372
2020-03-11 15:14:00,33.970253964
2020-03-11 15:15:00,33.96038176
2020-03-11 15:16:00,33.970253964
2020-03-11 15:17:00,33.989998372
2020-03-11 15:18:00,33.994934474
2020-03-11 15:19:00,34.0591038
2020-03-11 15:20:00,34.00974278
2020-03-11 15:21:00,33.96038176
2020-03-11 15:22:00,33.945573454
2020-03-11 15:23:00,33.970253964
2020-03-11 15:24:00,33.96038176
2020-03-11 15:25:00,33.92247249664
2020-03-11 15:26:00,33.970253964
2020-03-11 15:27:00,34.039359392
2020-03-11 15:28:00,34.019614984
2020-03-11 15:29:00,34.138081432
2020-03-11 15:30:00,34.128209228
2020-03-11 15:31:00,34.138081432
2020-03-11 15:32:00,34.246675676
2020-03-11 15:33:00,34.236803472
2020-03-11 15:34:00,34.296036696
2020-03-11 15:35:00,34.34381816336
2020-03-11 15:36:00,34.296036696
2020-03-11 15:37:00,34.28122839
2020-03-11 15:38:00,34.335525512
2020-03-11 15:39:00,34.365142124
2020-03-11 15:40:00,34.40463094
2020-03-11 15:41:00,34.463864164
2020-03-11 15:42:00,34.493480776
2020-03-11 15:43:00,34.384886532
2020-03-11 15:44:00,34.345397716
2020-03-11 15:45:00,34.345397716
2020-03-11 15:46:00,34.350333818
2020-03-11 15:47:00,34.266420084
2020-03-11 15:48:00,34.291100594
2020-03-11 15:49:00,34.45399196
2020-03-11 15:50:00,34.45399196
2020-03-11 15:51:00,34.384886532
2020-03-11 15:52:00,34.35526992
2020-03-11 15:53:00,34.473736368
2020-03-11 15:54:00,34.611947224
2020-03-11 15:55:00,34.473736368
2020-03-11 15:56:00,34.50335298
2020-03-11 15:57:00,34.493480776
2020-03-11 15:58:00,34.50335298
2020-03-11 15:59:00,34.518161286
2020-03-11 16:00:00,34.384886532
2020-03-12 09:31:00,32.755972872
2020-03-12 09:32:00,33.007714074
2020-03-12 09:33:00,33.140988828
2020-03-12 09:34:00,33.052138992
2020-03-12 09:35:00,33.308816296
2020-03-12 09:36:00,33.526004784
2020-03-12 09:37:00,33.526004784
2020-03-12 09:38:00,33.526004784
2020-03-12 09:39:00,33.526004784
2020-03-12 09:40:00,33.526004784
2020-03-12 09:41:00,33.526004784
2020-03-12 09:42:00,33.526004784
2020-03-12 09:43:00,33.526004784
2020-03-12 09:44:00,33.526004784
2020-03-12 09:45:00,33.526004784
2020-03-12 09:46:00,33.526004784
2020-03-12 09:47:00,33.526004784
2020-03-12 09:48:00,33.526004784
2020-03-12 09:49:00,33.526004784
2020-03-12 09:50:00,33.526004784
2020-03-12 09:51:00,33.78159614556
2020-03-12 09:52:00,33.733321068
2020-03-12 09:53:00,33.585238008
2020-03-12 09:54:00,33.210094256
2020-03-12 09:55:00,33.447027152
2020-03-12 09:56:00,33.555621396
2020-03-12 09:57:00,33.486515968
2020-03-12 09:58:00,33.674087844
2020-03-12 09:59:00,33.718512762
2020-03-12 10:00:00,33.743193272
2020-03-12 10:01:00,33.8636341608
2020-03-12 10:02:00,33.595110212
2020-03-12 10:03:00,33.585238008
2020-03-12 10:04:00,33.49145207
2020-03-12 10:05:00,33.249583072
2020-03-12 10:06:00,33.33724824352
2020-03-12 10:07:00,33.175541542
2020-03-12 10:08:00,33.126180522
2020-03-12 10:09:00,33.07869522076
2020-03-12 10:10:00,33.101500012
2020-03-12 10:11:00,33.04720289
2020-03-12 10:12:00,32.983033564
2020-03-12 10:13:00,33.03318436032
2020-03-12 10:14:00,33.012650176
2020-03-12 10:15:00,32.913928136
2020-03-12 10:16:00,32.983033564
2020-03-12 10:17:00,32.815206096
2020-03-12 10:18:00,32.746100668
2020-03-12 10:19:00,32.72635626
2020-03-12 10:20:00,32.755972872
2020-03-12 10:21:00,32.558528792
2020-03-12 10:22:00,32.672059138
2020-03-12 10:23:00,32.509167772
2020-03-12 10:24:00,32.548656588
2020-03-12 10:25:00,32.47955116
2020-03-12 10:26:00,32.588145404
2020-03-12 10:27:00,32.746100668
2020-03-12 10:28:00,32.731292362
2020-03-12 10:29:00,32.696739648
2020-03-12 10:30:00,32.67699524
2020-03-12 10:31:00,32.87443932
2020-03-12 10:32:00,32.97316136
2020-03-12 10:33:00,32.97316136
2020-03-12 10:34:00,32.953416952
2020-03-12 10:35:00,33.017586278
2020-03-12 10:36:00,33.111372216
2020-03-12 10:37:00,33.131116624
2020-03-12 10:38:00,33.150861032
2020-03-12 10:39:00,33.032394584
2020-03-12 10:40:00,33.002777972
2020-03-12 10:41:00,32.913928136
2020-03-12 10:42:00,32.904055932
2020-03-12 10:43:00,32.963289156
2020-03-12 10:44:00,32.983033564
2020-03-12 10:45:00,32.953416952
2020-03-12 10:46:00,32.97316136
2020-03-12 10:47:00,32.963289156
2020-03-12 10:48:00,32.963289156
2020-03-12 10:49:00,33.02252238
2020-03-12 10:50:00,33.037330686
2020-03-12 10:51:00,32.953416952
2020-03-12 10:52:00,32.983033564
2020-03-12 10:53:00,33.02755720404
2020-03-12 10:54:00,33.12124442
2020-03-12 10:55:00,33.210094256
2020-03-12 10:56:00,33.160733236
2020-03-12 10:57:00,33.165669338
2020-03-12 10:58:00,33.111372216
2020-03-12 10:59:00,33.0718834
2020-03-12 11:00:00,33.032394584
2020-03-12 11:01:00,32.963289156
2020-03-12 11:02:00,32.908992034
2020-03-12 11:03:00,32.894183728
2020-03-12 11:04:00,32.80641983444
2020-03-12 11:05:00,32.77571728
2020-03-12 11:06:00,32.760908974
2020-03-12 11:07:00,32.80207606468
2020-03-12 11:08:00,32.780653382
2020-03-12 11:09:00,32.755972872
2020-03-12 11:10:00,32.66050865932
2020-03-12 11:11:00,32.558528792
2020-03-12 11:12:00,32.533848282
2020-03-12 11:13:00,32.667123036
2020-03-12 11:14:00,32.642442526
2020-03-12 11:15:00,32.563464894
2020-03-12 11:16:00,32.588145404
2020-03-12 11:17:00,32.538784384
2020-03-12 11:18:00,32.563464894
2020-03-12 11:19:00,32.548656588
2020-03-12 11:20:00,32.523976078
2020-03-12 11:21:00,32.459806752
2020-03-12 11:22:00,32.519039976
2020-03-12 11:23:00,32.558528792
2020-03-12 11:24:00,32.62763422
2020-03-12 11:25:00,32.637506424
2020-03-12 11:26:00,32.70167575
2020-03-12 11:27:00,32.67699524
2020-03-12 11:28:00,32.711547954
2020-03-12 11:29:00,32.736228464
2020-03-12 11:30:00,32.731292362
2020-03-12 11:31:00,32.691803546
2020-03-12 11:32:00,32.686867444
2020-03-12 11:33:00,32.696739648
2020-03-12 11:34:00,32.65231473
2020-03-12 11:35:00,32.459806752
2020-03-12 11:36:00,32.489423364
2020-03-12 11:37:00,32.459806752
2020-03-12 11:38:00,32.47955116
2020-03-12 11:39:00,32.459806752
2020-03-12 11:40:00,32.420317936
2020-03-12 11:41:00,32.35614861
2020-03-12 11:42:00,32.375893018
2020-03-12 11:43:00,32.361084712
2020-03-12 11:44:00,32.326531998
2020-03-12 11:45:00,32.346276406
2020-03-12 11:46:00,32.30678759
2020-03-12 11:47:00,32.311723692
2020-03-12 11:48:00,32.341340304
2020-03-12 11:49:00,32.30678759
2020-03-12 11:50:00,32.222873856
2020-03-12 11:51:00,32.173512836
2020-03-12 11:52:00,32.119215714
2020-03-12 11:53:00,32.143896224
2020-03-12 11:54:00,32.168576734
2020-03-12 11:55:00,32.188321142
2020-03-12 11:56:00,32.193257244
2020-03-12 11:57:00,32.23274606
2020-03-12 11:58:00,32.217937754
2020-03-12 11:59:00,32.242618264
2020-03-12 12:00:00,32.163640632
2020-03-12 12:01:00,32.18338504
2020-03-12 12:02:00,32.23274606
2020-03-12 12:03:00,32.23274606
2020-03-12 12:04:00,32.23274606
2020-03-12 12:05:00,32.217937754
2020-03-12 12:06:00,32.213001652
2020-03-12 12:07:00,32.28210708
2020-03-12 12:08:00,32.301851488
2020-03-12 12:09:00,32.242618264
2020-03-12 12:10:00,32.217937754
2020-03-12 12:11:00,32.2095463806
2020-03-12 12:12:00,32.163640632
2020-03-12 12:13:00,32.153768428
2020-03-12 12:14:00,32.252490468
2020-03-12 12:15:00,32.296915386
2020-03-12 12:16:00,32.351212508
2020-03-12 12:17:00,32.35614861
2020-03-12 12:18:00,32.351212508
2020-03-12 12:19:00,32.311723692
2020-03-12 12:20:00,32.291979284
2020-03-12 12:21:00,32.311723692
2020-03-12 12:22:00,32.361084712
2020-03-12 12:23:00,32.43019014
2020-03-12 12:24:00,32.469678956
2020-03-12 12:25:00,32.52891218
2020-03-12 12:26:00,32.499295568
2020-03-12 12:27:00,32.449934548
2020-03-12 12:28:00,32.52891218
2020-03-12 12:29:00,32.4835000416
2020-03-12 12:30:00,32.499295568
2020-03-12 12:31:00,32.366020814
2020-03-12 12:32:00,32.390701324
2020-03-12 12:33:00,32.385765222
2020-03-12 12:34:00,32.420317936
2020-03-12 12:35:00,32.38082912
2020-03-12 12:36:00,32.321595896
2020-03-12 12:37:00,32.262362672
2020-03-12 12:38:00,32.346276406
2020-03-12 12:39:00,32.38082912
2020-03-12 12:40:00,32.351212508
2020-03-12 12:41:00,32.291979284
2020-03-12 12:42:00,32.23274606
2020-03-12 12:43:00,32.28210708
2020-03-12 12:44:00,32.28210708
2020-03-12 12:45:00,32.291979284
2020-03-12 12:46:00,32.390701324
2020-03-12 12:47:00,32.43019014
2020-03-12 12:48:00,32.435126242
2020-03-12 12:49:00,32.50758821936
2020-03-12 12:50:00,32.484487262
2020-03-12 12:51:00,32.558528792
2020-03-12 12:52:00,32.588145404
2020-03-12 12:53:00,32.632570322
2020-03-12 12:54:00,32.913928136
2020-03-12 12:55:00,33.091627808
2020-03-12 12:56:00,33.279199684
2020-03-12 12:57:00,33.210094256
2020-03-12 12:58:00,33.397666132
2020-03-12 12:59:00,33.51613258
2020-03-12 13:00:00,33.46677156
2020-03-12 13:01:00,33.308816296
2020-03-12 13:02:00,33.506260376
2020-03-12 13:03:00,33.604982416
2020-03-12 13:04:00,33.792554292
2020-03-12 13:05:00,33.851787516
2020-03-12 13:06:00,34.019614984
2020-03-12 13:07:00,33.891276332
2020-03-12 13:08:00,33.545749192
2020-03-12 13:09:00,33.68889615
2020-03-12 13:10:00,33.61485462
2020-03-12 13:11:00,33.555621396
2020-03-12 13:12:00,33.308816296
2020-03-12 13:13:00,33.12124442
2020-03-12 13:14:00,33.259455276
2020-03-12 13:15:00,33.239710868
2020-03-12 13:16:00,33.3186885
2020-03-12 13:17:00,33.052138992
2020-03-12 13:18:00,33.066947298
2020-03-12 13:19:00,33.136052726
2020-03-12 13:20:00,33.160733236
2020-03-12 13:21:00,33.032394584
2020-03-12 13:22:00,33.086691706
2020-03-12 13:23:00,33.12124442
2020-03-12 13:24:00,32.983033564
2020-03-12 13:25:00,33.032394584
2020-03-12 13:26:00,32.97316136
2020-03-12 13:27:00,32.992905768
2020-03-12 13:28:00,32.97316136
2020-03-12 13:29:00,33.0718834
2020-03-12 13:30:00,33.042266788
2020-03-12 13:31:00,33.140988828
2020-03-12 13:32:00,33.0718834
2020-03-12 13:33:00,33.032394584
2020-03-12 13:34:00,32.894183728
2020-03-12 13:35:00,32.92380034
2020-03-12 13:36:00,32.834950504
2020-03-12 13:37:00,32.686867444
2020-03-12 13:38:00,32.62763422
2020-03-12 13:39:00,32.607889812
2020-03-12 13:40:00,32.598017608
2020-03-12 13:41:00,32.62763422
2020-03-12 13:42:00,32.736228464
2020-03-12 13:43:00,32.716484056
2020-03-12 13:44:00,32.770781178
2020-03-12 13:45:00,32.815206096
2020-03-12 13:46:00,32.795461688
2020-03-12 13:47:00,32.815206096
2020-03-12 13:48:00,32.92380034
2020-03-12 13:49:00,33.02252238
2020-03-12 13:50:00,33.086691706
2020-03-12 13:51:00,33.02252238
2020-03-12 13:52:00,33.131116624
2020-03-12 13:53:00,33.10979266336
2020-03-12 13:54:00,33.02252238
2020-03-12 13:55:00,32.933672544
2020-03-12 13:56:00,33.012650176
2020-03-12 13:57:00,32.983033564
2020-03-12 13:58:00,33.0718834
2020-03-12 13:59:00,33.111372216
2020-03-12 14:00:00,33.210094256
2020-03-12 14:01:00,33.091627808
2020-03-12 14:02:00,32.884311524
2020-03-12 14:03:00,32.97316136
2020-03-12 14:04:00,33.002777972
2020-03-12 14:05:00,33.091627808
2020-03-12 14:06:00,33.150861032
2020-03-12 14:07:00,33.032394584
2020-03-12 14:08:00,33.042266788
2020-03-12 14:09:00,33.032394584
2020-03-12 14:10:00,33.081755604
2020-03-12 14:11:00,33.062011196
2020-03-12 14:12:00,32.943544748
2020-03-12 14:13:00,32.879375422
2020-03-12 14:14:00,32.92380034
2020-03-12 14:15:00,32.92380034
2020-03-12 14:16:00,32.884311524
2020-03-12 14:17:00,32.87443932
2020-03-12 14:18:00,32.943544748
2020-03-12 14:19:00,32.87443932
2020-03-12 14:20:00,32.790525586
2020-03-12 14:21:00,32.8250783
2020-03-12 14:22:00,32.815206096
2020-03-12 14:23:00,32.736228464
2020-03-12 14:24:00,32.67699524
2020-03-12 14:25:00,32.62763422
2020-03-12 14:26:00,32.662186934
2020-03-12 14:27:00,32.72635626
2020-03-12 14:28:00,32.746100668
2020-03-12 14:29:00,32.736228464
2020-03-12 14:30:00,32.67699524
2020-03-12 14:31:00,32.686867444
2020-03-12 14:32:00,32.706611852
2020-03-12 14:33:00,32.607889812
2020-03-12 14:34:00,32.598017608
2020-03-12 14:35:00,32.5782732
2020-03-12 14:36:00,32.637506424
2020-03-12 14:37:00,32.588145404
2020-03-12 14:38:00,32.588145404
2020-03-12 14:39:00,32.5782732
2020-03-12 14:40:00,32.62763422
2020-03-12 14:41:00,32.686867444
2020-03-12 14:42:00,32.686867444
2020-03-12 14:43:00,32.736228464
2020-03-12 14:44:00,32.736228464
2020-03-12 14:45:00,32.736228464
2020-03-12 14:46:00,32.696739648
2020-03-12 14:47:00,32.67699524
2020-03-12 14:48:00,32.77571728
2020-03-12 14:49:00,32.913928136
2020-03-12 14:50:00,32.992905768
2020-03-12 14:51:00,33.057075094
2020-03-12 14:52:00,32.992905768
2020-03-12 14:53:00,32.933672544
2020-03-12 14:54:00,32.92380034
2020-03-12 14:55:00,32.864567116
2020-03-12 14:56:00,32.84502015208
2020-03-12 14:57:00,32.854694912
2020-03-12 14:58:00,32.844822708
2020-03-12 14:59:00,32.72635626
2020-03-12 15:00:00,32.667123036
2020-03-12 15:01:00,32.765845076
2020-03-12 15:02:00,32.765845076
2020-03-12 15:03:00,32.736228464
2020-03-12 15:04:00,32.72635626
2020-03-12 15:05:00,32.716484056
2020-03-12 15:06:00,32.686867444
2020-03-12 15:07:00,32.637506424
2020-03-12 15:08:00,32.62763422
2020-03-12 15:09:00,32.72635626
2020-03-12 15:10:00,32.844822708
2020-03-12 15:11:00,33.0718834
2020-03-12 15:12:00,33.012650176
2020-03-12 15:13:00,32.963289156
2020-03-12 15:14:00,32.854694912
2020-03-12 15:15:00,32.830014402
2020-03-12 15:16:00,32.72635626
2020-03-12 15:17:00,32.731292362
2020-03-12 15:18:00,32.78302271096
2020-03-12 15:19:00,32.790525586
2020-03-12 15:20:00,32.795461688
2020-03-12 15:21:00,32.746100668
2020-03-12 15:22:00,32.755972872
2020-03-12 15:23:00,32.864567116
2020-03-12 15:24:00,32.77571728
2020-03-12 15:25:00,32.755972872
2020-03-12 15:26:00,32.77571728
2020-03-12 15:27:00,32.765845076
2020-03-12 15:28:00,32.795461688
2020-03-12 15:29:00,32.765845076
2020-03-12 15:30:00,32.765845076
2020-03-12 15:31:00,32.805333892
2020-03-12 15:32:00,32.864567116
2020-03-12 15:33:00,33.02252238
2020-03-12 15:34:00,32.884311524
2020-03-12 15:35:00,32.884311524
2020-03-12 15:36:00,32.943544748
2020-03-12 15:37:00,32.943544748
2020-03-12 15:38:00,32.958353054
2020-03-12 15:39:00,33.017586278
2020-03-12 15:40:00,33.032394584
2020-03-12 15:41:00,33.259455276
2020-03-12 15:42:00,33.254519174
2020-03-12 15:43:00,33.12124442
2020-03-12 15:44:00,33.131116624
2020-03-12 15:45:00,33.0718834
2020-03-12 15:46:00,33.111372216
2020-03-12 15:47:00,33.0718834
2020-03-12 15:48:00,33.042266788
2020-03-12 15:49:00,33.111372216
2020-03-12 15:50:00,33.10278339852
2020-03-12 15:51:00,33.042266788
2020-03-12 15:52:00,33.1686309992
2020-03-12 15:53:00,33.032394584
2020-03-12 15:54:00,33.101500012
2020-03-12 15:55:00,32.983033564
2020-03-12 15:56:00,32.928736442
2020-03-12 15:57:00,32.755972872
2020-03-12 15:58:00,32.834950504
2020-03-12 15:59:00,32.815206096
2020-03-12 16:00:00,32.607889812
2020-03-13 09:31:00,34.098592616
2020-03-13 09:32:00,34.236803472
2020-03-13 09:33:00,34.187442452
2020-03-13 09:34:00,33.901148536
2020-03-13 09:35:00,34.049231596
2020-03-13 09:36:00,33.901148536
2020-03-13 09:37:00,33.950509556
2020-03-13 09:38:00,33.871531924
2020-03-13 09:39:00,33.733321068
2020-03-13 09:40:00,33.66421564
2020-03-13 09:41:00,33.506260376
2020-03-13 09:42:00,33.51613258
2020-03-13 09:43:00,33.654343436
2020-03-13 09:44:00,33.866595822
2020-03-13 09:45:00,33.970253964
2020-03-13 09:46:00,34.147953636
2020-03-13 09:47:00,34.0591038
2020-03-13 09:48:00,34.029487188
2020-03-13 09:49:00,34.039359392
2020-03-13 09:50:00,34.098592616
2020-03-13 09:51:00,34.167698044
2020-03-13 09:52:00,34.24292423848
2020-03-13 09:53:00,34.246675676
2020-03-13 09:54:00,34.1277156178
2020-03-13 09:55:00,34.039359392
2020-03-13 09:56:00,34.014678882
2020-03-13 09:57:00,33.940637352
2020-03-13 09:58:00,33.9465606744
2020-03-13 09:59:00,34.049231596
2020-03-13 10:00:00,34.00974278
2020-03-13 10:01:00,33.999870576
2020-03-13 10:02:00,34.019614984
2020-03-13 10:03:00,34.024551086
2020-03-13 10:04:00,34.019614984
2020-03-13 10:05:00,33.940637352
2020-03-13 10:06:00,34.00974278
2020-03-13 10:07:00,34.00974278
2020-03-13 10:08:00,33.999870576
2020-03-13 10:09:00,34.00974278
2020-03-13 10:10:00,33.970253964
2020-03-13 10:11:00,33.930765148
2020-03-13 10:12:00,33.856723618
2020-03-13 10:13:00,33.851787516
2020-03-13 10:14:00,33.782682088
2020-03-13 10:15:00,33.802426496
2020-03-13 10:16:00,33.802426496
2020-03-13 10:17:00,33.782682088
2020-03-13 10:18:00,33.841915312
2020-03-13 10:19:00,33.930765148
2020-03-13 10:20:00,33.950509556
2020-03-13 10:21:00,33.925829046
2020-03-13 10:22:00,33.91102074
2020-03-13 10:23:00,34.014678882
2020-03-13 10:24:00,34.0591038
2020-03-13 10:25:00,33.891276332
2020-03-13 10:26:00,33.822170904
2020-03-13 10:27:00,33.871531924
2020-03-13 10:28:00,33.841915312
2020-03-13 10:29:00,33.629662926
2020-03-13 10:30:00,33.66421564
2020-03-13 10:31:00,33.654343436
2020-03-13 10:32:00,33.604982416
2020-03-13 10:33:00,33.693832252
2020-03-13 10:34:00,33.753065476
2020-03-13 10:35:00,33.683960048
2020-03-13 10:36:00,33.654343436
2020-03-13 10:37:00,33.604982416
2020-03-13 10:38:00,33.575365804
2020-03-13 10:39:00,33.535876988
2020-03-13 10:40:00,33.486515968
2020-03-13 10:41:00,33.456899356
2020-03-13 10:42:00,33.54584791404
2020-03-13 10:43:00,33.486515968
2020-03-13 10:44:00,33.387793928
2020-03-13 10:45:00,33.36804952
2020-03-13 10:46:00,33.41741054
2020-03-13 10:47:00,33.36804952
2020-03-13 10:48:00,33.358177316
2020-03-13 10:49:00,33.358177316
2020-03-13 10:50:00,33.348305112
2020-03-13 10:51:00,33.377921724
2020-03-13 10:52:00,33.32046549672
2020-03-13 10:53:00,33.249583072
2020-03-13 10:54:00,33.239710868
2020-03-13 10:55:00,33.29924025812
2020-03-13 10:56:00,33.274263582
2020-03-13 10:57:00,33.24464697
2020-03-13 10:58:00,33.136052726
2020-03-13 10:59:00,33.057075094
2020-03-13 11:00:00,33.0718834
2020-03-13 11:01:00,33.150861032
2020-03-13 11:02:00,33.308816296
2020-03-13 11:03:00,33.21996646
2020-03-13 11:04:00,33.229838664
2020-03-13 11:05:00,33.200222052
2020-03-13 11:06:00,33.160733236
2020-03-13 11:07:00,33.17060544
2020-03-13 11:08:00,33.140988828
2020-03-13 11:09:00,33.066947298
2020-03-13 11:10:00,33.150861032
2020-03-13 11:11:00,33.111372216
2020-03-13 11:12:00,33.111372216
2020-03-13 11:13:00,33.140988828
2020-03-13 11:14:00,33.17060544
2020-03-13 11:15:00,33.279199684
2020-03-13 11:16:00,33.259455276
2020-03-13 11:17:00,33.180477644
2020-03-13 11:18:00,33.17060544
2020-03-13 11:19:00,33.160733236
2020-03-13 11:20:00,33.17050671796
2020-03-13 11:21:00,33.328560704
2020-03-13 11:22:00,33.279199684
2020-03-13 11:23:00,33.229838664
2020-03-13 11:24:00,33.12124442
2020-03-13 11:25:00,33.091627808
2020-03-13 11:26:00,33.131116624
2020-03-13 11:27:00,33.12124442
2020-03-13 11:28:00,33.111372216
2020-03-13 11:29:00,33.042266788
2020-03-13 11:30:00,32.94848085
2020-03-13 11:31:00,32.963289156
2020-03-13 11:32:00,32.963289156
2020-03-13 11:33:00,32.92380034
2020-03-13 11:34:00,32.795461688
2020-03-13 11:35:00,32.686867444
2020-03-13 11:36:00,32.805333892
2020-03-13 11:37:00,32.795461688
2020-03-13 11:38:00,32.8250783
2020-03-13 11:39:00,32.6878546644
2020-03-13 11:40:00,32.73909140316
2020-03-13 11:41:00,32.72635626
2020-03-13 11:42:00,32.696739648
2020-03-13 11:43:00,32.647378628
2020-03-13 11:44:00,32.662186934
2020-03-13 11:45:00,32.667123036
2020-03-13 11:46:00,32.686867444
2020-03-13 11:47:00,32.686867444
2020-03-13 11:48:00,32.637506424
2020-03-13 11:49:00,32.637506424
2020-03-13 11:50:00,32.568400996
2020-03-13 11:51:00,32.637506424
2020-03-13 11:52:00,32.706611852
2020-03-13 11:53:00,32.760908974
2020-03-13 11:54:00,32.785589484
2020-03-13 11:55:00,32.913928136
2020-03-13 11:56:00,33.062011196
2020-03-13 11:57:00,33.160733236
2020-03-13 11:58:00,33.160733236
2020-03-13 11:59:00,33.081755604
2020-03-13 12:00:00,33.042266788
2020-03-13 12:01:00,33.081755604
2020-03-13 12:02:00,33.002777972
2020-03-13 12:03:00,32.884311524
2020-03-13 12:04:00,32.834950504
2020-03-13 12:05:00,32.884311524
2020-03-13 12:06:00,32.815206096
2020-03-13 12:07:00,32.810269994
2020-03-13 12:08:00,32.785589484
2020-03-13 12:09:00,32.8250783
2020-03-13 12:10:00,32.913928136
2020-03-13 12:11:00,33.062011196
2020-03-13 12:12:00,33.02252238
2020-03-13 12:13:00,32.97316136
2020-03-13 12:14:00,32.943544748
2020-03-13 12:15:00,33.04720289
2020-03-13 12:16:00,33.052138992
2020-03-13 12:17:00,33.081755604
2020-03-13 12:18:00,33.02252238
2020-03-13 12:19:00,33.02252238
2020-03-13 12:20:00,33.03663963172
2020-03-13 12:21:00,33.0787939428
2020-03-13 12:22:00,33.062011196
2020-03-13 12:23:00,33.032394584
2020-03-13 12:24:00,33.03446774684
2020-03-13 12:25:00,32.963289156
2020-03-13 12:26:00,32.983033564
2020-03-13 12:27:00,32.97316136
2020-03-13 12:28:00,32.992905768
2020-03-13 12:29:00,33.02252238
2020-03-13 12:30:00,33.027458482
2020-03-13 12:31:00,33.091627808
2020-03-13 12:32:00,33.160733236
2020-03-13 12:33:00,33.249583072
2020-03-13 12:34:00,33.259455276
2020-03-13 12:35:00,33.249583072
2020-03-13 12:36:00,33.210094256
2020-03-13 12:37:00,33.21996646
2020-03-13 12:38:00,33.17060544
2020-03-13 12:39:00,33.229838664
2020-03-13 12:40:00,33.239710868
2020-03-13 12:41:00,33.328560704
2020-03-13 12:42:00,33.3719984016
2020-03-13 12:43:00,33.358177316
2020-03-13 12:44:00,33.3186885
2020-03-13 12:45:00,33.36804952
2020-03-13 12:46:00,33.348305112
2020-03-13 12:47:00,33.289071888
2020-03-13 12:48:00,33.338432908
2020-03-13 12:49:00,33.259455276
2020-03-13 12:50:00,33.279199684
2020-03-13 12:51:00,33.338432908
2020-03-13 12:52:00,33.279199684
2020-03-13 12:53:00,33.29400799
2020-03-13 12:54:00,33.249583072
2020-03-13 12:55:00,33.259455276
2020-03-13 12:56:00,33.210094256
2020-03-13 12:57:00,33.180477644
2020-03-13 12:58:00,33.180477644
2020-03-13 12:59:00,33.111372216
2020-03-13 13:00:00,33.066947298
2020-03-13 13:01:00,33.0718834
2020-03-13 13:02:00,33.012650176
2020-03-13 13:03:00,32.992905768
2020-03-13 13:04:00,32.913928136
2020-03-13 13:05:00,32.884311524
2020-03-13 13:06:00,32.904055932
2020-03-13 13:07:00,32.894183728
2020-03-13 13:08:00,32.904055932
2020-03-13 13:09:00,32.958353054
2020-03-13 13:10:00,32.894183728
2020-03-13 13:11:00,32.894183728
2020-03-13 13:12:00,32.933672544
2020-03-13 13:13:00,33.002777972
2020-03-13 13:14:00,33.012650176
2020-03-13 13:15:00,33.052138992
2020-03-13 13:16:00,33.0718834
2020-03-13 13:17:00,33.002777972
2020-03-13 13:18:00,33.032394584
2020-03-13 13:19:00,33.027458482
2020-03-13 13:20:00,33.0718834
2020-03-13 13:21:00,33.136052726
2020-03-13 13:22:00,33.21996646
2020-03-13 13:23:00,33.175541542
2020-03-13 13:24:00,33.180477644
2020-03-13 13:25:00,33.25935655396
2020-03-13 13:26:00,33.26932748
2020-03-13 13:27:00,33.308816296
2020-03-13 13:28:00,33.31088945884
2020-03-13 13:29:00,33.303880194
2020-03-13 13:30:00,33.303880194
2020-03-13 13:31:00,33.377921724
2020-03-13 13:32:00,33.372985622
2020-03-13 13:33:00,33.348305112
2020-03-13 13:34:00,33.328560704
2020-03-13 13:35:00,33.24464697
2020-03-13 13:36:00,33.224902562
2020-03-13 13:37:00,33.136052726
2020-03-13 13:38:00,33.160733236
2020-03-13 13:39:00,33.160733236
2020-03-13 13:40:00,33.21996646
2020-03-13 13:41:00,33.348305112
2020-03-13 13:42:00,33.348305112
2020-03-13 13:43:00,33.308816296
2020-03-13 13:44:00,33.259455276
2020-03-13 13:45:00,33.239710868
2020-03-13 13:46:00,33.348305112
2020-03-13 13:47:00,33.26932748
2020-03-13 13:48:00,33.289071888
2020-03-13 13:49:00,33.284135786
2020-03-13 13:50:00,33.289071888
2020-03-13 13:51:00,33.229838664
2020-03-13 13:52:00,33.200222052
2020-03-13 13:53:00,33.21996646
2020-03-13 13:54:00,33.200222052
2020-03-13 13:55:00,33.190349848
2020-03-13 13:56:00,33.180477644
2020-03-13 13:57:00,33.101500012
2020-03-13 13:58:00,33.140988828
2020-03-13 13:59:00,33.14928147936
2020-03-13 14:00:00,33.12124442
2020-03-13 14:01:00,32.992905768
2020-03-13 14:02:00,32.904055932
2020-03-13 14:03:00,32.904055932
2020-03-13 14:04:00,32.913928136
2020-03-13 14:05:00,32.894183728
2020-03-13 14:06:00,32.953416952
2020-03-13 14:07:00,32.87443932
2020-03-13 14:08:00,32.864567116
2020-03-13 14:09:00,32.755972872
2020-03-13 14:10:00,32.8250783
2020-03-13 14:11:00,32.746100668
2020-03-13 14:12:00,32.736228464
2020-03-13 14:13:00,32.746100668
2020-03-13 14:14:00,32.770781178
2020-03-13 14:15:00,32.79536296596
2020-03-13 14:16:00,32.8250783
2020-03-13 14:17:00,32.834950504
2020-03-13 14:18:00,32.834950504
2020-03-13 14:19:00,32.815206096
2020-03-13 14:20:00,32.765845076
2020-03-13 14:21:00,32.795461688
2020-03-13 14:22:00,32.785589484
2020-03-13 14:23:00,32.76248852664
2020-03-13 14:24:00,32.834950504
2020-03-13 14:25:00,32.884311524
2020-03-13 14:26:00,32.834950504
2020-03-13 14:27:00,32.859631014
2020-03-13 14:28:00,32.805333892
2020-03-13 14:29:00,32.790525586
2020-03-13 14:30:00,32.77571728
2020-03-13 14:31:00,32.785589484
2020-03-13 14:32:00,32.746100668
2020-03-13 14:33:00,32.741164566
2020-03-13 14:34:00,32.736228464
2020-03-13 14:35:00,32.736228464
2020-03-13 14:36:00,32.736228464
2020-03-13 14:37:00,32.721420158
2020-03-13 14:38:00,32.765845076
2020-03-13 14:39:00,32.746100668
2020-03-13 14:40:00,32.691803546
2020-03-13 14:41:00,32.681931342
2020-03-13 14:42:00,32.70167575
2020-03-13 14:43:00,32.741164566
2020-03-13 14:44:00,32.706611852
2020-03-13 14:45:00,32.795461688
2020-03-13 14:46:00,32.706611852
2020-03-13 14:47:00,32.706611852
2020-03-13 14:48:00,32.755972872
2020-03-13 14:49:00,32.686867444
2020-03-13 14:50:00,32.686867444
2020-03-13 14:51:00,32.736228464
2020-03-13 14:52:00,32.805333892
2020-03-13 14:53:00,32.795461688
2020-03-13 14:54:00,32.755972872
2020-03-13 14:55:00,32.795461688
2020-03-13 14:56:00,32.913928136
2020-03-13 14:57:00,32.918864238
2020-03-13 14:58:00,32.943544748
2020-03-13 14:59:00,32.933672544
2020-03-13 15:00:00,32.918864238
2020-03-13 15:01:00,32.95361439608
2020-03-13 15:02:00,33.002777972
2020-03-13 15:03:00,32.913928136
2020-03-13 15:04:00,32.87443932
2020-03-13 15:05:00,32.864567116
2020-03-13 15:06:00,33.032394584
2020-03-13 15:07:00,33.042266788
2020-03-13 15:08:00,33.002777972
2020-03-13 15:09:00,32.904055932
2020-03-13 15:10:00,32.913928136
2020-03-13 15:11:00,32.92380034
2020-03-13 15:12:00,32.87443932
2020-03-13 15:13:00,32.913928136
2020-03-13 15:14:00,32.834950504
2020-03-13 15:15:00,32.992905768
2020-03-13 15:16:00,33.017586278
2020-03-13 15:17:00,33.062011196
2020-03-13 15:18:00,33.032394584
2020-03-13 15:19:00,33.01294634212
2020-03-13 15:20:00,32.97316136
2020-03-13 15:21:00,32.953416952
2020-03-13 15:22:00,33.012650176
2020-03-13 15:23:00,33.007714074
2020-03-13 15:24:00,33.081755604
2020-03-13 15:25:00,33.012650176
2020-03-13 15:26:00,33.042266788
2020-03-13 15:27:00,33.02252238
2020-03-13 15:28:00,33.012650176
2020-03-13 15:29:00,33.017586278
2020-03-13 15:30:00,33.032394584
2020-03-13 15:31:00,33.02252238
2020-03-13 15:32:00,32.815206096
2020-03-13 15:33:00,32.854694912
2020-03-13 15:34:00,32.696739648
2020-03-13 15:35:00,32.736228464
2020-03-13 15:36:00,32.933672544
2020-03-13 15:37:00,32.894183728
2020-03-13 15:38:00,32.933672544
2020-03-13 15:39:00,33.249583072
2020-03-13 15:40:00,33.04720289
2020-03-13 15:41:00,33.101500012
2020-03-13 15:42:00,33.12124442
2020-03-13 15:43:00,33.308816296
2020-03-13 15:44:00,33.12124442
2020-03-13 15:45:00,33.308816296
2020-03-13 15:46:00,33.447027152
2020-03-13 15:47:00,33.476643764
2020-03-13 15:48:00,33.407538336
2020-03-13 15:49:00,33.377921724
2020-03-13 15:50:00,33.358177316
2020-03-13 15:51:00,33.140988828
2020-03-13 15:52:00,33.21996646
2020-03-13 15:53:00,33.091627808
2020-03-13 15:54:00,33.259455276
2020-03-13 15:55:00,33.229838664
2020-03-13 15:56:00,33.111372216
2020-03-13 15:57:00,33.042266788
2020-03-13 15:58:00,33.353241214
2020-03-13 15:59:00,33.51613258
2020-03-13 16:00:00,33.555621396
2020-03-16 09:31:00,30.45742761468
2020-03-16 09:32:00,30.45742761468
2020-03-16 09:33:00,30.45742761468
2020-03-16 09:34:00,30.45742761468
2020-03-16 09:35:00,30.45742761468
2020-03-16 09:36:00,30.45742761468
2020-03-16 09:37:00,30.45742761468
2020-03-16 09:38:00,30.45742761468
2020-03-16 09:39:00,30.45742761468
2020-03-16 09:40:00,30.45742761468
2020-03-16 09:41:00,30.45742761468
2020-03-16 09:42:00,30.45742761468
2020-03-16 09:43:00,30.45742761468
2020-03-16 09:44:00,30.45742761468
2020-03-16 09:45:00,30.45742761468
2020-03-16 09:46:00,30.623576808
2020-03-16 09:47:00,30.761787664
2020-03-16 09:48:00,31.206036844
2020-03-16 09:49:00,31.334375496
2020-03-16 09:50:00,31.289950578
2020-03-16 09:51:00,31.240589558
2020-03-16 09:52:00,31.206036844
2020-03-16 09:53:00,31.20791256276
2020-03-16 09:54:00,31.324503292
2020-03-16 09:55:00,31.54169178
2020-03-16 09:56:00,31.373864312
2020-03-16 09:57:00,31.206036844
2020-03-16 09:58:00,31.206036844
2020-03-16 09:59:00,31.136931416
2020-03-16 10:00:00,31.136931416
2020-03-16 10:01:00,31.057953784
2020-03-16 10:02:00,31.028337172
2020-03-16 10:03:00,31.043145478
2020-03-16 10:04:00,30.99872056
2020-03-16 10:05:00,30.959231744
2020-03-16 10:06:00,31.04304675596
2020-03-16 10:07:00,31.043145478
2020-03-16 10:08:00,31.077698192
2020-03-16 10:09:00,31.141867518
2020-03-16 10:10:00,31.215909048
2020-03-16 10:11:00,31.19616464
2020-03-16 10:12:00,31.17148413
2020-03-16 10:13:00,31.186292436
2020-03-16 10:14:00,31.156675824
2020-03-16 10:15:00,31.14680362
2020-03-16 10:16:00,31.107314804
2020-03-16 10:17:00,31.077698192
2020-03-16 10:18:00,31.038209376
2020-03-16 10:19:00,31.008592764
2020-03-16 10:20:00,30.909870724
2020-03-16 10:21:00,30.870381908
2020-03-16 10:22:00,31.092506498
2020-03-16 10:23:00,31.19616464
2020-03-16 10:24:00,31.19626336204
2020-03-16 10:25:00,31.230717354
2020-03-16 10:26:00,31.304758884
2020-03-16 10:27:00,31.383736516
2020-03-16 10:28:00,31.383736516
2020-03-16 10:29:00,31.388672618
2020-03-16 10:30:00,31.359056006
2020-03-16 10:31:00,31.403480924
2020-03-16 10:32:00,31.512075168
2020-03-16 10:33:00,31.551563984
2020-03-16 10:34:00,31.610797208
2020-03-16 10:35:00,31.581180596
2020-03-16 10:36:00,31.586116698
2020-03-16 10:37:00,31.56637229
2020-03-16 10:38:00,31.5772317144
2020-03-16 10:39:00,31.581180596
2020-03-16 10:40:00,31.773688574
2020-03-16 10:41:00,31.758880268
2020-03-16 10:42:00,31.867474512
2020-03-16 10:43:00,31.877346716
2020-03-16 10:44:00,31.842794002
2020-03-16 10:45:00,31.847730104
2020-03-16 10:46:00,31.892155022
2020-03-16 10:47:00,32.050110286
2020-03-16 10:48:00,32.163640632
2020-03-16 10:49:00,32.178448938
2020-03-16 10:50:00,32.188321142
2020-03-16 10:51:00,32.188321142
2020-03-16 10:52:00,32.143896224
2020-03-16 10:53:00,32.13402402
2020-03-16 10:54:00,32.267298774
2020-03-16 10:55:00,32.242618264
2020-03-16 10:56:00,32.30678759
2020-03-16 10:57:00,32.262362672
2020-03-16 10:58:00,32.237682162
2020-03-16 10:59:00,32.178448938
2020-03-16 11:00:00,31.916835532
2020-03-16 11:01:00,31.827985696
2020-03-16 11:02:00,31.931643838
2020-03-16 11:03:00,32.005685368
2020-03-16 11:04:00,32.138960122
2020-03-16 11:05:00,31.906963328
2020-03-16 11:06:00,31.867474512
2020-03-16 11:07:00,32.064918592
2020-03-16 11:08:00,32.104407408
2020-03-16 11:09:00,32.074790796
2020-03-16 11:10:00,32.064918592
2020-03-16 11:11:00,32.104407408
2020-03-16 11:12:00,32.089599102
2020-03-16 11:13:00,32.055046388
2020-03-16 11:14:00,32.055046388
2020-03-16 11:15:00,32.114279612
2020-03-16 11:16:00,32.291979284
2020-03-16 11:17:00,32.400573528
2020-03-16 11:18:00,32.326531998
2020-03-16 11:19:00,32.193257244
2020-03-16 11:20:00,32.222873856
2020-03-16 11:21:00,32.18338504
2020-03-16 11:22:00,32.148832326
2020-03-16 11:23:00,32.163640632
2020-03-16 11:24:00,32.242618264
2020-03-16 11:25:00,32.213001652
2020-03-16 11:26:00,32.242618264
2020-03-16 11:27:00,32.326531998
2020-03-16 11:28:00,32.34143902604
2020-03-16 11:29:00,32.351212508
2020-03-16 11:30:00,32.435126242
2020-03-16 11:31:00,32.519039976
2020-03-16 11:32:00,32.50423167
2020-03-16 11:33:00,32.509167772
2020-03-16 11:34:00,32.43019014
2020-03-16 11:35:00,32.203129448
2020-03-16 11:36:00,32.13402402
2020-03-16 11:37:00,32.14478472236
2020-03-16 11:38:00,32.09463392604
2020-03-16 11:39:00,32.084663
2020-03-16 11:40:00,32.094535204
2020-03-16 11:41:00,32.055046388
2020-03-16 11:42:00,31.990877062
2020-03-16 11:43:00,31.882282818
2020-03-16 11:44:00,31.941516042
2020-03-16 11:45:00,31.946452144
2020-03-16 11:46:00,31.956324348
2020-03-16 11:47:00,31.976068756
2020-03-16 11:48:00,31.946452144
2020-03-16 11:49:00,31.93657994
2020-03-16 11:50:00,31.966196552
2020-03-16 11:51:00,31.995813164
2020-03-16 11:52:00,32.025429776
2020-03-16 11:53:00,32.015557572
2020-03-16 11:54:00,32.03530198
2020-03-16 11:55:00,32.055046388
2020-03-16 11:56:00,32.084663
2020-03-16 11:57:00,32.074790796
2020-03-16 11:58:00,32.104407408
2020-03-16 11:59:00,32.114279612
2020-03-16 12:00:00,32.28210708
2020-03-16 12:01:00,32.247554366
2020-03-16 12:02:00,32.163640632
2020-03-16 12:03:00,32.242618264
2020-03-16 12:04:00,32.28210708
2020-03-16 12:05:00,32.351212508
2020-03-16 12:06:00,32.3314681
2020-03-16 12:07:00,32.321595896
2020-03-16 12:08:00,32.311723692
2020-03-16 12:09:00,32.296915386
2020-03-16 12:10:00,32.301851488
2020-03-16 12:11:00,32.291979284
2020-03-16 12:12:00,32.370956916
2020-03-16 12:13:00,32.385765222
2020-03-16 12:14:00,32.361084712
2020-03-16 12:15:00,32.3398594734
2020-03-16 12:16:00,32.277170978
2020-03-16 12:17:00,32.222873856
2020-03-16 12:18:00,32.18338504
2020-03-16 12:19:00,32.104407408
2020-03-16 12:20:00,32.104407408
2020-03-16 12:21:00,32.13402402
2020-03-16 12:22:00,32.163640632
2020-03-16 12:23:00,32.227809958
2020-03-16 12:24:00,32.242618264
2020-03-16 12:25:00,32.351212508
2020-03-16 12:26:00,32.400573528
2020-03-16 12:27:00,32.499295568
2020-03-16 12:28:00,32.489423364
2020-03-16 12:29:00,32.494359466
2020-03-16 12:30:00,32.489423364
2020-03-16 12:31:00,32.514103874
2020-03-16 12:32:00,32.519039976
2020-03-16 12:33:00,32.514103874
2020-03-16 12:34:00,32.489423364
2020-03-16 12:35:00,32.52891218
2020-03-16 12:36:00,32.52891218
2020-03-16 12:37:00,32.514103874
2020-03-16 12:38:00,32.519039976
2020-03-16 12:39:00,32.50423167
2020-03-16 12:40:00,32.514103874
2020-03-16 12:41:00,32.509167772
2020-03-16 12:42:00,32.449934548
2020-03-16 12:43:00,32.489423364
2020-03-16 12:44:00,32.568400996
2020-03-16 12:45:00,32.573337098
2020-03-16 12:46:00,32.558528792
2020-03-16 12:47:00,32.5782732
2020-03-16 12:48:00,32.5782732
2020-03-16 12:49:00,32.598017608
2020-03-16 12:50:00,32.598017608
2020-03-16 12:51:00,32.5782732
2020-03-16 12:52:00,32.558528792
2020-03-16 12:53:00,32.558528792
2020-03-16 12:54:00,32.499295568
2020-03-16 12:55:00,32.499295568
2020-03-16 12:56:00,32.469678956
2020-03-16 12:57:00,32.47955116
2020-03-16 12:58:00,32.509167772
2020-03-16 12:59:00,32.538784384
2020-03-16 13:00:00,32.612825914
2020-03-16 13:01:00,32.657250832
2020-03-16 13:02:00,32.672059138
2020-03-16 13:03:00,32.72635626
2020-03-16 13:04:00,32.755972872
2020-03-16 13:05:00,32.75103677
2020-03-16 13:06:00,32.755972872
2020-03-16 13:07:00,32.746100668
2020-03-16 13:08:00,32.785589484
2020-03-16 13:09:00,32.790525586
2020-03-16 13:10:00,32.790525586
2020-03-16 13:11:00,32.795461688
2020-03-16 13:12:00,32.8250783
2020-03-16 13:13:00,32.894183728
2020-03-16 13:14:00,32.913928136
2020-03-16 13:15:00,32.8250783
2020-03-16 13:16:00,32.785589484
2020-03-16 13:17:00,32.790525586
2020-03-16 13:18:00,32.785589484
2020-03-16 13:19:00,32.662186934
2020-03-16 13:20:00,32.509167772
2020-03-16 13:21:00,32.277170978
2020-03-16 13:22:00,32.291979284
2020-03-16 13:23:00,32.351212508
2020-03-16 13:24:00,32.296915386
2020-03-16 13:25:00,32.361084712
2020-03-16 13:26:00,32.23274606
2020-03-16 13:27:00,32.3314681
2020-03-16 13:28:00,32.38082912
2020-03-16 13:29:00,32.400573528
2020-03-16 13:30:00,32.435126242
2020-03-16 13:31:00,32.43009141796
2020-03-16 13:32:00,32.469678956
2020-03-16 13:33:00,32.420317936
2020-03-16 13:34:00,32.43019014
2020-03-16 13:35:00,32.43019014
2020-03-16 13:36:00,32.400573528
2020-03-16 13:37:00,32.38082912
2020-03-16 13:38:00,32.400573528
2020-03-16 13:39:00,32.459806752
2020-03-16 13:40:00,32.43019014
2020-03-16 13:41:00,32.400573528
2020-03-16 13:42:00,32.38082912
2020-03-16 13:43:00,32.38082912
2020-03-16 13:44:00,32.3423275244
2020-03-16 13:45:00,32.361084712
2020-03-16 13:46:00,32.375893018
2020-03-16 13:47:00,32.40550963
2020-03-16 13:48:00,32.435126242
2020-03-16 13:49:00,32.464742854
2020-03-16 13:50:00,32.43019014
2020-03-16 13:51:00,32.43019014
2020-03-16 13:52:00,32.41370355932
2020-03-16 13:53:00,32.38082912
2020-03-16 13:54:00,32.361084712
2020-03-16 13:55:00,32.361084712
2020-03-16 13:56:00,32.370956916
2020-03-16 13:57:00,32.341340304
2020-03-16 13:58:00,32.30678759
2020-03-16 13:59:00,32.28210708
2020-03-16 14:00:00,32.272234876
2020-03-16 14:01:00,32.222873856
2020-03-16 14:02:00,32.153768428
2020-03-16 14:03:00,32.153768428
2020-03-16 14:04:00,32.084663
2020-03-16 14:05:00,31.916835532
2020-03-16 14:06:00,31.946452144
2020-03-16 14:07:00,31.926707736
2020-03-16 14:08:00,31.88721892
2020-03-16 14:09:00,31.88721892
2020-03-16 14:10:00,31.867474512
2020-03-16 14:11:00,31.867474512
2020-03-16 14:12:00,31.86253841
2020-03-16 14:13:00,31.818113492
2020-03-16 14:14:00,31.808241288
2020-03-16 14:15:00,31.823049594
2020-03-16 14:16:00,31.83035502496
2020-03-16 14:17:00,31.88721892
2020-03-16 14:18:00,31.8378579
2020-03-16 14:19:00,31.827985696
2020-03-16 14:20:00,31.808241288
2020-03-16 14:21:00,31.847730104
2020-03-16 14:22:00,31.877346716
2020-03-16 14:23:00,31.906963328
2020-03-16 14:24:00,31.906963328
2020-03-16 14:25:00,31.892155022
2020-03-16 14:26:00,31.867474512
2020-03-16 14:27:00,31.946452144
2020-03-16 14:28:00,31.946452144
2020-03-16 14:29:00,31.926707736
2020-03-16 14:30:00,32.025429776
2020-03-16 14:31:00,32.050110286
2020-03-16 14:32:00,32.099471306
2020-03-16 14:33:00,32.124151816
2020-03-16 14:34:00,32.272234876
2020-03-16 14:35:00,32.4440112256
2020-03-16 14:36:00,32.351212508
2020-03-16 14:37:00,32.291979284
2020-03-16 14:38:00,32.341340304
2020-03-16 14:39:00,32.267298774
2020-03-16 14:40:00,32.222873856
2020-03-16 14:41:00,32.045174184
2020-03-16 14:42:00,32.07962817596
2020-03-16 14:43:00,32.005685368
2020-03-16 14:44:00,31.995813164
2020-03-16 14:45:00,31.966196552
2020-03-16 14:46:00,32.015557572
2020-03-16 14:47:00,31.971132654
2020-03-16 14:48:00,31.946452144
2020-03-16 14:49:00,31.956324348
2020-03-16 14:50:00,31.916835532
2020-03-16 14:51:00,31.897091124
2020-03-16 14:52:00,32.025429776
2020-03-16 14:53:00,32.12286842948
2020-03-16 14:54:00,31.99847865908
2020-03-16 14:55:00,32.09611475664
2020-03-16 14:56:00,32.074790796
2020-03-16 14:57:00,32.104407408
2020-03-16 14:58:00,32.267298774
2020-03-16 14:59:00,32.14774638356
2020-03-16 15:00:00,32.301851488
2020-03-16 15:01:00,32.346276406
2020-03-16 15:02:00,32.47955116
2020-03-16 15:03:00,32.459806752
2020-03-16 15:04:00,32.43019014
2020-03-16 15:05:00,32.410445732
2020-03-16 15:06:00,32.410445732
2020-03-16 15:07:00,32.321595896
2020-03-16 15:08:00,32.291979284
2020-03-16 15:09:00,32.262362672
2020-03-16 15:10:00,32.35832049488
2020-03-16 15:11:00,32.287043182
2020-03-16 15:12:00,32.272234876
2020-03-16 15:13:00,32.28210708
2020-03-16 15:14:00,32.336404202
2020-03-16 15:15:00,32.32169461804
2020-03-16 15:16:00,32.311723692
2020-03-16 15:17:00,32.43019014
2020-03-16 15:18:00,32.336404202
2020-03-16 15:19:00,32.400573528
2020-03-16 15:20:00,32.267298774
2020-03-16 15:21:00,32.247554366
2020-03-16 15:22:00,32.262362672
2020-03-16 15:23:00,32.252490468
2020-03-16 15:24:00,32.1942444644
2020-03-16 15:25:00,32.326531998
2020-03-16 15:26:00,32.26562049932
2020-03-16 15:27:00,32.242618264
2020-03-16 15:28:00,32.311723692
2020-03-16 15:29:00,32.272234876
2020-03-16 15:30:00,32.074790796
2020-03-16 15:31:00,31.827985696
2020-03-16 15:32:00,31.847730104
2020-03-16 15:33:00,31.877346716
2020-03-16 15:34:00,31.818113492
2020-03-16 15:35:00,31.88721892
2020-03-16 15:36:00,31.877346716
2020-03-16 15:37:00,31.90883904676
2020-03-16 15:38:00,31.842794002
2020-03-16 15:39:00,31.818113492
2020-03-16 15:40:00,31.867474512
2020-03-16 15:41:00,31.88721892
2020-03-16 15:42:00,31.892155022
2020-03-16 15:43:00,31.897091124
2020-03-16 15:44:00,31.966196552
2020-03-16 15:45:00,32.296915386
2020-03-16 15:46:00,31.966196552
2020-03-16 15:47:00,31.946452144
2020-03-16 15:48:00,31.818113492
2020-03-16 15:49:00,31.808241288
2020-03-16 15:50:00,31.793432982
2020-03-16 15:51:00,31.8378579
2020-03-16 15:52:00,31.78849688
2020-03-16 15:53:00,31.818113492
2020-03-16 15:54:00,31.82808441804
2020-03-16 15:55:00,32.01062147
2020-03-16 15:56:00,31.995813164
2020-03-16 15:57:00,31.823049594
2020-03-16 15:58:00,31.793432982
2020-03-16 15:59:00,31.78849688
2020-03-16 16:00:00,31.827985696
2020-03-17 09:31:00,32.43019014
2020-03-17 09:32:00,32.291979284
2020-03-17 09:33:00,32.706611852
2020-03-17 09:34:00,32.657250832
2020-03-17 09:35:00,32.667123036
2020-03-17 09:36:00,32.696739648
2020-03-17 09:37:00,32.765845076
2020-03-17 09:38:00,32.8250783
2020-03-17 09:39:00,32.894183728
2020-03-17 09:40:00,32.598017608
2020-03-17 09:41:00,32.583209302
2020-03-17 09:42:00,32.77571728
2020-03-17 09:43:00,32.706611852
2020-03-17 09:44:00,32.657250832
2020-03-17 09:45:00,32.588145404
2020-03-17 09:46:00,32.746100668
2020-03-17 09:47:00,32.97316136
2020-03-17 09:48:00,32.904055932
2020-03-17 09:49:00,32.790525586
2020-03-17 09:50:00,32.686867444
2020-03-17 09:51:00,32.548656588
2020-03-17 09:52:00,32.5782732
2020-03-17 09:53:00,32.43019014
2020-03-17 09:54:00,32.47955116
2020-03-17 09:55:00,32.361084712
2020-03-17 09:56:00,32.213001652
2020-03-17 09:57:00,32.188321142
2020-03-17 09:58:00,32.242618264
2020-03-17 09:59:00,32.124151816
2020-03-17 10:00:00,32.055046388
2020-03-17 10:01:00,31.995813164
2020-03-17 10:02:00,31.916835532
2020-03-17 10:03:00,32.01062147
2020-03-17 10:04:00,32.23274606
2020-03-17 10:05:00,32.361084712
2020-03-17 10:06:00,32.3314681
2020-03-17 10:07:00,32.548656588
2020-03-17 10:08:00,32.558528792
2020-03-17 10:09:00,32.538784384
2020-03-17 10:10:00,32.509167772
2020-03-17 10:11:00,32.47955116
2020-03-17 10:12:00,32.43019014
2020-03-17 10:13:00,32.425254038
2020-03-17 10:14:00,32.459806752
2020-03-17 10:15:00,32.469678956
2020-03-17 10:16:00,32.341340304
2020-03-17 10:17:00,32.415381834
2020-03-17 10:18:00,32.538784384
2020-03-17 10:19:00,32.598017608
2020-03-17 10:20:00,32.593081506
2020-03-17 10:21:00,32.632570322
2020-03-17 10:22:00,32.637506424
2020-03-17 10:23:00,32.805333892
2020-03-17 10:24:00,32.755972872
2020-03-17 10:25:00,32.736228464
2020-03-17 10:26:00,32.785589484
2020-03-17 10:27:00,32.785589484
2020-03-17 10:28:00,32.721420158
2020-03-17 10:29:00,32.785589484
2020-03-17 10:30:00,32.765845076
2020-03-17 10:31:00,32.790525586
2020-03-17 10:32:00,32.780653382
2020-03-17 10:33:00,32.706611852
2020-03-17 10:34:00,32.696739648
2020-03-17 10:35:00,32.67699524
2020-03-17 10:36:00,32.706611852
2020-03-17 10:37:00,32.785589484
2020-03-17 10:38:00,32.755972872
2020-03-17 10:39:00,32.657250832
2020-03-17 10:40:00,32.657250832
2020-03-17 10:41:00,32.667123036
2020-03-17 10:42:00,32.75103677
2020-03-17 10:43:00,32.686867444
2020-03-17 10:44:00,32.770781178
2020-03-17 10:45:00,32.894183728
2020-03-17 10:46:00,32.943544748
2020-03-17 10:47:00,32.943544748
2020-03-17 10:48:00,32.963289156
2020-03-17 10:49:00,32.963289156
2020-03-17 10:50:00,32.94848085
2020-03-17 10:51:00,32.913928136
2020-03-17 10:52:00,32.815206096
2020-03-17 10:53:00,32.805333892
2020-03-17 10:54:00,32.706611852
2020-03-17 10:55:00,32.691803546
2020-03-17 10:56:00,32.67699524
2020-03-17 10:57:00,32.72635626
2020-03-17 10:58:00,32.691803546
2020-03-17 10:59:00,32.657250832
2020-03-17 11:00:00,32.706611852
2020-03-17 11:01:00,32.77571728
2020-03-17 11:02:00,32.696739648
2020-03-17 11:03:00,32.706611852
2020-03-17 11:04:00,32.75103677
2020-03-17 11:05:00,32.77571728
2020-03-17 11:06:00,32.854694912
2020-03-17 11:07:00,32.943544748
2020-03-17 11:08:00,32.87443932
2020-03-17 11:09:00,32.87443932
2020-03-17 11:10:00,32.87443932
2020-03-17 11:11:00,33.002777972
2020-03-17 11:12:00,32.992905768
2020-03-17 11:13:00,32.97316136
2020-03-17 11:14:00,32.97316136
2020-03-17 11:15:00,33.002777972
2020-03-17 11:16:00,33.062011196
2020-03-17 11:17:00,33.101500012
2020-03-17 11:18:00,33.140988828
2020-03-17 11:19:00,33.136052726
2020-03-17 11:20:00,33.150861032
2020-03-17 11:21:00,33.17060544
2020-03-17 11:22:00,33.09656391
2020-03-17 11:23:00,33.131116624
2020-03-17 11:24:00,32.983033564
2020-03-17 11:25:00,32.983033564
2020-03-17 11:26:00,33.081755604
2020-03-17 11:27:00,33.140988828
2020-03-17 11:28:00,33.101500012
2020-03-17 11:29:00,33.12124442
2020-03-17 11:30:00,33.02252238
2020-03-17 11:31:00,33.007714074
2020-03-17 11:32:00,33.052138992
2020-03-17 11:33:00,33.091627808
2020-03-17 11:34:00,33.081755604
2020-03-17 11:35:00,33.0718834
2020-03-17 11:36:00,33.052138992
2020-03-17 11:37:00,32.983033564
2020-03-17 11:38:00,32.894183728
2020-03-17 11:39:00,32.844822708
2020-03-17 11:40:00,32.77571728
2020-03-17 11:41:00,32.815206096
2020-03-17 11:42:00,32.904055932
2020-03-17 11:43:00,32.953416952
2020-03-17 11:44:00,32.904055932
2020-03-17 11:45:00,32.913928136
2020-03-17 11:46:00,32.92380034
2020-03-17 11:47:00,32.983033564
2020-03-17 11:48:00,33.02252238
2020-03-17 11:49:00,33.012650176
2020-03-17 11:50:00,33.012650176
2020-03-17 11:51:00,33.012650176
2020-03-17 11:52:00,33.032394584
2020-03-17 11:53:00,33.032394584
2020-03-17 11:54:00,32.983033564
2020-03-17 11:55:00,33.02252238
2020-03-17 11:56:00,32.983033564
2020-03-17 11:57:00,32.992905768
2020-03-17 11:58:00,32.983033564
2020-03-17 11:59:00,32.983033564
2020-03-17 12:00:00,32.963289156
2020-03-17 12:01:00,32.933672544
2020-03-17 12:02:00,32.953416952
2020-03-17 12:03:00,33.012650176
2020-03-17 12:04:00,33.012650176
2020-03-17 12:05:00,33.02252238
2020-03-17 12:06:00,33.111372216
2020-03-17 12:07:00,33.180477644
2020-03-17 12:08:00,33.19528595
2020-03-17 12:09:00,33.254519174
2020-03-17 12:10:00,33.437154948
2020-03-17 12:11:00,33.486515968
2020-03-17 12:12:00,33.437154948
2020-03-17 12:13:00,33.501324274
2020-03-17 12:14:00,33.486515968
2020-03-17 12:15:00,33.461835458
2020-03-17 12:16:00,33.358177316
2020-03-17 12:17:00,33.377921724
2020-03-17 12:18:00,33.308816296
2020-03-17 12:19:00,33.308816296
2020-03-17 12:20:00,33.338432908
2020-03-17 12:21:00,33.279199684
2020-03-17 12:22:00,33.210094256
2020-03-17 12:23:00,33.12124442
2020-03-17 12:24:00,33.12124442
2020-03-17 12:25:00,33.116308318
2020-03-17 12:26:00,33.052138992
2020-03-17 12:27:00,33.062011196
2020-03-17 12:28:00,33.081755604
2020-03-17 12:29:00,33.04720289
2020-03-17 12:30:00,33.012650176
2020-03-17 12:31:00,33.032394584
2020-03-17 12:32:00,33.052138992
2020-03-17 12:33:00,33.091627808
2020-03-17 12:34:00,33.032394584
2020-03-17 12:35:00,33.012650176
2020-03-17 12:36:00,32.983033564
2020-03-17 12:37:00,32.992905768
2020-03-17 12:38:00,33.02252238
2020-03-17 12:39:00,32.894183728
2020-03-17 12:40:00,33.101500012
2020-03-17 12:41:00,32.933672544
2020-03-17 12:42:00,32.913928136
2020-03-17 12:43:00,32.87443932
2020-03-17 12:44:00,32.869503218
2020-03-17 12:45:00,32.854694912
2020-03-17 12:46:00,32.913928136
2020-03-17 12:47:00,32.933672544
2020-03-17 12:48:00,32.859631014
2020-03-17 12:49:00,32.854694912
2020-03-17 12:50:00,32.864567116
2020-03-17 12:51:00,32.87443932
2020-03-17 12:52:00,32.795461688
2020-03-17 12:53:00,32.785589484
2020-03-17 12:54:00,32.760908974
2020-03-17 12:55:00,32.834950504
2020-03-17 12:56:00,32.864567116
2020-03-17 12:57:00,32.864567116
2020-03-17 12:58:00,32.8250783
2020-03-17 12:59:00,32.795461688
2020-03-17 13:00:00,32.884311524
2020-03-17 13:01:00,32.889247626
2020-03-17 13:02:00,32.992905768
2020-03-17 13:03:00,33.02252238
2020-03-17 13:04:00,32.953416952
2020-03-17 13:05:00,32.918864238
2020-03-17 13:06:00,32.933672544
2020-03-17 13:07:00,32.884311524
2020-03-17 13:08:00,32.854694912
2020-03-17 13:09:00,32.785589484
2020-03-17 13:10:00,32.72635626
2020-03-17 13:11:00,32.637506424
2020-03-17 13:12:00,32.617762016
2020-03-17 13:13:00,32.62763422
2020-03-17 13:14:00,32.588145404
2020-03-17 13:15:00,32.52891218
2020-03-17 13:16:00,32.38082912
2020-03-17 13:17:00,32.38082912
2020-03-17 13:18:00,32.47955116
2020-03-17 13:19:00,32.548656588
2020-03-17 13:20:00,32.607889812
2020-03-17 13:21:00,32.62763422
2020-03-17 13:22:00,32.60295371
2020-03-17 13:23:00,32.5782732
2020-03-17 13:24:00,32.607889812
2020-03-17 13:25:00,32.637506424
2020-03-17 13:26:00,32.558528792
2020-03-17 13:27:00,32.538784384
2020-03-17 13:28:00,32.548656588
2020-03-17 13:29:00,32.598017608
2020-03-17 13:30:00,32.637506424
2020-03-17 13:31:00,32.5782732
2020-03-17 13:32:00,32.5782732
2020-03-17 13:33:00,32.657250832
2020-03-17 13:34:00,32.65231473
2020-03-17 13:35:00,32.67699524
2020-03-17 13:36:00,32.67699524
2020-03-17 13:37:00,32.637506424
2020-03-17 13:38:00,32.657250832
2020-03-17 13:39:00,32.667123036
2020-03-17 13:40:00,32.755972872
2020-03-17 13:41:00,32.864567116
2020-03-17 13:42:00,32.834950504
2020-03-17 13:43:00,32.785589484
2020-03-17 13:44:00,32.815206096
2020-03-17 13:45:00,32.834950504
2020-03-17 13:46:00,32.884311524
2020-03-17 13:47:00,32.87443932
2020-03-17 13:48:00,32.864567116
2020-03-17 13:49:00,32.884311524
2020-03-17 13:50:00,32.864567116
2020-03-17 13:51:00,32.884311524
2020-03-17 13:52:00,32.904055932
2020-03-17 13:53:00,32.844822708
2020-03-17 13:54:00,32.805333892
2020-03-17 13:55:00,32.810269994
2020-03-17 13:56:00,32.864567116
2020-03-17 13:57:00,32.889247626
2020-03-17 13:58:00,32.864567116
2020-03-17 13:59:00,32.839886606
2020-03-17 14:00:00,32.87443932
2020-03-17 14:01:00,32.884311524
2020-03-17 14:02:00,32.716484056
2020-03-17 14:03:00,32.8250783
2020-03-17 14:04:00,32.795461688
2020-03-17 14:05:00,32.834950504
2020-03-17 14:06:00,32.953416952
2020-03-17 14:07:00,32.963289156
2020-03-17 14:08:00,32.963289156
2020-03-17 14:09:00,32.963289156
2020-03-17 14:10:00,33.052138992
2020-03-17 14:11:00,33.12124442
2020-03-17 14:12:00,33.111372216
2020-03-17 14:13:00,33.101500012
2020-03-17 14:14:00,33.091627808
2020-03-17 14:15:00,33.111372216
2020-03-17 14:16:00,33.21996646
2020-03-17 14:17:00,33.229838664
2020-03-17 14:18:00,33.239710868
2020-03-17 14:19:00,33.279199684
2020-03-17 14:20:00,33.289071888
2020-03-17 14:21:00,33.26932748
2020-03-17 14:22:00,33.126180522
2020-03-17 14:23:00,33.002777972
2020-03-17 14:24:00,32.953416952
2020-03-17 14:25:00,32.943544748
2020-03-17 14:26:00,32.97316136
2020-03-17 14:27:00,33.062011196
2020-03-17 14:28:00,33.062011196
2020-03-17 14:29:00,33.04720289
2020-03-17 14:30:00,33.052138992
2020-03-17 14:31:00,33.14592493
2020-03-17 14:32:00,33.101500012
2020-03-17 14:33:00,33.081755604
2020-03-17 14:34:00,33.091627808
2020-03-17 14:35:00,33.126180522
2020-03-17 14:36:00,33.17060544
2020-03-17 14:37:00,33.17060544
2020-03-17 14:38:00,33.140988828
2020-03-17 14:39:00,33.057075094
2020-03-17 14:40:00,33.062011196
2020-03-17 14:41:00,33.062011196
2020-03-17 14:42:00,33.081755604
2020-03-17 14:43:00,33.04720289
2020-03-17 14:44:00,33.0718834
2020-03-17 14:45:00,32.933672544
2020-03-17 14:46:00,32.904055932
2020-03-17 14:47:00,32.92380034
2020-03-17 14:48:00,32.785589484
2020-03-17 14:49:00,32.736228464
2020-03-17 14:50:00,32.691803546
2020-03-17 14:51:00,32.755972872
2020-03-17 14:52:00,32.746100668
2020-03-17 14:53:00,32.637506424
2020-03-17 14:54:00,32.62763422
2020-03-17 14:55:00,32.746100668
2020-03-17 14:56:00,32.765845076
2020-03-17 14:57:00,32.8250783
2020-03-17 14:58:00,32.844822708
2020-03-17 14:59:00,32.844822708
2020-03-17 15:00:00,32.884311524
2020-03-17 15:01:00,32.854694912
2020-03-17 15:02:00,32.696739648
2020-03-17 15:03:00,32.696739648
2020-03-17 15:04:00,32.70167575
2020-03-17 15:05:00,32.637506424
2020-03-17 15:06:00,32.637506424
2020-03-17 15:07:00,32.647378628
2020-03-17 15:08:00,32.736228464
2020-03-17 15:09:00,32.884311524
2020-03-17 15:10:00,32.963289156
2020-03-17 15:11:00,32.943544748
2020-03-17 15:12:00,32.963289156
2020-03-17 15:13:00,32.963289156
2020-03-17 15:14:00,32.953416952
2020-03-17 15:15:00,32.963289156
2020-03-17 15:16:00,32.983033564
2020-03-17 15:17:00,32.963289156
2020-03-17 15:18:00,32.963289156
2020-03-17 15:19:00,32.92380034
2020-03-17 15:20:00,32.92380034
2020-03-17 15:21:00,32.92380034
2020-03-17 15:22:00,32.928736442
2020-03-17 15:23:00,32.933672544
2020-03-17 15:24:00,32.928736442
2020-03-17 15:25:00,32.928736442
2020-03-17 15:26:00,32.92380034
2020-03-17 15:27:00,32.928736442
2020-03-17 15:28:00,32.908992034
2020-03-17 15:29:00,32.864567116
2020-03-17 15:30:00,32.844822708
2020-03-17 15:31:00,32.84975881
2020-03-17 15:32:00,32.84975881
2020-03-17 15:33:00,32.820142198
2020-03-17 15:34:00,32.8250783
2020-03-17 15:35:00,32.830014402
2020-03-17 15:36:00,32.943544748
2020-03-17 15:37:00,33.02252238
2020-03-17 15:38:00,33.027458482
2020-03-17 15:39:00,33.066947298
2020-03-17 15:40:00,33.081755604
2020-03-17 15:41:00,33.140988828
2020-03-17 15:42:00,33.150861032
2020-03-17 15:43:00,33.289071888
2020-03-17 15:44:00,33.382857826
2020-03-17 15:45:00,33.387793928
2020-03-17 15:46:00,33.382857826
2020-03-17 15:47:00,33.382857826
2020-03-17 15:48:00,33.363113418
2020-03-17 15:49:00,33.338432908
2020-03-17 15:50:00,33.111372216
2020-03-17 15:51:00,33.116308318
2020-03-17 15:52:00,33.081755604
2020-03-17 15:53:00,33.062011196
2020-03-17 15:54:00,33.057075094
2020-03-17 15:55:00,32.77571728
2020-03-17 15:56:00,32.13402402
2020-03-17 15:57:00,32.464742854
2020-03-17 15:58:00,32.509167772
2020-03-17 15:59:00,32.538784384
2020-03-17 16:00:00,32.854694912
2020-03-18 09:31:00,31.107314804
2020-03-18 09:32:00,31.586116698
2020-03-18 09:33:00,31.877346716
2020-03-18 09:34:00,31.88721892
2020-03-18 09:35:00,31.88721892
2020-03-18 09:36:00,31.906963328
2020-03-18 09:37:00,32.074790796
2020-03-18 09:38:00,31.93657994
2020-03-18 09:39:00,31.679902636
2020-03-18 09:40:00,31.73913586
2020-03-18 09:41:00,31.5910528
2020-03-18 09:42:00,31.670030432
2020-03-18 09:43:00,31.600925004
2020-03-18 09:44:00,31.482458556
2020-03-18 09:45:00,31.44296974
2020-03-18 09:46:00,31.4533355542
2020-03-18 09:47:00,31.44296974
2020-03-18 09:48:00,31.452841944
2020-03-18 09:49:00,31.531819576
2020-03-18 09:50:00,31.502202964
2020-03-18 09:51:00,31.531819576
2020-03-18 09:52:00,31.600925004
2020-03-18 09:53:00,31.64041382
2020-03-18 09:54:00,31.749008064
2020-03-18 09:55:00,31.630541616
2020-03-18 09:56:00,31.630541616
2020-03-18 09:57:00,31.5910528
2020-03-18 09:58:00,31.551563984
2020-03-18 09:59:00,31.699647044
2020-03-18 10:00:00,31.709519248
2020-03-18 10:01:00,31.650286024
2020-03-18 10:02:00,31.916835532
2020-03-18 10:03:00,31.98594096
2020-03-18 10:04:00,32.114279612
2020-03-18 10:05:00,32.341340304
2020-03-18 10:06:00,32.23274606
2020-03-18 10:07:00,32.321595896
2020-03-18 10:08:00,32.3314681
2020-03-18 10:09:00,32.222873856
2020-03-18 10:10:00,32.114279612
2020-03-18 10:11:00,32.099471306
2020-03-18 10:12:00,32.03530198
2020-03-18 10:13:00,32.193257244
2020-03-18 10:14:00,32.213001652
2020-03-18 10:15:00,32.272234876
2020-03-18 10:16:00,32.311723692
2020-03-18 10:17:00,32.341340304
2020-03-18 10:18:00,32.222873856
2020-03-18 10:19:00,32.18338504
2020-03-18 10:20:00,32.119215714
2020-03-18 10:21:00,32.114279612
2020-03-18 10:22:00,32.055046388
2020-03-18 10:23:00,32.104407408
2020-03-18 10:24:00,32.114279612
2020-03-18 10:25:00,31.976068756
2020-03-18 10:26:00,31.946452144
2020-03-18 10:27:00,31.956324348
2020-03-18 10:28:00,31.88721892
2020-03-18 10:29:00,31.91189943
2020-03-18 10:30:00,32.025429776
2020-03-18 10:31:00,32.13402402
2020-03-18 10:32:00,32.084663
2020-03-18 10:33:00,31.926707736
2020-03-18 10:34:00,32.01062147
2020-03-18 10:35:00,32.045174184
2020-03-18 10:36:00,31.981004858
2020-03-18 10:37:00,31.926707736
2020-03-18 10:38:00,31.877346716
2020-03-18 10:39:00,31.93657994
2020-03-18 10:40:00,32.03530198
2020-03-18 10:41:00,32.114279612
2020-03-18 10:42:00,32.193257244
2020-03-18 10:43:00,32.213001652
2020-03-18 10:44:00,32.291979284
2020-03-18 10:45:00,32.28210708
2020-03-18 10:46:00,32.173512836
2020-03-18 10:47:00,32.074790796
2020-03-18 10:48:00,31.98594096
2020-03-18 10:49:00,31.946452144
2020-03-18 10:50:00,32.03530198
2020-03-18 10:51:00,31.946452144
2020-03-18 10:52:00,31.768752472
2020-03-18 10:53:00,31.571308392
2020-03-18 10:54:00,31.660158228
2020-03-18 10:55:00,31.595988902
2020-03-18 10:56:00,31.521947372
2020-03-18 10:57:00,31.571308392
2020-03-18 10:58:00,31.413353128
2020-03-18 10:59:00,31.3921278894
2020-03-18 11:00:00,31.383736516
2020-03-18 11:01:00,31.408417026
2020-03-18 11:02:00,31.44296974
2020-03-18 11:03:00,31.324503292
2020-03-18 11:04:00,31.176420232
2020-03-18 11:05:00,31.176420232
2020-03-18 11:06:00,31.127059212
2020-03-18 11:07:00,31.117187008
2020-03-18 11:08:00,31.117187008
2020-03-18 11:09:00,31.038209376
2020-03-18 11:10:00,31.038209376
2020-03-18 11:11:00,31.057953784
2020-03-18 11:12:00,31.008592764
2020-03-18 11:13:00,31.062889886
2020-03-18 11:14:00,31.14680362
2020-03-18 11:15:00,31.176420232
2020-03-18 11:16:00,31.102378702
2020-03-18 11:17:00,31.087570396
2020-03-18 11:18:00,31.028337172
2020-03-18 11:19:00,31.013528866
2020-03-18 11:20:00,30.978976152
2020-03-18 11:21:00,30.988848356
2020-03-18 11:22:00,30.969103948
2020-03-18 11:23:00,30.929615132
2020-03-18 11:24:00,30.96130490684
2020-03-18 11:25:00,31.07147870348
2020-03-18 11:26:00,31.028337172
2020-03-18 11:27:00,30.983912254
2020-03-18 11:28:00,30.94116561068
2020-03-18 11:29:00,30.929615132
2020-03-18 11:30:00,30.89999852
2020-03-18 11:31:00,30.89999852
2020-03-18 11:32:00,30.781532072
2020-03-18 11:33:00,30.766723766
2020-03-18 11:34:00,30.806212582
2020-03-18 11:35:00,30.870381908
2020-03-18 11:36:00,30.978976152
2020-03-18 11:37:00,30.8506375
2020-03-18 11:38:00,30.87531801
2020-03-18 11:39:00,30.885190214
2020-03-18 11:40:00,30.840765296
2020-03-18 11:41:00,30.796340378
2020-03-18 11:42:00,30.85122983224
2020-03-18 11:43:00,30.880254112
2020-03-18 11:44:00,30.99872056
2020-03-18 11:45:00,30.89999852
2020-03-18 11:46:00,30.909870724
2020-03-18 11:47:00,30.988848356
2020-03-18 11:48:00,31.077698192
2020-03-18 11:49:00,31.156675824
2020-03-18 11:50:00,31.12212311
2020-03-18 11:51:00,31.19616464
2020-03-18 11:52:00,31.062889886
2020-03-18 11:53:00,31.156675824
2020-03-18 11:54:00,31.067825988
2020-03-18 11:55:00,31.0974426
2020-03-18 11:56:00,31.235653456
2020-03-18 11:57:00,31.215909048
2020-03-18 11:58:00,31.186292436
2020-03-18 11:59:00,31.166548028
2020-03-18 12:00:00,31.156675824
2020-03-18 12:01:00,31.117187008
2020-03-18 12:02:00,30.978976152
2020-03-18 12:03:00,30.929615132
2020-03-18 12:04:00,30.89999852
2020-03-18 12:05:00,30.811148684
2020-03-18 12:06:00,30.75191546
2020-03-18 12:07:00,30.65319342
2020-03-18 12:08:00,30.75191546
2020-03-18 12:09:00,30.94935954
2020-03-18 12:10:00,30.860509704
2020-03-18 12:11:00,30.80127648
2020-03-18 12:12:00,30.638385114
2020-03-18 12:13:00,30.742043256
2020-03-18 12:14:00,30.781532072
2020-03-18 12:15:00,30.663065624
2020-03-18 12:16:00,30.712426644
2020-03-18 12:17:00,30.65319342
2020-03-18 12:18:00,30.65319342
2020-03-18 12:19:00,30.65309469796
2020-03-18 12:20:00,30.643321216
2020-03-18 12:21:00,30.712426644
2020-03-18 12:22:00,30.722298848
2020-03-18 12:23:00,30.712426644
2020-03-18 12:24:00,30.712426644
2020-03-18 12:25:00,30.663065624
2020-03-18 12:26:00,30.761787664
2020-03-18 12:27:00,30.663065624
2020-03-18 12:28:00,30.643321216
2020-03-18 12:29:00,30.732171052
2020-03-18 12:30:00,30.692682236
2020-03-18 12:31:00,30.643321216
2020-03-18 12:32:00,30.6038324
2020-03-18 12:33:00,30.633449012
2020-03-18 12:34:00,30.6038324
2020-03-18 12:35:00,30.6038324
2020-03-18 12:36:00,30.613704604
2020-03-18 12:37:00,30.613704604
2020-03-18 12:38:00,30.613704604
2020-03-18 12:39:00,30.618640706
2020-03-18 12:40:00,30.6038324
2020-03-18 12:41:00,30.682810032
2020-03-18 12:42:00,30.613704604
2020-03-18 12:43:00,30.623576808
2020-03-18 12:44:00,30.672937828
2020-03-18 12:45:00,30.860509704
2020-03-18 12:46:00,30.771659868
2020-03-18 12:47:00,30.682810032
2020-03-18 12:48:00,30.672937828
2020-03-18 12:49:00,30.65319342
2020-03-18 12:50:00,30.633449012
2020-03-18 12:51:00,30.623576808
2020-03-18 12:52:00,30.682810032
2020-03-18 12:53:00,30.613704604
2020-03-18 12:54:00,30.6038324
2020-03-18 12:55:00,30.623576808
2020-03-18 12:56:00,30.623576808
2020-03-18 12:57:00,30.623576808
2020-03-18 12:58:00,30.623576808
2020-03-18 12:59:00,30.623576808
2020-03-18 13:00:00,30.623576808
2020-03-18 13:01:00,30.623576808
2020-03-18 13:02:00,30.623576808
2020-03-18 13:03:00,30.623576808
2020-03-18 13:04:00,30.623576808
2020-03-18 13:05:00,30.623576808
2020-03-18 13:06:00,30.623576808
2020-03-18 13:07:00,30.623576808
2020-03-18 13:08:00,30.623576808
2020-03-18 13:09:00,30.623576808
2020-03-18 13:10:00,30.623576808
2020-03-18 13:11:00,30.623576808
2020-03-18 13:12:00,30.692682236
2020-03-18 13:13:00,30.880254112
2020-03-18 13:14:00,30.830893092
2020-03-18 13:15:00,30.732171052
2020-03-18 13:16:00,30.742043256
2020-03-18 13:17:00,30.761787664
2020-03-18 13:18:00,30.687746134
2020-03-18 13:19:00,30.722298848
2020-03-18 13:20:00,30.821020888
2020-03-18 13:21:00,30.781532072
2020-03-18 13:22:00,30.865445806
2020-03-18 13:23:00,30.80127648
2020-03-18 13:24:00,30.771659868
2020-03-18 13:25:00,30.732171052
2020-03-18 13:26:00,30.682810032
2020-03-18 13:27:00,30.593960196
2020-03-18 13:28:00,30.500174258
2020-03-18 13:29:00,30.475493748
2020-03-18 13:30:00,30.485365952
2020-03-18 13:31:00,30.475493748
2020-03-18 13:32:00,30.485365952
2020-03-18 13:33:00,30.297794076
2020-03-18 13:34:00,30.189199832
2020-03-18 13:35:00,30.238560852
2020-03-18 13:36:00,30.238560852
2020-03-18 13:37:00,30.30766628
2020-03-18 13:38:00,30.376771708
2020-03-18 13:39:00,30.50511036
2020-03-18 13:40:00,30.500174258
2020-03-18 13:41:00,30.440941034
2020-03-18 13:42:00,30.48704422668
2020-03-18 13:43:00,30.613704604
2020-03-18 13:44:00,30.559407482
2020-03-18 13:45:00,30.608768502
2020-03-18 13:46:00,30.549535278
2020-03-18 13:47:00,30.396516116
2020-03-18 13:48:00,30.426132728
2020-03-18 13:49:00,30.401452218
2020-03-18 13:50:00,30.40628959796
2020-03-18 13:51:00,30.43106883
2020-03-18 13:52:00,30.574215788
2020-03-18 13:53:00,30.574215788
2020-03-18 13:54:00,30.534726972
2020-03-18 13:55:00,30.485365952
2020-03-18 13:56:00,30.361963402
2020-03-18 13:57:00,30.292857974
2020-03-18 13:58:00,30.238560852
2020-03-18 13:59:00,30.169455424
2020-03-18 14:00:00,30.179327628
2020-03-18 14:01:00,30.078137537
2020-03-18 14:02:00,29.917714222
2020-03-18 14:03:00,29.828864386
2020-03-18 14:04:00,29.952266936
2020-03-18 14:05:00,30.06086118
2020-03-18 14:06:00,30.149711016
2020-03-18 14:07:00,30.19206277116
2020-03-18 14:08:00,30.238560852
2020-03-18 14:09:00,30.179327628
2020-03-18 14:10:00,30.169455424
2020-03-18 14:11:00,30.149711016
2020-03-18 14:12:00,30.22562826476
2020-03-18 14:13:00,30.218816444
2020-03-18 14:14:00,30.228688648
2020-03-18 14:15:00,30.218816444
2020-03-18 14:16:00,30.20894424
2020-03-18 14:17:00,30.278049668
2020-03-18 14:18:00,30.268177464
2020-03-18 14:19:00,30.174391526
2020-03-18 14:20:00,30.199072036
2020-03-18 14:21:00,30.189199832
2020-03-18 14:22:00,30.218816444
2020-03-18 14:23:00,30.169455424
2020-03-18 14:24:00,30.238560852
2020-03-18 14:25:00,30.204008138
2020-03-18 14:26:00,30.041116772
2020-03-18 14:27:00,30.001627956
2020-03-18 14:28:00,30.01150016
2020-03-18 14:29:00,30.080605588
2020-03-18 14:30:00,30.139838812
2020-03-18 14:31:00,30.129966608
2020-03-18 14:32:00,30.129966608
2020-03-18 14:33:00,30.06086118
2020-03-18 14:34:00,30.139838812
2020-03-18 14:35:00,30.139838812
2020-03-18 14:36:00,30.179327628
2020-03-18 14:37:00,30.20894424
2020-03-18 14:38:00,30.287921872
2020-03-18 14:39:00,30.337282892
2020-03-18 14:40:00,30.3570273
2020-03-18 14:41:00,30.33234679
2020-03-18 14:42:00,30.25830526
2020-03-18 14:43:00,30.24073273688
2020-03-18 14:44:00,30.169455424
2020-03-18 14:45:00,30.16333465752
2020-03-18 14:46:00,30.347155096
2020-03-18 14:47:00,30.317538484
2020-03-18 14:48:00,30.366899504
2020-03-18 14:49:00,30.25830526
2020-03-18 14:50:00,30.278049668
2020-03-18 14:51:00,30.337282892
2020-03-18 14:52:00,30.297794076
2020-03-18 14:53:00,30.347155096
2020-03-18 14:54:00,30.411324422
2020-03-18 14:55:00,30.65319342
2020-03-18 14:56:00,30.732171052
2020-03-18 14:57:00,30.593960196
2020-03-18 14:58:00,30.574215788
2020-03-18 14:59:00,30.485365952
2020-03-18 15:00:00,30.6038324
2020-03-18 15:01:00,30.574215788
2020-03-18 15:02:00,30.6038324
2020-03-18 15:03:00,30.445877136
2020-03-18 15:04:00,30.391580014
2020-03-18 15:05:00,30.396516116
2020-03-18 15:06:00,30.396516116
2020-03-18 15:07:00,30.485365952
2020-03-18 15:08:00,30.584087992
2020-03-18 15:09:00,30.485365952
2020-03-18 15:10:00,30.45574934
2020-03-18 15:11:00,30.45574934
2020-03-18 15:12:00,30.623576808
2020-03-18 15:13:00,30.55447138
2020-03-18 15:14:00,30.613704604
2020-03-18 15:15:00,30.465621544
2020-03-18 15:16:00,30.445877136
2020-03-18 15:17:00,30.386643912
2020-03-18 15:18:00,30.386643912
2020-03-18 15:19:00,30.396516116
2020-03-18 15:20:00,30.386643912
2020-03-18 15:21:00,30.273113566
2020-03-18 15:22:00,30.2726199558
2020-03-18 15:23:00,30.238560852
2020-03-18 15:24:00,30.297794076
2020-03-18 15:25:00,30.199072036
2020-03-18 15:26:00,30.238560852
2020-03-18 15:27:00,30.23777107568
2020-03-18 15:28:00,30.268177464
2020-03-18 15:29:00,30.120094404
2020-03-18 15:30:00,30.1102222
2020-03-18 15:31:00,30.238560852
2020-03-18 15:32:00,30.218816444
2020-03-18 15:33:00,30.120094404
2020-03-18 15:34:00,30.194135934
2020-03-18 15:35:00,30.14980973804
2020-03-18 15:36:00,30.105286098
2020-03-18 15:37:00,30.169455424
2020-03-18 15:38:00,30.129966608
2020-03-18 15:39:00,30.01150016
2020-03-18 15:40:00,30.070733384
2020-03-18 15:41:00,30.28298577
2020-03-18 15:42:00,30.30766628
2020-03-18 15:43:00,30.52416371372
2020-03-18 15:44:00,30.376771708
2020-03-18 15:45:00,30.416260524
2020-03-18 15:46:00,30.352091198
2020-03-18 15:47:00,30.322474586
2020-03-18 15:48:00,30.218816444
2020-03-18 15:49:00,30.327410688
2020-03-18 15:50:00,30.45574934
2020-03-18 15:51:00,30.524854768
2020-03-18 15:52:00,30.45574934
2020-03-18 15:53:00,30.465621544
2020-03-18 15:54:00,30.60225284736
2020-03-18 15:55:00,30.584087992
2020-03-18 15:56:00,30.58102760876
2020-03-18 15:57:00,30.821020888
2020-03-18 15:58:00,30.544599176
2020-03-18 15:59:00,30.574215788
2020-03-18 16:00:00,30.89999852
2020-03-19 09:31:00,30.845701398
2020-03-19 09:32:00,30.672937828
2020-03-19 09:33:00,30.40638832
2020-03-19 09:34:00,30.179327628
2020-03-19 09:35:00,30.164519322
2020-03-19 09:36:00,30.120094404
2020-03-19 09:37:00,30.30766628
2020-03-19 09:38:00,30.327410688
2020-03-19 09:39:00,30.287921872
2020-03-19 09:40:00,30.050988976
2020-03-19 09:41:00,29.96213914
2020-03-19 09:42:00,29.85147173316
2020-03-19 09:43:00,29.74001455
2020-03-19 09:44:00,29.71533404
2020-03-19 09:45:00,29.794311672
2020-03-19 09:46:00,29.695589632
2020-03-19 09:47:00,29.893033712
2020-03-19 09:48:00,29.91277812
2020-03-19 09:49:00,29.91277812
2020-03-19 09:50:00,30.01150016
2020-03-19 09:51:00,29.952266936
2020-03-19 09:52:00,29.942394732
2020-03-19 09:53:00,29.932522528
2020-03-19 09:54:00,30.021372364
2020-03-19 09:55:00,30.031244568
2020-03-19 09:56:00,30.06086118
2020-03-19 09:57:00,30.120094404
2020-03-19 09:58:00,30.15958322
2020-03-19 09:59:00,30.149711016
2020-03-19 10:00:00,30.189199832
2020-03-19 10:01:00,30.179327628
2020-03-19 10:02:00,30.25830526
2020-03-19 10:03:00,30.672937828
2020-03-19 10:04:00,30.6038324
2020-03-19 10:05:00,30.5826071614
2020-03-19 10:06:00,30.67283910596
2020-03-19 10:07:00,30.613704604
2020-03-19 10:08:00,30.663065624
2020-03-19 10:09:00,30.658129522
2020-03-19 10:10:00,30.722298848
2020-03-19 10:11:00,30.633449012
2020-03-19 10:12:00,30.50511036
2020-03-19 10:13:00,30.465621544
2020-03-19 10:14:00,30.396516116
2020-03-19 10:15:00,30.416260524
2020-03-19 10:16:00,30.40628959796
2020-03-19 10:17:00,30.436004932
2020-03-19 10:18:00,30.50511036
2020-03-19 10:19:00,30.52979087
2020-03-19 10:20:00,30.440941034
2020-03-19 10:21:00,30.470557646
2020-03-19 10:22:00,30.3570273
2020-03-19 10:23:00,30.2173356134
2020-03-19 10:24:00,30.199072036
2020-03-19 10:25:00,30.19917075804
2020-03-19 10:26:00,30.06086118
2020-03-19 10:27:00,30.199072036
2020-03-19 10:28:00,30.25820653796
2020-03-19 10:29:00,30.396516116
2020-03-19 10:30:00,30.31911803664
2020-03-19 10:31:00,30.327410688
2020-03-19 10:32:00,30.40638832
2020-03-19 10:33:00,30.426132728
2020-03-19 10:34:00,30.495238156
2020-03-19 10:35:00,30.426132728
2020-03-19 10:36:00,30.30766628
2020-03-19 10:37:00,30.120094404
2020-03-19 10:38:00,30.06086118
2020-03-19 10:39:00,30.1102222
2020-03-19 10:40:00,30.031244568
2020-03-19 10:41:00,30.026308466
2020-03-19 10:42:00,30.06086118
2020-03-19 10:43:00,30.169455424
2020-03-19 10:44:00,30.19897331396
2020-03-19 10:45:00,30.2272078174
2020-03-19 10:46:00,30.228688648
2020-03-19 10:47:00,30.238560852
2020-03-19 10:48:00,30.243496954
2020-03-19 10:49:00,30.199072036
2020-03-19 10:50:00,30.1102222
2020-03-19 10:51:00,30.189199832
2020-03-19 10:52:00,30.07063466196
2020-03-19 10:53:00,30.090477792
2020-03-19 10:54:00,30.01150016
2020-03-19 10:55:00,30.050988976
2020-03-19 10:56:00,30.199072036
2020-03-19 10:57:00,30.23362475
2020-03-19 10:58:00,30.194135934
2020-03-19 10:59:00,30.179327628
2020-03-19 11:00:00,30.090477792
2020-03-19 11:01:00,30.080605588
2020-03-19 11:02:00,30.169455424
2020-03-19 11:03:00,30.189199832
2020-03-19 11:04:00,30.14665063276
2020-03-19 11:05:00,30.139838812
2020-03-19 11:06:00,30.031244568
2020-03-19 11:07:00,30.179327628
2020-03-19 11:08:00,30.129966608
2020-03-19 11:09:00,30.169455424
2020-03-19 11:10:00,30.1102222
2020-03-19 11:11:00,30.050988976
2020-03-19 11:12:00,30.06086118
2020-03-19 11:13:00,30.189199832
2020-03-19 11:14:00,30.30766628
2020-03-19 11:15:00,30.327410688
2020-03-19 11:16:00,30.248433056
2020-03-19 11:17:00,30.317538484
2020-03-19 11:18:00,30.33422250876
2020-03-19 11:19:00,30.297794076
2020-03-19 11:20:00,30.302730178
2020-03-19 11:21:00,30.327410688
2020-03-19 11:22:00,30.524854768
2020-03-19 11:23:00,30.5485480576
2020-03-19 11:24:00,30.55447138
2020-03-19 11:25:00,30.495238156
2020-03-19 11:26:00,30.485365952
2020-03-19 11:27:00,30.50204997676
2020-03-19 11:28:00,30.45574934
2020-03-19 11:29:00,30.46256116076
2020-03-19 11:30:00,30.50511036
2020-03-19 11:31:00,30.40066244168
2020-03-19 11:32:00,30.416260524
2020-03-19 11:33:00,30.3570273
2020-03-19 11:34:00,30.45574934
2020-03-19 11:35:00,30.50511036
2020-03-19 11:36:00,30.426132728
2020-03-19 11:37:00,30.485365952
2020-03-19 11:38:00,30.672937828
2020-03-19 11:39:00,30.6319681814
2020-03-19 11:40:00,30.524854768
2020-03-19 11:41:00,30.593960196
2020-03-19 11:42:00,30.574215788
2020-03-19 11:43:00,30.584087992
2020-03-19 11:44:00,30.524854768
2020-03-19 11:45:00,30.524854768
2020-03-19 11:46:00,30.52495349004
2020-03-19 11:47:00,30.514982564
2020-03-19 11:48:00,30.549535278
2020-03-19 11:49:00,30.465621544
2020-03-19 11:50:00,30.500174258
2020-03-19 11:51:00,30.4345241014
2020-03-19 11:52:00,30.40638832
2020-03-19 11:53:00,30.514982564
2020-03-19 11:54:00,30.514982564
2020-03-19 11:55:00,30.475493748
2020-03-19 11:56:00,30.495238156
2020-03-19 11:57:00,30.57046435048
2020-03-19 11:58:00,30.396516116
2020-03-19 11:59:00,30.386643912
2020-03-19 12:00:00,30.268177464
2020-03-19 12:01:00,30.28259088184
2020-03-19 12:02:00,30.30766628
2020-03-19 12:03:00,30.1102222
2020-03-19 12:04:00,30.041116772
2020-03-19 12:05:00,30.021372364
2020-03-19 12:06:00,30.1102222
2020-03-19 12:07:00,30.228688648
2020-03-19 12:08:00,30.18426373
2020-03-19 12:09:00,30.149711016
2020-03-19 12:10:00,30.080605588
2020-03-19 12:11:00,30.031244568
2020-03-19 12:12:00,30.050988976
2020-03-19 12:13:00,30.041116772
2020-03-19 12:14:00,30.080605588
2020-03-19 12:15:00,30.278049668
2020-03-19 12:16:00,30.1882126116
2020-03-19 12:17:00,30.050988976
2020-03-19 12:18:00,30.03618067
2020-03-19 12:19:00,30.090477792
2020-03-19 12:20:00,30.120094404
2020-03-19 12:21:00,30.248433056
2020-03-19 12:22:00,30.189199832
2020-03-19 12:23:00,30.223752546
2020-03-19 12:24:00,30.139838812
2020-03-19 12:25:00,30.031244568
2020-03-19 12:26:00,30.06086118
2020-03-19 12:27:00,30.01150016
2020-03-19 12:28:00,30.021372364
2020-03-19 12:29:00,30.105286098
2020-03-19 12:30:00,30.199072036
2020-03-19 12:31:00,30.139838812
2020-03-19 12:32:00,30.065797282
2020-03-19 12:33:00,29.991755752
2020-03-19 12:34:00,29.96213914
2020-03-19 12:35:00,29.972011344
2020-03-19 12:36:00,29.991755752
2020-03-19 12:37:00,30.001627956
2020-03-19 12:38:00,30.031244568
2020-03-19 12:39:00,29.972011344
2020-03-19 12:40:00,29.952266936
2020-03-19 12:41:00,30.06086118
2020-03-19 12:42:00,30.070733384
2020-03-19 12:43:00,30.08554169
2020-03-19 12:44:00,30.218816444
2020-03-19 12:45:00,30.080605588
2020-03-19 12:46:00,30.021372364
2020-03-19 12:47:00,30.129966608
2020-03-19 12:48:00,30.144774914
2020-03-19 12:49:00,30.115158302
2020-03-19 12:50:00,30.050988976
2020-03-19 12:51:00,30.129966608
2020-03-19 12:52:00,30.164519322
2020-03-19 12:53:00,30.120094404
2020-03-19 12:54:00,30.120094404
2020-03-19 12:55:00,30.199072036
2020-03-19 12:56:00,30.179327628
2020-03-19 12:57:00,30.090477792
2020-03-19 12:58:00,29.996691854
2020-03-19 12:59:00,29.927586426
2020-03-19 13:00:00,29.932522528
2020-03-19 13:01:00,29.883161508
2020-03-19 13:02:00,29.784439468
2020-03-19 13:03:00,29.695589632
2020-03-19 13:04:00,29.557378776
2020-03-19 13:05:00,29.70180912052
2020-03-19 13:06:00,29.76469506
2020-03-19 13:07:00,29.843672692
2020-03-19 13:08:00,29.8742765244
2020-03-19 13:09:00,29.91277812
2020-03-19 13:10:00,29.774567264
2020-03-19 13:11:00,29.804183876
2020-03-19 13:12:00,29.843672692
2020-03-19 13:13:00,29.927586426
2020-03-19 13:14:00,29.922650324
2020-03-19 13:15:00,29.784439468
2020-03-19 13:16:00,29.809119978
2020-03-19 13:17:00,29.823928284
2020-03-19 13:18:00,29.823928284
2020-03-19 13:19:00,29.833800488
2020-03-19 13:20:00,29.947330834
2020-03-19 13:21:00,30.031244568
2020-03-19 13:22:00,30.1102222
2020-03-19 13:23:00,30.129966608
2020-03-19 13:24:00,30.144774914
2020-03-19 13:25:00,30.15958322
2020-03-19 13:26:00,30.038648721
2020-03-19 13:27:00,29.981883548
2020-03-19 13:28:00,29.932522528
2020-03-19 13:29:00,29.853544896
2020-03-19 13:30:00,29.873289304
2020-03-19 13:31:00,29.833800488
2020-03-19 13:32:00,29.774567264
2020-03-19 13:33:00,29.754822856
2020-03-19 13:34:00,29.823928284
2020-03-19 13:35:00,29.804183876
2020-03-19 13:36:00,29.794311672
2020-03-19 13:37:00,29.8229410636
2020-03-19 13:38:00,29.848608794
2020-03-19 13:39:00,29.843672692
2020-03-19 13:40:00,29.81405608
2020-03-19 13:41:00,29.823928284
2020-03-19 13:42:00,29.942394732
2020-03-19 13:43:00,29.902905916
2020-03-19 13:44:00,29.952266936
2020-03-19 13:45:00,29.883161508
2020-03-19 13:46:00,29.922650324
2020-03-19 13:47:00,29.922650324
2020-03-19 13:48:00,29.952266936
2020-03-19 13:49:00,29.96213914
2020-03-19 13:50:00,29.922650324
2020-03-19 13:51:00,30.006564058
2020-03-19 13:52:00,30.06086118
2020-03-19 13:53:00,30.100349996
2020-03-19 13:54:00,30.090477792
2020-03-19 13:55:00,30.06086118
2020-03-19 13:56:00,30.070733384
2020-03-19 13:57:00,30.031244568
2020-03-19 13:58:00,30.026308466
2020-03-19 13:59:00,30.01150016
2020-03-19 14:00:00,30.001627956
2020-03-19 14:01:00,30.01150016
2020-03-19 14:02:00,29.991755752
2020-03-19 14:03:00,29.952266936
2020-03-19 14:04:00,29.972011344
2020-03-19 14:05:00,29.972011344
2020-03-19 14:06:00,29.96213914
2020-03-19 14:07:00,29.972011344
2020-03-19 14:08:00,29.91277812
2020-03-19 14:09:00,29.88809761
2020-03-19 14:10:00,29.878225406
2020-03-19 14:11:00,29.96213914
2020-03-19 14:12:00,29.932522528
2020-03-19 14:13:00,29.932522528
2020-03-19 14:14:00,29.942394732
2020-03-19 14:15:00,29.991755752
2020-03-19 14:16:00,29.96213914
2020-03-19 14:17:00,29.981883548
2020-03-19 14:18:00,30.01150016
2020-03-19 14:19:00,29.9729985644
2020-03-19 14:20:00,29.972011344
2020-03-19 14:21:00,30.001627956
2020-03-19 14:22:00,29.957203038
2020-03-19 14:23:00,29.972011344
2020-03-19 14:24:00,30.001627956
2020-03-19 14:25:00,29.991755752
2020-03-19 14:26:00,30.01150016
2020-03-19 14:27:00,29.902905916
2020-03-19 14:28:00,29.893033712
2020-03-19 14:29:00,29.89984553276
2020-03-19 14:30:00,29.8634171
2020-03-19 14:31:00,29.917714222
2020-03-19 14:32:00,30.050988976
2020-03-19 14:33:00,29.996691854
2020-03-19 14:34:00,29.976947446
2020-03-19 14:35:00,29.96213914
2020-03-19 14:36:00,29.991755752
2020-03-19 14:37:00,30.001627956
2020-03-19 14:38:00,29.917714222
2020-03-19 14:39:00,29.952266936
2020-03-19 14:40:00,30.001627956
2020-03-19 14:41:00,30.006564058
2020-03-19 14:42:00,30.001627956
2020-03-19 14:43:00,30.02719696436
2020-03-19 14:44:00,29.972011344
2020-03-19 14:45:00,29.952266936
2020-03-19 14:46:00,29.96213914
2020-03-19 14:47:00,29.94940399684
2020-03-19 14:48:00,29.952266936
2020-03-19 14:49:00,29.96213914
2020-03-19 14:50:00,30.001627956
2020-03-19 14:51:00,29.93745863
2020-03-19 14:52:00,29.843672692
2020-03-19 14:53:00,29.833800488
2020-03-19 14:54:00,29.804183876
2020-03-19 14:55:00,29.82382956196
2020-03-19 14:56:00,29.83873659
2020-03-19 14:57:00,29.81405608
2020-03-19 14:58:00,29.853544896
2020-03-19 14:59:00,29.823928284
2020-03-19 15:00:00,29.848608794
2020-03-19 15:01:00,29.774567264
2020-03-19 15:02:00,29.7316231766
2020-03-19 15:03:00,29.695589632
2020-03-19 15:04:00,29.695589632
2020-03-19 15:05:00,29.69065353
2020-03-19 15:06:00,29.646228612
2020-03-19 15:07:00,29.636356408
2020-03-19 15:08:00,29.705461836
2020-03-19 15:09:00,29.6630113588
2020-03-19 15:10:00,29.596867592
2020-03-19 15:11:00,29.557378776
2020-03-19 15:12:00,29.596867592
2020-03-19 15:13:00,29.547506572
2020-03-19 15:14:00,29.596867592
2020-03-19 15:15:00,29.606739796
2020-03-19 15:16:00,29.656100816
2020-03-19 15:17:00,29.744950652
2020-03-19 15:18:00,29.62658292604
2020-03-19 15:19:00,29.675845224
2020-03-19 15:20:00,29.670909122
2020-03-19 15:21:00,29.675845224
2020-03-19 15:22:00,29.744950652
2020-03-19 15:23:00,29.626484204
2020-03-19 15:24:00,29.626484204
2020-03-19 15:25:00,29.626484204
2020-03-19 15:26:00,29.754822856
2020-03-19 15:27:00,29.700525734
2020-03-19 15:28:00,29.66597302
2020-03-19 15:29:00,29.656100816
2020-03-19 15:30:00,29.51788996
2020-03-19 15:31:00,29.488273348
2020-03-19 15:32:00,29.438912328
2020-03-19 15:33:00,29.350062492
2020-03-19 15:34:00,29.325381982
2020-03-19 15:35:00,29.458656736
2020-03-19 15:36:00,29.527762164
2020-03-19 15:37:00,29.51788996
2020-03-19 15:38:00,29.547506572
2020-03-19 15:39:00,29.46852894
2020-03-19 15:40:00,29.448784532
2020-03-19 15:41:00,29.448784532
2020-03-19 15:42:00,29.547506572
2020-03-19 15:43:00,29.537634368
2020-03-19 15:44:00,29.577123184
2020-03-19 15:45:00,29.552442674
2020-03-19 15:46:00,29.441380379
2020-03-19 15:47:00,29.3698069
2020-03-19 15:48:00,29.429040124
2020-03-19 15:49:00,29.49320945
2020-03-19 15:50:00,29.45342446788
2020-03-19 15:51:00,29.192107228
2020-03-19 15:52:00,29.14768231
2020-03-19 15:53:00,29.177298922
2020-03-19 15:54:00,29.07354205796
2020-03-19 15:55:00,29.527762164
2020-03-19 15:56:00,29.39448741
2020-03-19 15:57:00,29.350062492
2020-03-19 15:58:00,29.34512639
2020-03-19 15:59:00,29.206915534
2020-03-19 16:00:00,29.22172384
2020-03-20 09:31:00,29.399423512
2020-03-20 09:32:00,29.17236282
2020-03-20 09:33:00,29.27108486
2020-03-20 09:34:00,29.359934696
2020-03-20 09:35:00,29.557378776
2020-03-20 09:36:00,29.616612
2020-03-20 09:37:00,29.656100816
2020-03-20 09:38:00,29.478401144
2020-03-20 09:39:00,29.201979432
2020-03-20 09:40:00,29.053896372
2020-03-20 09:41:00,29.014407556
2020-03-20 09:42:00,28.767602456
2020-03-20 09:43:00,28.698497028
2020-03-20 09:44:00,28.688624824
2020-03-20 09:45:00,28.619519396
2020-03-20 09:46:00,28.3825865
2020-03-20 09:47:00,28.264120052
2020-03-20 09:48:00,28.3825865
2020-03-20 09:49:00,28.239439542
2020-03-20 09:50:00,28.244375644
2020-03-20 09:51:00,28.23262772124
2020-03-20 09:52:00,28.28386446
2020-03-20 09:53:00,28.35790599
2020-03-20 09:54:00,28.461564132
2020-03-20 09:55:00,28.50727243652
2020-03-20 09:56:00,28.58003058
2020-03-20 09:57:00,28.501052948
2020-03-20 09:58:00,28.422075316
2020-03-20 09:59:00,28.540541764
2020-03-20 10:00:00,28.53066956
2020-03-20 10:01:00,28.560286172
2020-03-20 10:02:00,28.540541764
2020-03-20 10:03:00,28.589902784
2020-03-20 10:04:00,28.688624824
2020-03-20 10:05:00,28.649136008
2020-03-20 10:06:00,28.520797356
2020-03-20 10:07:00,28.392458704
2020-03-20 10:08:00,28.402330908
2020-03-20 10:09:00,28.343097684
2020-03-20 10:10:00,28.214759032
2020-03-20 10:11:00,28.273992256
2020-03-20 10:12:00,28.30578075288
2020-03-20 10:13:00,28.343097684
2020-03-20 10:14:00,28.367778194
2020-03-20 10:15:00,28.303608868
2020-03-20 10:16:00,28.343097684
2020-03-20 10:17:00,28.24664625092
2020-03-20 10:18:00,28.264120052
2020-03-20 10:19:00,28.214759032
2020-03-20 10:20:00,28.239439542
2020-03-20 10:21:00,28.273992256
2020-03-20 10:22:00,28.28386446
2020-03-20 10:23:00,28.244375644
2020-03-20 10:24:00,28.254247848
2020-03-20 10:25:00,28.28386446
2020-03-20 10:26:00,28.303608868
2020-03-20 10:27:00,28.28386446
2020-03-20 10:28:00,28.273992256
2020-03-20 10:29:00,28.264120052
2020-03-20 10:30:00,28.293736664
2020-03-20 10:31:00,28.273992256
2020-03-20 10:32:00,28.264120052
2020-03-20 10:33:00,28.30854497
2020-03-20 10:34:00,28.402330908
2020-03-20 10:35:00,28.510925152
2020-03-20 10:36:00,28.3825865
2020-03-20 10:37:00,28.23450344
2020-03-20 10:38:00,28.303608868
2020-03-20 10:39:00,28.288800562
2020-03-20 10:40:00,28.28386446
2020-03-20 10:41:00,28.254247848
2020-03-20 10:42:00,28.244375644
2020-03-20 10:43:00,28.239439542
2020-03-20 10:44:00,28.23450344
2020-03-20 10:45:00,28.273992256
2020-03-20 10:46:00,28.17517149396
2020-03-20 10:47:00,28.145653604
2020-03-20 10:48:00,28.150589706
2020-03-20 10:49:00,28.172802165
2020-03-20 10:50:00,28.170334114
2020-03-20 10:51:00,28.293736664
2020-03-20 10:52:00,28.323353276
2020-03-20 10:53:00,28.293736664
2020-03-20 10:54:00,28.273992256
2020-03-20 10:55:00,28.278928358
2020-03-20 10:56:00,28.254247848
2020-03-20 10:57:00,28.293736664
2020-03-20 10:58:00,28.28386446
2020-03-20 10:59:00,28.28386446
2020-03-20 11:00:00,28.273992256
2020-03-20 11:01:00,28.264120052
2020-03-20 11:02:00,28.269056154
2020-03-20 11:03:00,28.264120052
2020-03-20 11:04:00,28.23450344
2020-03-20 11:05:00,28.264120052
2020-03-20 11:06:00,28.273992256
2020-03-20 11:07:00,28.23450344
2020-03-20 11:08:00,28.175270216
2020-03-20 11:09:00,28.165398012
2020-03-20 11:10:00,28.293736664
2020-03-20 11:11:00,28.3825865
2020-03-20 11:12:00,28.422075316
2020-03-20 11:13:00,28.293736664
2020-03-20 11:14:00,28.081484278
2020-03-20 11:15:00,27.760637648
2020-03-20 11:16:00,27.711276628
2020-03-20 11:17:00,27.711276628
2020-03-20 11:18:00,27.74089324
2020-03-20 11:19:00,27.74089324
2020-03-20 11:20:00,27.711276628
2020-03-20 11:21:00,27.681660016
2020-03-20 11:22:00,27.632298996
2020-03-20 11:23:00,27.6421712
2020-03-20 11:24:00,27.632298996
2020-03-20 11:25:00,27.563193568
2020-03-20 11:26:00,27.632298996
2020-03-20 11:27:00,27.671787812
2020-03-20 11:28:00,27.671787812
2020-03-20 11:29:00,27.721148832
2020-03-20 11:30:00,27.602682384
2020-03-20 11:31:00,27.582937976
2020-03-20 11:32:00,27.558257466
2020-03-20 11:33:00,27.597746282
2020-03-20 11:34:00,27.582937976
2020-03-20 11:35:00,27.627362894
2020-03-20 11:36:00,27.6421712
2020-03-20 11:37:00,27.780382056
2020-03-20 11:38:00,27.780382056
2020-03-20 11:39:00,27.770509852
2020-03-20 11:40:00,27.721148832
2020-03-20 11:41:00,27.76557375
2020-03-20 11:42:00,27.785318158
2020-03-20 11:43:00,27.721148832
2020-03-20 11:44:00,27.721148832
2020-03-20 11:45:00,27.701404424
2020-03-20 11:46:00,27.68175873804
2020-03-20 11:47:00,27.622426792
2020-03-20 11:48:00,27.563193568
2020-03-20 11:49:00,27.661915608
2020-03-20 11:50:00,27.652043404
2020-03-20 11:51:00,27.681660016
2020-03-20 11:52:00,27.68481912128
2020-03-20 11:53:00,27.637235098
2020-03-20 11:54:00,27.652043404
2020-03-20 11:55:00,27.701404424
2020-03-20 11:56:00,27.80318684724
2020-03-20 11:57:00,27.834679178
2020-03-20 11:58:00,27.977826136
2020-03-20 11:59:00,27.96301783
2020-03-20 12:00:00,27.908720708
2020-03-20 12:01:00,27.898848504
2020-03-20 12:02:00,27.85165936888
2020-03-20 12:03:00,27.918592912
2020-03-20 12:04:00,27.91365681
2020-03-20 12:05:00,27.829743076
2020-03-20 12:06:00,27.760637648
2020-03-20 12:07:00,27.731021036
2020-03-20 12:08:00,27.731021036
2020-03-20 12:09:00,27.71621273
2020-03-20 12:10:00,27.661915608
2020-03-20 12:11:00,27.775445954
2020-03-20 12:12:00,27.760637648
2020-03-20 12:13:00,27.760637648
2020-03-20 12:14:00,27.770509852
2020-03-20 12:15:00,27.745829342
2020-03-20 12:16:00,27.701404424
2020-03-20 12:17:00,27.652043404
2020-03-20 12:18:00,27.558257466
2020-03-20 12:19:00,27.597746282
2020-03-20 12:20:00,27.6801791854
2020-03-20 12:21:00,27.6421712
2020-03-20 12:22:00,27.6421712
2020-03-20 12:23:00,27.637235098
2020-03-20 12:24:00,27.671787812
2020-03-20 12:25:00,27.6421712
2020-03-20 12:26:00,27.533576956
2020-03-20 12:27:00,27.464471528
2020-03-20 12:28:00,27.46940763
2020-03-20 12:29:00,27.3953661
2020-03-20 12:30:00,27.410174406
2020-03-20 12:31:00,27.44472712
2020-03-20 12:32:00,27.385493896
2020-03-20 12:33:00,27.429918814
2020-03-20 12:34:00,27.533576956
2020-03-20 12:35:00,27.661915608
2020-03-20 12:36:00,27.69172966408
2020-03-20 12:37:00,27.652043404
2020-03-20 12:38:00,27.632298996
2020-03-20 12:39:00,27.578001874
2020-03-20 12:40:00,27.563193568
2020-03-20 12:41:00,27.503960344
2020-03-20 12:42:00,27.474343732
2020-03-20 12:43:00,27.474343732
2020-03-20 12:44:00,27.652043404
2020-03-20 12:45:00,27.632298996
2020-03-20 12:46:00,27.681660016
2020-03-20 12:47:00,27.69153222
2020-03-20 12:48:00,27.770509852
2020-03-20 12:49:00,27.69153222
2020-03-20 12:50:00,27.69153222
2020-03-20 12:51:00,27.74089324
2020-03-20 12:52:00,27.731021036
2020-03-20 12:53:00,27.844551382
2020-03-20 12:54:00,27.83961528
2020-03-20 12:55:00,27.819870872
2020-03-20 12:56:00,27.859359688
2020-03-20 12:57:00,27.908720708
2020-03-20 12:58:00,27.898848504
2020-03-20 12:59:00,27.800126464
2020-03-20 13:00:00,27.76557375
2020-03-20 13:01:00,27.800126464
2020-03-20 13:02:00,27.928465116
2020-03-20 13:03:00,27.948209524
2020-03-20 13:04:00,27.918592912
2020-03-20 13:05:00,27.805062566
2020-03-20 13:06:00,27.8114794986
2020-03-20 13:07:00,27.770509852
2020-03-20 13:08:00,27.83961528
2020-03-20 13:09:00,27.967953932
2020-03-20 13:10:00,27.958081728
2020-03-20 13:11:00,27.928465116
2020-03-20 13:12:00,27.948209524
2020-03-20 13:13:00,27.89874978196
2020-03-20 13:14:00,27.85225170112
2020-03-20 13:15:00,27.775445954
2020-03-20 13:16:00,27.750765444
2020-03-20 13:17:00,27.755701546
2020-03-20 13:18:00,27.809998668
2020-03-20 13:19:00,27.819870872
2020-03-20 13:20:00,27.953145626
2020-03-20 13:21:00,27.893912402
2020-03-20 13:22:00,28.03705936
2020-03-20 13:23:00,27.997570544
2020-03-20 13:24:00,27.948209524
2020-03-20 13:25:00,27.884040198
2020-03-20 13:26:00,27.86429579
2020-03-20 13:27:00,27.849487484
2020-03-20 13:28:00,27.958081728
2020-03-20 13:29:00,27.869231892
2020-03-20 13:30:00,27.795190362
2020-03-20 13:31:00,27.928465116
2020-03-20 13:32:00,28.007442748
2020-03-20 13:33:00,28.007442748
2020-03-20 13:34:00,27.918592912
2020-03-20 13:35:00,27.928465116
2020-03-20 13:36:00,27.93833732
2020-03-20 13:37:00,27.85600313864
2020-03-20 13:38:00,27.91365681
2020-03-20 13:39:00,27.997570544
2020-03-20 13:40:00,28.06173987
2020-03-20 13:41:00,28.046931564
2020-03-20 13:42:00,28.03705936
2020-03-20 13:43:00,28.046931564
2020-03-20 13:44:00,28.076548176
2020-03-20 13:45:00,28.017314952
2020-03-20 13:46:00,28.066675972
2020-03-20 13:47:00,28.1357814
2020-03-20 13:48:00,28.07279673848
2020-03-20 13:49:00,27.918592912
2020-03-20 13:50:00,27.809998668
2020-03-20 13:51:00,27.8889763
2020-03-20 13:52:00,27.967953932
2020-03-20 13:53:00,28.03705936
2020-03-20 13:54:00,27.94011431672
2020-03-20 13:55:00,27.967953932
2020-03-20 13:56:00,28.027187156
2020-03-20 13:57:00,28.066675972
2020-03-20 13:58:00,27.997570544
2020-03-20 13:59:00,28.01237885
2020-03-20 14:00:00,28.03705936
2020-03-20 14:01:00,27.98769834
2020-03-20 14:02:00,27.967953932
2020-03-20 14:03:00,27.972890034
2020-03-20 14:04:00,27.948209524
2020-03-20 14:05:00,27.98769834
2020-03-20 14:06:00,28.066675972
2020-03-20 14:07:00,28.066675972
2020-03-20 14:08:00,27.982762238
2020-03-20 14:09:00,28.002506646
2020-03-20 14:10:00,28.0064555276
2020-03-20 14:11:00,27.997570544
2020-03-20 14:12:00,27.958081728
2020-03-20 14:13:00,27.948209524
2020-03-20 14:14:00,27.928465116
2020-03-20 14:15:00,27.918592912
2020-03-20 14:16:00,27.93833732
2020-03-20 14:17:00,27.96301783
2020-03-20 14:18:00,27.91365681
2020-03-20 14:19:00,27.86251879328
2020-03-20 14:20:00,27.8889763
2020-03-20 14:21:00,27.849487484
2020-03-20 14:22:00,27.770509852
2020-03-20 14:23:00,27.780382056
2020-03-20 14:24:00,27.721148832
2020-03-20 14:25:00,27.6387159286
2020-03-20 14:26:00,27.513832548
2020-03-20 14:27:00,27.513832548
2020-03-20 14:28:00,27.3953661
2020-03-20 14:29:00,27.405238304
2020-03-20 14:30:00,27.415110508
2020-03-20 14:31:00,27.597746282
2020-03-20 14:32:00,27.66685171
2020-03-20 14:33:00,27.652043404
2020-03-20 14:34:00,27.67149164588
2020-03-20 14:35:00,27.59281018
2020-03-20 14:36:00,27.523704752
2020-03-20 14:37:00,27.503960344
2020-03-20 14:38:00,27.499024242
2020-03-20 14:39:00,27.523704752
2020-03-20 14:40:00,27.533576956
2020-03-20 14:41:00,27.49408814
2020-03-20 14:42:00,27.538513058
2020-03-20 14:43:00,27.578001874
2020-03-20 14:44:00,27.533576956
2020-03-20 14:45:00,27.513832548
2020-03-20 14:46:00,27.528640854
2020-03-20 14:47:00,27.54344916
2020-03-20 14:48:00,27.44472712
2020-03-20 14:49:00,27.49596385876
2020-03-20 14:50:00,27.385493896
2020-03-20 14:51:00,27.390429998
2020-03-20 14:52:00,27.380557794
2020-03-20 14:53:00,27.29664406
2020-03-20 14:54:00,27.232474734
2020-03-20 14:55:00,27.232474734
2020-03-20 14:56:00,27.217666428
2020-03-20 14:57:00,27.202858122
2020-03-20 14:58:00,27.252219142
2020-03-20 14:59:00,27.24728304
2020-03-20 15:00:00,27.24728304
2020-03-20 15:01:00,27.23899038864
2020-03-20 15:02:00,27.27196355
2020-03-20 15:03:00,27.207794224
2020-03-20 15:04:00,27.232474734
2020-03-20 15:05:00,27.257155244
2020-03-20 15:06:00,27.306516264
2020-03-20 15:07:00,27.375621692
2020-03-20 15:08:00,27.207794224
2020-03-20 15:09:00,27.257155244
2020-03-20 15:10:00,27.24728304
2020-03-20 15:11:00,27.257155244
2020-03-20 15:12:00,27.237410836
2020-03-20 15:13:00,27.217666428
2020-03-20 15:14:00,27.188049816
2020-03-20 15:15:00,27.188049816
2020-03-20 15:16:00,27.188049816
2020-03-20 15:17:00,27.09919998
2020-03-20 15:18:00,27.07451947
2020-03-20 15:19:00,27.030094552
2020-03-20 15:20:00,26.862267084
2020-03-20 15:21:00,27.04983896
2020-03-20 15:22:00,27.09919998
2020-03-20 15:23:00,27.089327776
2020-03-20 15:24:00,27.138688796
2020-03-20 15:25:00,27.138688796
2020-03-20 15:26:00,27.202858122
2020-03-20 15:27:00,27.306516264
2020-03-20 15:28:00,27.336132876
2020-03-20 15:29:00,27.405238304
2020-03-20 15:30:00,27.449663222
2020-03-20 15:31:00,27.622426792
2020-03-20 15:32:00,27.59281018
2020-03-20 15:33:00,27.652043404
2020-03-20 15:34:00,27.622426792
2020-03-20 15:35:00,27.622426792
2020-03-20 15:36:00,27.60426193664
2020-03-20 15:37:00,27.558257466
2020-03-20 15:38:00,27.503960344
2020-03-20 15:39:00,27.41896066756
2020-03-20 15:40:00,27.513832548
2020-03-20 15:41:00,27.484215936
2020-03-20 15:42:00,27.49408814
2020-03-20 15:43:00,27.508896446
2020-03-20 15:44:00,27.49408814
2020-03-20 15:45:00,27.434854916
2020-03-20 15:46:00,27.434854916
2020-03-20 15:47:00,27.474343732
2020-03-20 15:48:00,27.464471528
2020-03-20 15:49:00,27.439791018
2020-03-20 15:50:00,27.29664406
2020-03-20 15:51:00,27.1964411894
2020-03-20 15:52:00,27.355877284
2020-03-20 15:53:00,27.44472712
2020-03-20 15:54:00,27.27196355
2020-03-20 15:55:00,27.306516264
2020-03-20 15:56:00,27.153497102
2020-03-20 15:57:00,27.192985918
2020-03-20 15:58:00,27.158433204
2020-03-20 15:59:00,27.24728304
2020-03-20 16:00:00,27.227538632
2020-03-23 09:31:00,27.118944388
2020-03-23 09:32:00,26.694439616
2020-03-23 09:33:00,26.911628104
2020-03-23 09:34:00,26.95111692
2020-03-23 09:35:00,26.6549508
2020-03-23 09:36:00,26.329168068
2020-03-23 09:37:00,26.319295864
2020-03-23 09:38:00,26.447634516
2020-03-23 09:39:00,26.151468396
2020-03-23 09:40:00,26.240318232
2020-03-23 09:41:00,26.250190436
2020-03-23 09:42:00,26.181085008
2020-03-23 09:43:00,26.388401292
2020-03-23 09:44:00,26.566100964
2020-03-23 09:45:00,26.467378924
2020-03-23 09:46:00,26.43282621
2020-03-23 09:47:00,26.378529088
2020-03-23 09:48:00,26.526612148
2020-03-23 09:49:00,26.783289452
2020-03-23 09:50:00,26.6549508
2020-03-23 09:51:00,26.635206392
2020-03-23 09:52:00,26.793161656
2020-03-23 09:53:00,26.95111692
2020-03-23 09:54:00,26.82771437
2020-03-23 09:55:00,26.832650472
2020-03-23 09:56:00,26.891883696
2020-03-23 09:57:00,26.931372512
2020-03-23 09:58:00,27.04983896
2020-03-23 09:59:00,27.039966756
2020-03-23 10:00:00,27.059711164
2020-03-23 10:01:00,26.980733532
2020-03-23 10:02:00,26.891883696
2020-03-23 10:03:00,26.911628104
2020-03-23 10:04:00,26.8904028654
2020-03-23 10:05:00,26.8543693208
2020-03-23 10:06:00,26.980733532
2020-03-23 10:07:00,26.94193577028
2020-03-23 10:08:00,26.911628104
2020-03-23 10:09:00,26.793161656
2020-03-23 10:10:00,26.77835335
2020-03-23 10:11:00,26.80303386
2020-03-23 10:12:00,26.9017559
2020-03-23 10:13:00,26.990605736
2020-03-23 10:14:00,26.896819798
2020-03-23 10:15:00,26.9017559
2020-03-23 10:16:00,26.80954951464
2020-03-23 10:17:00,26.822778268
2020-03-23 10:18:00,26.85239488
2020-03-23 10:19:00,26.743800636
2020-03-23 10:20:00,26.600653678
2020-03-23 10:21:00,26.645078596
2020-03-23 10:22:00,26.546356556
2020-03-23 10:23:00,26.585845372
2020-03-23 10:24:00,26.645078596
2020-03-23 10:25:00,26.575973168
2020-03-23 10:26:00,26.6549508
2020-03-23 10:27:00,26.546356556
2020-03-23 10:28:00,26.6549508
2020-03-23 10:29:00,26.6549508
2020-03-23 10:30:00,26.664823004
2020-03-23 10:31:00,26.650014698
2020-03-23 10:32:00,26.709247922
2020-03-23 10:33:00,26.773417248
2020-03-23 10:34:00,26.694439616
2020-03-23 10:35:00,26.689503514
2020-03-23 10:36:00,26.595717576
2020-03-23 10:37:00,26.55622876
2020-03-23 10:38:00,26.536484352
2020-03-23 10:39:00,26.585845372
2020-03-23 10:40:00,26.60874888528
2020-03-23 10:41:00,26.635206392
2020-03-23 10:42:00,26.60558978
2020-03-23 10:43:00,26.714184024
2020-03-23 10:44:00,26.674695208
2020-03-23 10:45:00,26.595717576
2020-03-23 10:46:00,26.5226632664
2020-03-23 10:47:00,26.447634516
2020-03-23 10:48:00,26.50686774
2020-03-23 10:49:00,26.536484352
2020-03-23 10:50:00,26.447634516
2020-03-23 10:51:00,26.536484352
2020-03-23 10:52:00,26.516739944
2020-03-23 10:53:00,26.48356933856
2020-03-23 10:54:00,26.59976517964
2020-03-23 10:55:00,26.487123332
2020-03-23 10:56:00,26.575973168
2020-03-23 10:57:00,26.536484352
2020-03-23 10:58:00,26.467378924
2020-03-23 10:59:00,26.418017904
2020-03-23 11:00:00,26.38040480676
2020-03-23 11:01:00,26.4081457
2020-03-23 11:02:00,26.339040272
2020-03-23 11:03:00,26.368656884
2020-03-23 11:04:00,26.4081457
2020-03-23 11:05:00,26.427890108
2020-03-23 11:06:00,26.418017904
2020-03-23 11:07:00,26.427890108
2020-03-23 11:08:00,26.4081457
2020-03-23 11:09:00,26.48218723
2020-03-23 11:10:00,26.52680959208
2020-03-23 11:11:00,26.575973168
2020-03-23 11:12:00,26.418017904
2020-03-23 11:13:00,26.388401292
2020-03-23 11:14:00,26.368656884
2020-03-23 11:15:00,26.4081457
2020-03-23 11:16:00,26.388401292
2020-03-23 11:17:00,26.418017904
2020-03-23 11:18:00,26.447634516
2020-03-23 11:19:00,26.36214122936
2020-03-23 11:20:00,26.388401292
2020-03-23 11:21:00,26.348912476
2020-03-23 11:22:00,26.36875560604
2020-03-23 11:23:00,26.413081802
2020-03-23 11:24:00,26.35878468
2020-03-23 11:25:00,26.348912476
2020-03-23 11:26:00,26.339040272
2020-03-23 11:27:00,26.269934844
2020-03-23 11:28:00,26.171212804
2020-03-23 11:29:00,26.171212804
2020-03-23 11:30:00,26.171212804
2020-03-23 11:31:00,26.200829416
2020-03-23 11:32:00,26.289679252
2020-03-23 11:33:00,26.343976374
2020-03-23 11:34:00,26.329168068
2020-03-23 11:35:00,26.245254334
2020-03-23 11:36:00,26.225509926
2020-03-23 11:37:00,26.319295864
2020-03-23 11:38:00,26.339040272
2020-03-23 11:39:00,26.240318232
2020-03-23 11:40:00,26.151468396
2020-03-23 11:41:00,26.102107376
2020-03-23 11:42:00,26.06261856
2020-03-23 11:43:00,26.15038245356
2020-03-23 11:44:00,26.01325754
2020-03-23 11:45:00,26.018193642
2020-03-23 11:46:00,26.057682458
2020-03-23 11:47:00,26.151468396
2020-03-23 11:48:00,26.255126538
2020-03-23 11:49:00,26.21070162
2020-03-23 11:50:00,26.23538213
2020-03-23 11:51:00,26.250190436
2020-03-23 11:52:00,26.35878468
2020-03-23 11:53:00,26.378529088
2020-03-23 11:54:00,26.50686774
2020-03-23 11:55:00,26.4081457
2020-03-23 11:56:00,26.4081457
2020-03-23 11:57:00,26.279807048
2020-03-23 11:58:00,26.269934844
2020-03-23 11:59:00,26.437762312
2020-03-23 12:00:00,26.511803842
2020-03-23 12:01:00,26.487123332
2020-03-23 12:02:00,26.546356556
2020-03-23 12:03:00,26.590781474
2020-03-23 12:04:00,26.566100964
2020-03-23 12:05:00,26.467378924
2020-03-23 12:06:00,26.329168068
2020-03-23 12:07:00,26.36875560604
2020-03-23 12:08:00,26.33222845124
2020-03-23 12:09:00,26.35878468
2020-03-23 12:10:00,26.269934844
2020-03-23 12:11:00,26.30942366
2020-03-23 12:12:00,26.348912476
2020-03-23 12:13:00,26.319295864
2020-03-23 12:14:00,26.289679252
2020-03-23 12:15:00,26.319295864
2020-03-23 12:16:00,26.304487558
2020-03-23 12:17:00,26.30942366
2020-03-23 12:18:00,26.339040272
2020-03-23 12:19:00,26.348912476
2020-03-23 12:20:00,26.289679252
2020-03-23 12:21:00,26.299551456
2020-03-23 12:22:00,26.35878468
2020-03-23 12:23:00,26.45750672
2020-03-23 12:24:00,26.388401292
2020-03-23 12:25:00,26.39856966212
2020-03-23 12:26:00,26.314359762
2020-03-23 12:27:00,26.181085008
2020-03-23 12:28:00,26.240318232
2020-03-23 12:29:00,26.279807048
2020-03-23 12:30:00,26.319295864
2020-03-23 12:31:00,26.171212804
2020-03-23 12:32:00,26.240318232
2020-03-23 12:33:00,26.230446028
2020-03-23 12:34:00,26.215637722
2020-03-23 12:35:00,26.26006264
2020-03-23 12:36:00,26.329168068
2020-03-23 12:37:00,26.250190436
2020-03-23 12:38:00,26.329168068
2020-03-23 12:39:00,26.38346519
2020-03-23 12:40:00,26.427890108
2020-03-23 12:41:00,26.50686774
2020-03-23 12:42:00,26.60558978
2020-03-23 12:43:00,26.635206392
2020-03-23 12:44:00,26.625334188
2020-03-23 12:45:00,26.645078596
2020-03-23 12:46:00,26.645078596
2020-03-23 12:47:00,26.6549508
2020-03-23 12:48:00,26.694439616
2020-03-23 12:49:00,26.773417248
2020-03-23 12:50:00,26.798097758
2020-03-23 12:51:00,26.75377156204
2020-03-23 12:52:00,26.6549508
2020-03-23 12:53:00,26.566100964
2020-03-23 12:54:00,26.546356556
2020-03-23 12:55:00,26.546356556
2020-03-23 12:56:00,26.60558978
2020-03-23 12:57:00,26.546356556
2020-03-23 12:58:00,26.546356556
2020-03-23 12:59:00,26.496995536
2020-03-23 13:00:00,26.437762312
2020-03-23 13:01:00,26.477251128
2020-03-23 13:02:00,26.447634516
2020-03-23 13:03:00,26.398273496
2020-03-23 13:04:00,26.403209598
2020-03-23 13:05:00,26.339040272
2020-03-23 13:06:00,26.35878468
2020-03-23 13:07:00,26.422954006
2020-03-23 13:08:00,26.427890108
2020-03-23 13:09:00,26.378529088
2020-03-23 13:10:00,26.427890108
2020-03-23 13:11:00,26.477251128
2020-03-23 13:12:00,26.50686774
2020-03-23 13:13:00,26.53154825
2020-03-23 13:14:00,26.571037066
2020-03-23 13:15:00,26.60558978
2020-03-23 13:16:00,26.526612148
2020-03-23 13:17:00,26.536484352
2020-03-23 13:18:00,26.536484352
2020-03-23 13:19:00,26.536484352
2020-03-23 13:20:00,26.585845372
2020-03-23 13:21:00,26.615461984
2020-03-23 13:22:00,26.6549508
2020-03-23 13:23:00,26.5818964904
2020-03-23 13:24:00,26.388401292
2020-03-23 13:25:00,26.45957988284
2020-03-23 13:26:00,26.339040272
2020-03-23 13:27:00,26.339040272
2020-03-23 13:28:00,26.34901119804
2020-03-23 13:29:00,26.368656884
2020-03-23 13:30:00,26.34920864212
2020-03-23 13:31:00,26.21070162
2020-03-23 13:32:00,26.151468396
2020-03-23 13:33:00,26.264998742
2020-03-23 13:34:00,26.1613406
2020-03-23 13:35:00,26.141596192
2020-03-23 13:36:00,26.121851784
2020-03-23 13:37:00,26.121851784
2020-03-23 13:38:00,26.11474379712
2020-03-23 13:39:00,26.052746356
2020-03-23 13:40:00,26.06261856
2020-03-23 13:41:00,26.181085008
2020-03-23 13:42:00,26.181085008
2020-03-23 13:43:00,26.151468396
2020-03-23 13:44:00,26.082362968
2020-03-23 13:45:00,26.141596192
2020-03-23 13:46:00,26.269934844
2020-03-23 13:47:00,26.269934844
2020-03-23 13:48:00,26.319295864
2020-03-23 13:49:00,26.447634516
2020-03-23 13:50:00,26.501931638
2020-03-23 13:51:00,26.35878468
2020-03-23 13:52:00,26.368656884
2020-03-23 13:53:00,26.388401292
2020-03-23 13:54:00,26.190957212
2020-03-23 13:55:00,26.1613406
2020-03-23 13:56:00,26.097171274
2020-03-23 13:57:00,26.067554662
2020-03-23 13:58:00,26.092235172
2020-03-23 13:59:00,26.15156711804
2020-03-23 14:00:00,26.181085008
2020-03-23 14:01:00,26.151468396
2020-03-23 14:02:00,26.102107376
2020-03-23 14:03:00,26.092235172
2020-03-23 14:04:00,26.06261856
2020-03-23 14:05:00,26.13666009
2020-03-23 14:06:00,26.230446028
2020-03-23 14:07:00,26.240318232
2020-03-23 14:08:00,26.215637722
2020-03-23 14:09:00,26.200829416
2020-03-23 14:10:00,26.121851784
2020-03-23 14:11:00,26.181085008
2020-03-23 14:12:00,26.190957212
2020-03-23 14:13:00,26.1613406
2020-03-23 14:14:00,26.200829416
2020-03-23 14:15:00,26.240318232
2020-03-23 14:16:00,26.21070162
2020-03-23 14:17:00,26.279807048
2020-03-23 14:18:00,26.245254334
2020-03-23 14:19:00,26.21070162
2020-03-23 14:20:00,26.102107376
2020-03-23 14:21:00,26.06261856
2020-03-23 14:22:00,26.003385336
2020-03-23 14:23:00,25.884918888
2020-03-23 14:24:00,25.96389652
2020-03-23 14:25:00,26.033001948
2020-03-23 14:26:00,26.00713677352
2020-03-23 14:27:00,26.01325754
2020-03-23 14:28:00,26.171212804
2020-03-23 14:29:00,26.339040272
2020-03-23 14:30:00,26.279807048
2020-03-23 14:31:00,26.26006264
2020-03-23 14:32:00,26.126787886
2020-03-23 14:33:00,26.176148906
2020-03-23 14:34:00,26.131723988
2020-03-23 14:35:00,26.151468396
2020-03-23 14:36:00,26.146532294
2020-03-23 14:37:00,26.151468396
2020-03-23 14:38:00,26.220573824
2020-03-23 14:39:00,26.250190436
2020-03-23 14:40:00,26.250190436
2020-03-23 14:41:00,26.33410417
2020-03-23 14:42:00,26.299551456
2020-03-23 14:43:00,26.4081457
2020-03-23 14:44:00,26.487123332
2020-03-23 14:45:00,26.418017904
2020-03-23 14:46:00,26.378529088
2020-03-23 14:47:00,26.299551456
2020-03-23 14:48:00,26.304487558
2020-03-23 14:49:00,26.348912476
2020-03-23 14:50:00,26.467378924
2020-03-23 14:51:00,26.363720782
2020-03-23 14:52:00,26.240318232
2020-03-23 14:53:00,26.240318232
2020-03-23 14:54:00,26.200829416
2020-03-23 14:55:00,26.220573824
2020-03-23 14:56:00,26.245254334
2020-03-23 14:57:00,26.151468396
2020-03-23 14:58:00,26.072490764
2020-03-23 14:59:00,26.107043478
2020-03-23 15:00:00,26.082362968
2020-03-23 15:01:00,26.042874152
2020-03-23 15:02:00,25.96389652
2020-03-23 15:03:00,25.93921601
2020-03-23 15:04:00,25.9145355
2020-03-23 15:05:00,25.884918888
2020-03-23 15:06:00,25.909599398
2020-03-23 15:07:00,25.9145355
2020-03-23 15:08:00,25.89439620384
2020-03-23 15:09:00,25.9145355
2020-03-23 15:10:00,25.875046684
2020-03-23 15:11:00,25.894791092
2020-03-23 15:12:00,25.855302276
2020-03-23 15:13:00,25.845430072
2020-03-23 15:14:00,25.855302276
2020-03-23 15:15:00,25.894791092
2020-03-23 15:16:00,25.9145355
2020-03-23 15:17:00,25.884918888
2020-03-23 15:18:00,25.855302276
2020-03-23 15:19:00,25.884918888
2020-03-23 15:20:00,25.835557868
2020-03-23 15:21:00,25.83002943376
2020-03-23 15:22:00,25.894791092
2020-03-23 15:23:00,25.786196848
2020-03-23 15:24:00,25.796069052
2020-03-23 15:25:00,25.786196848
2020-03-23 15:26:00,25.796069052
2020-03-23 15:27:00,25.76645244
2020-03-23 15:28:00,25.825685664
2020-03-23 15:29:00,25.8276601048
2020-03-23 15:30:00,25.756580236
2020-03-23 15:31:00,25.726963624
2020-03-23 15:32:00,25.786196848
2020-03-23 15:33:00,25.72913550888
2020-03-23 15:34:00,25.76645244
2020-03-23 15:35:00,25.776324644
2020-03-23 15:36:00,25.79113295
2020-03-23 15:37:00,25.86517448
2020-03-23 15:38:00,25.894791092
2020-03-23 15:39:00,25.88985499
2020-03-23 15:40:00,25.825685664
2020-03-23 15:41:00,25.756580236
2020-03-23 15:42:00,25.736835828
2020-03-23 15:43:00,25.726963624
2020-03-23 15:44:00,25.71709142
2020-03-23 15:45:00,25.796069052
2020-03-23 15:46:00,25.850366174
2020-03-23 15:47:00,25.845430072
2020-03-23 15:48:00,25.820749562
2020-03-23 15:49:00,25.805941256
2020-03-23 15:50:00,25.687474808
2020-03-23 15:51:00,25.96389652
2020-03-23 15:52:00,26.092235172
2020-03-23 15:53:00,26.092235172
2020-03-23 15:54:00,26.008321438
2020-03-23 15:55:00,26.181085008
2020-03-23 15:56:00,26.003385336
2020-03-23 15:57:00,26.082362968
2020-03-23 15:58:00,26.033001948
2020-03-23 15:59:00,26.018193642
2020-03-23 16:00:00,26.003385336
2020-03-24 09:31:00,27.030094552
2020-03-24 09:32:00,26.862267084
2020-03-24 09:33:00,26.872139288
2020-03-24 09:34:00,26.990605736
2020-03-24 09:35:00,26.980733532
2020-03-24 09:36:00,26.85239488
2020-03-24 09:37:00,27.010350144
2020-03-24 09:38:00,26.970861328
2020-03-24 09:39:00,26.990605736
2020-03-24 09:40:00,26.911628104
2020-03-24 09:41:00,26.97096005004
2020-03-24 09:42:00,26.990605736
2020-03-24 09:43:00,26.911628104
2020-03-24 09:44:00,26.970861328
2020-03-24 09:45:00,26.95111692
2020-03-24 09:46:00,26.911628104
2020-03-24 09:47:00,26.872139288
2020-03-24 09:48:00,26.9017559
2020-03-24 09:49:00,26.965925226
2020-03-24 09:50:00,26.931372512
2020-03-24 09:51:00,27.064647266
2020-03-24 09:52:00,27.020222348
2020-03-24 09:53:00,27.09919998
2020-03-24 09:54:00,27.118944388
2020-03-24 09:55:00,27.158433204
2020-03-24 09:56:00,26.970861328
2020-03-24 09:57:00,26.931372512
2020-03-24 09:58:00,26.916564206
2020-03-24 09:59:00,26.842522676
2020-03-24 10:00:00,26.72899233
2020-03-24 10:01:00,26.595717576
2020-03-24 10:02:00,26.563632913
2020-03-24 10:03:00,26.561164862
2020-03-24 10:04:00,26.526612148
2020-03-24 10:05:00,26.50686774
2020-03-24 10:06:00,26.501931638
2020-03-24 10:07:00,26.487123332
2020-03-24 10:08:00,26.501931638
2020-03-24 10:09:00,26.487123332
2020-03-24 10:10:00,26.50686774
2020-03-24 10:11:00,26.418017904
2020-03-24 10:12:00,26.378529088
2020-03-24 10:13:00,26.35878468
2020-03-24 10:14:00,26.363720782
2020-03-24 10:15:00,26.393337394
2020-03-24 10:16:00,26.40824442204
2020-03-24 10:17:00,26.526612148
2020-03-24 10:18:00,26.4604683812
2020-03-24 10:19:00,26.467378924
2020-03-24 10:20:00,26.4081457
2020-03-24 10:21:00,26.35878468
2020-03-24 10:22:00,26.299551456
2020-03-24 10:23:00,26.378529088
2020-03-24 10:24:00,26.368656884
2020-03-24 10:25:00,26.343976374
2020-03-24 10:26:00,26.314359762
2020-03-24 10:27:00,26.240318232
2020-03-24 10:28:00,26.176148906
2020-03-24 10:29:00,26.151468396
2020-03-24 10:30:00,25.983640928
2020-03-24 10:31:00,26.1401153614
2020-03-24 10:32:00,26.176148906
2020-03-24 10:33:00,26.151468396
2020-03-24 10:34:00,26.388401292
2020-03-24 10:35:00,26.45750672
2020-03-24 10:36:00,26.511803842
2020-03-24 10:37:00,26.526612148
2020-03-24 10:38:00,26.516739944
2020-03-24 10:39:00,26.58574664996
2020-03-24 10:40:00,26.571037066
2020-03-24 10:41:00,26.635206392
2020-03-24 10:42:00,26.575973168
2020-03-24 10:43:00,26.585845372
2020-03-24 10:44:00,26.55622876
2020-03-24 10:45:00,26.536484352
2020-03-24 10:46:00,26.566100964
2020-03-24 10:47:00,26.53273291448
2020-03-24 10:48:00,26.45750672
2020-03-24 10:49:00,26.388401292
2020-03-24 10:50:00,26.319295864
2020-03-24 10:51:00,26.368656884
2020-03-24 10:52:00,26.353848578
2020-03-24 10:53:00,26.368656884
2020-03-24 10:54:00,26.378529088
2020-03-24 10:55:00,26.4081457
2020-03-24 10:56:00,26.467378924
2020-03-24 10:57:00,26.50686774
2020-03-24 10:58:00,26.52651342596
2020-03-24 10:59:00,26.50686774
2020-03-24 11:00:00,26.595717576
2020-03-24 11:01:00,26.625334188
2020-03-24 11:02:00,26.669759106
2020-03-24 11:03:00,26.650014698
2020-03-24 11:04:00,26.615461984
2020-03-24 11:05:00,26.635206392
2020-03-24 11:06:00,26.625334188
2020-03-24 11:07:00,26.625334188
2020-03-24 11:08:00,26.6549508
2020-03-24 11:09:00,26.70431182
2020-03-24 11:10:00,26.694439616
2020-03-24 11:11:00,26.674695208
2020-03-24 11:12:00,26.60558978
2020-03-24 11:13:00,26.546356556
2020-03-24 11:14:00,26.575973168
2020-03-24 11:15:00,26.645078596
2020-03-24 11:16:00,26.595717576
2020-03-24 11:17:00,26.669759106
2020-03-24 11:18:00,26.659886902
2020-03-24 11:19:00,26.763545044
2020-03-24 11:20:00,26.773417248
2020-03-24 11:21:00,26.82771437
2020-03-24 11:22:00,26.822778268
2020-03-24 11:23:00,26.822778268
2020-03-24 11:24:00,26.748736738
2020-03-24 11:25:00,26.635206392
2020-03-24 11:26:00,26.635206392
2020-03-24 11:27:00,26.664823004
2020-03-24 11:28:00,26.635206392
2020-03-24 11:29:00,26.635206392
2020-03-24 11:30:00,26.60558978
2020-03-24 11:31:00,26.60558978
2020-03-24 11:32:00,26.575973168
2020-03-24 11:33:00,26.546356556
2020-03-24 11:34:00,26.55622876
2020-03-24 11:35:00,26.546356556
2020-03-24 11:36:00,26.595717576
2020-03-24 11:37:00,26.615461984
2020-03-24 11:38:00,26.526612148
2020-03-24 11:39:00,26.437762312
2020-03-24 11:40:00,26.427890108
2020-03-24 11:41:00,26.42779138596
2020-03-24 11:42:00,26.467378924
2020-03-24 11:43:00,26.403209598
2020-03-24 11:44:00,26.447634516
2020-03-24 11:45:00,26.437762312
2020-03-24 11:46:00,26.467378924
2020-03-24 11:47:00,26.437762312
2020-03-24 11:48:00,26.437762312
2020-03-24 11:49:00,26.447634516
2020-03-24 11:50:00,26.38316902388
2020-03-24 11:51:00,26.339040272
2020-03-24 11:52:00,26.35878468
2020-03-24 11:53:00,26.353848578
2020-03-24 11:54:00,26.388401292
2020-03-24 11:55:00,26.378529088
2020-03-24 11:56:00,26.437762312
2020-03-24 11:57:00,26.452570618
2020-03-24 11:58:00,26.437762312
2020-03-24 11:59:00,26.363720782
2020-03-24 12:00:00,26.348912476
2020-03-24 12:01:00,26.329168068
2020-03-24 12:02:00,26.388401292
2020-03-24 12:03:00,26.240318232
2020-03-24 12:04:00,26.339040272
2020-03-24 12:05:00,26.477251128
2020-03-24 12:06:00,26.55622876
2020-03-24 12:07:00,26.53154825
2020-03-24 12:08:00,26.63027029
2020-03-24 12:09:00,26.595717576
2020-03-24 12:10:00,26.615461984
2020-03-24 12:11:00,26.6549508
2020-03-24 12:12:00,26.714184024
2020-03-24 12:13:00,26.699375718
2020-03-24 12:14:00,26.70431182
2020-03-24 12:15:00,26.70431182
2020-03-24 12:16:00,26.758608942
2020-03-24 12:17:00,26.7324476014
2020-03-24 12:18:00,26.743800636
2020-03-24 12:19:00,26.72899233
2020-03-24 12:20:00,26.75367284
2020-03-24 12:21:00,26.763545044
2020-03-24 12:22:00,26.783289452
2020-03-24 12:23:00,26.758608942
2020-03-24 12:24:00,26.724056228
2020-03-24 12:25:00,26.76374248808
2020-03-24 12:26:00,26.80303386
2020-03-24 12:27:00,26.85239488
2020-03-24 12:28:00,26.812906064
2020-03-24 12:29:00,26.763545044
2020-03-24 12:30:00,26.78911405236
2020-03-24 12:31:00,26.733928432
2020-03-24 12:32:00,26.724056228
2020-03-24 12:33:00,26.783289452
2020-03-24 12:34:00,26.773417248
2020-03-24 12:35:00,26.733928432
2020-03-24 12:36:00,26.773417248
2020-03-24 12:37:00,26.743800636
2020-03-24 12:38:00,26.80303386
2020-03-24 12:39:00,26.921500308
2020-03-24 12:40:00,26.85239488
2020-03-24 12:41:00,26.832650472
2020-03-24 12:42:00,26.842522676
2020-03-24 12:43:00,26.822778268
2020-03-24 12:44:00,26.8607862534
2020-03-24 12:45:00,26.921500308
2020-03-24 12:46:00,26.867203186
2020-03-24 12:47:00,26.822778268
2020-03-24 12:48:00,26.82771437
2020-03-24 12:49:00,26.84489200496
2020-03-24 12:50:00,26.85960158892
2020-03-24 12:51:00,26.891883696
2020-03-24 12:52:00,26.87707539
2020-03-24 12:53:00,26.85239488
2020-03-24 12:54:00,26.891883696
2020-03-24 12:55:00,26.931372512
2020-03-24 12:56:00,26.970861328
2020-03-24 12:57:00,26.970861328
2020-03-24 12:58:00,26.960989124
2020-03-24 12:59:00,26.87707539
2020-03-24 13:00:00,26.783289452
2020-03-24 13:01:00,26.812906064
2020-03-24 13:02:00,26.872139288
2020-03-24 13:03:00,26.87707539
2020-03-24 13:04:00,26.921500308
2020-03-24 13:05:00,26.891883696
2020-03-24 13:06:00,26.9017559
2020-03-24 13:07:00,26.891883696
2020-03-24 13:08:00,26.862267084
2020-03-24 13:09:00,26.832650472
2020-03-24 13:10:00,26.743800636
2020-03-24 13:11:00,26.724056228
2020-03-24 13:12:00,26.75367284
2020-03-24 13:13:00,26.783289452
2020-03-24 13:14:00,26.822778268
2020-03-24 13:15:00,26.862267084
2020-03-24 13:16:00,26.862267084
2020-03-24 13:17:00,26.872139288
2020-03-24 13:18:00,26.862267084
2020-03-24 13:19:00,26.872139288
2020-03-24 13:20:00,26.882011492
2020-03-24 13:21:00,26.763545044
2020-03-24 13:22:00,26.74370191396
2020-03-24 13:23:00,26.83738912992
2020-03-24 13:24:00,26.80303386
2020-03-24 13:25:00,26.80303386
2020-03-24 13:26:00,26.822778268
2020-03-24 13:27:00,26.85713353792
2020-03-24 13:28:00,26.891883696
2020-03-24 13:29:00,26.93295206464
2020-03-24 13:30:00,26.931372512
2020-03-24 13:31:00,27.089327776
2020-03-24 13:32:00,27.09919998
2020-03-24 13:33:00,27.010350144
2020-03-24 13:34:00,27.015286246
2020-03-24 13:35:00,27.010350144
2020-03-24 13:36:00,26.990605736
2020-03-24 13:37:00,27.00047794
2020-03-24 13:38:00,26.990605736
2020-03-24 13:39:00,26.931372512
2020-03-24 13:40:00,26.891883696
2020-03-24 13:41:00,26.882011492
2020-03-24 13:42:00,26.812906064
2020-03-24 13:43:00,26.842522676
2020-03-24 13:44:00,26.867203186
2020-03-24 13:45:00,26.872139288
2020-03-24 13:46:00,26.891883696
2020-03-24 13:47:00,26.911628104
2020-03-24 13:48:00,26.921500308
2020-03-24 13:49:00,26.911628104
2020-03-24 13:50:00,26.783289452
2020-03-24 13:51:00,26.783289452
2020-03-24 13:52:00,26.714184024
2020-03-24 13:53:00,26.714184024
2020-03-24 13:54:00,26.70431182
2020-03-24 13:55:00,26.763545044
2020-03-24 13:56:00,26.768481146
2020-03-24 13:57:00,26.773417248
2020-03-24 13:58:00,26.758608942
2020-03-24 13:59:00,26.75367284
2020-03-24 14:00:00,26.783289452
2020-03-24 14:01:00,26.812906064
2020-03-24 14:02:00,26.822778268
2020-03-24 14:03:00,26.832650472
2020-03-24 14:04:00,26.807969962
2020-03-24 14:05:00,26.75367284
2020-03-24 14:06:00,26.773417248
2020-03-24 14:07:00,26.783289452
2020-03-24 14:08:00,26.788225554
2020-03-24 14:09:00,26.788225554
2020-03-24 14:10:00,26.783289452
2020-03-24 14:11:00,26.743800636
2020-03-24 14:12:00,26.763545044
2020-03-24 14:13:00,26.80303386
2020-03-24 14:14:00,26.77835335
2020-03-24 14:15:00,26.80303386
2020-03-24 14:16:00,26.832650472
2020-03-24 14:17:00,26.85180254776
2020-03-24 14:18:00,26.882011492
2020-03-24 14:19:00,26.891883696
2020-03-24 14:20:00,26.911628104
2020-03-24 14:21:00,26.931372512
2020-03-24 14:22:00,26.85239488
2020-03-24 14:23:00,26.931372512
2020-03-24 14:24:00,26.941244716
2020-03-24 14:25:00,26.95111692
2020-03-24 14:26:00,26.85239488
2020-03-24 14:27:00,26.9017559
2020-03-24 14:28:00,26.87707539
2020-03-24 14:29:00,26.95111692
2020-03-24 14:30:00,26.95111692
2020-03-24 14:31:00,26.882011492
2020-03-24 14:32:00,26.911628104
2020-03-24 14:33:00,26.921500308
2020-03-24 14:34:00,26.931372512
2020-03-24 14:35:00,26.95111692
2020-03-24 14:36:00,27.00047794
2020-03-24 14:37:00,27.035030654
2020-03-24 14:38:00,27.114008286
2020-03-24 14:39:00,27.12743448344
2020-03-24 14:40:00,27.138688796
2020-03-24 14:41:00,27.079455572
2020-03-24 14:42:00,27.104136082
2020-03-24 14:43:00,27.079455572
2020-03-24 14:44:00,27.069583368
2020-03-24 14:45:00,27.00047794
2020-03-24 14:46:00,27.00047794
2020-03-24 14:47:00,26.941244716
2020-03-24 14:48:00,26.965925226
2020-03-24 14:49:00,26.960989124
2020-03-24 14:50:00,26.965925226
2020-03-24 14:51:00,27.030094552
2020-03-24 14:52:00,27.030094552
2020-03-24 14:53:00,27.039966756
2020-03-24 14:54:00,27.064647266
2020-03-24 14:55:00,26.990605736
2020-03-24 14:56:00,27.039966756
2020-03-24 14:57:00,27.059711164
2020-03-24 14:58:00,27.079455572
2020-03-24 14:59:00,27.09919998
2020-03-24 15:00:00,27.128816592
2020-03-24 15:01:00,27.109072184
2020-03-24 15:02:00,27.163369306
2020-03-24 15:03:00,27.168305408
2020-03-24 15:04:00,27.148561
2020-03-24 15:05:00,27.138688796
2020-03-24 15:06:00,27.168305408
2020-03-24 15:07:00,27.168305408
2020-03-24 15:08:00,27.227538632
2020-03-24 15:09:00,27.24728304
2020-03-24 15:10:00,27.355877284
2020-03-24 15:11:00,27.365749488
2020-03-24 15:12:00,27.267027448
2020-03-24 15:13:00,27.276899652
2020-03-24 15:14:00,27.291707958
2020-03-24 15:15:00,27.281835754
2020-03-24 15:16:00,27.257155244
2020-03-24 15:17:00,27.202858122
2020-03-24 15:18:00,27.178177612
2020-03-24 15:19:00,27.227538632
2020-03-24 15:20:00,27.24728304
2020-03-24 15:21:00,27.168305408
2020-03-24 15:22:00,27.19792202
2020-03-24 15:23:00,27.257155244
2020-03-24 15:24:00,27.262091346
2020-03-24 15:25:00,27.2852910254
2020-03-24 15:26:00,27.316388468
2020-03-24 15:27:00,27.336132876
2020-03-24 15:28:00,27.365749488
2020-03-24 15:29:00,27.37068559
2020-03-24 15:30:00,27.365749488
2020-03-24 15:31:00,27.37552296996
2020-03-24 15:32:00,27.380557794
2020-03-24 15:33:00,27.37068559
2020-03-24 15:34:00,27.267027448
2020-03-24 15:35:00,27.34600508
2020-03-24 15:36:00,27.355877284
2020-03-24 15:37:00,27.355877284
2020-03-24 15:38:00,27.34600508
2020-03-24 15:39:00,27.350941182
2020-03-24 15:40:00,27.415110508
2020-03-24 15:41:00,27.429918814
2020-03-24 15:42:00,27.464471528
2020-03-24 15:43:00,27.484215936
2020-03-24 15:44:00,27.44472712
2020-03-24 15:45:00,27.424982712
2020-03-24 15:46:00,27.424982712
2020-03-24 15:47:00,27.3953661
2020-03-24 15:48:00,27.380557794
2020-03-24 15:49:00,27.34600508
2020-03-24 15:50:00,27.449663222
2020-03-24 15:51:00,27.311452366
2020-03-24 15:52:00,27.306516264
2020-03-24 15:53:00,27.32132457
2020-03-24 15:54:00,27.286771856
2020-03-24 15:55:00,26.906692002
2020-03-24 15:56:00,27.118944388
2020-03-24 15:57:00,27.178177612
2020-03-24 15:58:00,27.257155244
2020-03-24 15:59:00,27.24728304
2020-03-24 16:00:00,27.316388468
2020-03-25 09:31:00,26.773417248
2020-03-25 09:32:00,26.95111692
2020-03-25 09:33:00,27.094263878
2020-03-25 09:34:00,27.341068978
2020-03-25 09:35:00,27.538513058
2020-03-25 09:36:00,27.6421712
2020-03-25 09:37:00,27.879104096
2020-03-25 09:38:00,27.805062566
2020-03-25 09:39:00,28.02313955236
2020-03-25 09:40:00,28.106164788
2020-03-25 09:41:00,28.027187156
2020-03-25 09:42:00,28.017314952
2020-03-25 09:43:00,28.096292584
2020-03-25 09:44:00,28.096292584
2020-03-25 09:45:00,28.1357814
2020-03-25 09:46:00,28.352969888
2020-03-25 09:47:00,28.25118746476
2020-03-25 09:48:00,28.323353276
2020-03-25 09:49:00,28.23450344
2020-03-25 09:50:00,28.03705936
2020-03-25 09:51:00,28.16046191
2020-03-25 09:52:00,27.97792485804
2020-03-25 09:53:00,27.879104096
2020-03-25 09:54:00,27.83961528
2020-03-25 09:55:00,27.93833732
2020-03-25 09:56:00,27.869231892
2020-03-25 09:57:00,28.03705936
2020-03-25 09:58:00,27.918592912
2020-03-25 09:59:00,27.83458045596
2020-03-25 10:00:00,27.79025426
2020-03-25 10:01:00,27.681660016
2020-03-25 10:02:00,27.928465116
2020-03-25 10:03:00,27.829743076
2020-03-25 10:04:00,27.805062566
2020-03-25 10:05:00,27.809998668
2020-03-25 10:06:00,27.982762238
2020-03-25 10:07:00,28.03705936
2020-03-25 10:08:00,27.977826136
2020-03-25 10:09:00,27.8889763
2020-03-25 10:10:00,27.874167994
2020-03-25 10:11:00,27.71621273
2020-03-25 10:12:00,27.701404424
2020-03-25 10:13:00,27.671787812
2020-03-25 10:14:00,27.661915608
2020-03-25 10:15:00,27.681660016
2020-03-25 10:16:00,27.68629995188
2020-03-25 10:17:00,27.948209524
2020-03-25 10:18:00,27.908720708
2020-03-25 10:19:00,27.977826136
2020-03-25 10:20:00,27.997570544
2020-03-25 10:21:00,28.007442748
2020-03-25 10:22:00,28.1357814
2020-03-25 10:23:00,28.125909196
2020-03-25 10:24:00,28.106164788
2020-03-25 10:25:00,28.165398012
2020-03-25 10:26:00,28.046931564
2020-03-25 10:27:00,28.017314952
2020-03-25 10:28:00,28.096292584
2020-03-25 10:29:00,28.165398012
2020-03-25 10:30:00,28.12581047396
2020-03-25 10:31:00,28.1357814
2020-03-25 10:32:00,28.1357814
2020-03-25 10:33:00,28.106164788
2020-03-25 10:34:00,28.175270216
2020-03-25 10:35:00,28.204886828
2020-03-25 10:36:00,28.195014624
2020-03-25 10:37:00,28.298672766
2020-03-25 10:38:00,28.35790599
2020-03-25 10:39:00,28.377650398
2020-03-25 10:40:00,28.229567338
2020-03-25 10:41:00,28.175270216
2020-03-25 10:42:00,28.1357814
2020-03-25 10:43:00,28.106164788
2020-03-25 10:44:00,28.046931564
2020-03-25 10:45:00,28.056803768
2020-03-25 10:46:00,28.150589706
2020-03-25 10:47:00,28.046931564
2020-03-25 10:48:00,27.908720708
2020-03-25 10:49:00,27.879104096
2020-03-25 10:50:00,27.898848504
2020-03-25 10:51:00,27.928465116
2020-03-25 10:52:00,27.93833732
2020-03-25 10:53:00,27.93833732
2020-03-25 10:54:00,27.9176056916
2020-03-25 10:55:00,27.829743076
2020-03-25 10:56:00,27.849487484
2020-03-25 10:57:00,27.948209524
2020-03-25 10:58:00,28.007442748
2020-03-25 10:59:00,28.125909196
2020-03-25 11:00:00,28.13420184736
2020-03-25 11:01:00,28.096292584
2020-03-25 11:02:00,28.017314952
2020-03-25 11:03:00,27.928465116
2020-03-25 11:04:00,27.928465116
2020-03-25 11:05:00,27.982762238
2020-03-25 11:06:00,27.898848504
2020-03-25 11:07:00,27.859359688
2020-03-25 11:08:00,27.908720708
2020-03-25 11:09:00,27.958081728
2020-03-25 11:10:00,27.967953932
2020-03-25 11:11:00,27.982762238
2020-03-25 11:12:00,27.967953932
2020-03-25 11:13:00,27.967953932
2020-03-25 11:14:00,28.027187156
2020-03-25 11:15:00,27.997570544
2020-03-25 11:16:00,27.859359688
2020-03-25 11:17:00,27.879104096
2020-03-25 11:18:00,27.908720708
2020-03-25 11:19:00,27.958081728
2020-03-25 11:20:00,27.898848504
2020-03-25 11:21:00,27.91365681
2020-03-25 11:22:00,27.859359688
2020-03-25 11:23:00,27.859359688
2020-03-25 11:24:00,27.8889763
2020-03-25 11:25:00,27.948209524
2020-03-25 11:26:00,28.032123258
2020-03-25 11:27:00,28.09787213664
2020-03-25 11:28:00,28.066675972
2020-03-25 11:29:00,27.953145626
2020-03-25 11:30:00,27.923529014
2020-03-25 11:31:00,27.958081728
2020-03-25 11:32:00,28.027187156
2020-03-25 11:33:00,28.03705936
2020-03-25 11:34:00,28.002506646
2020-03-25 11:35:00,27.967953932
2020-03-25 11:36:00,27.869231892
2020-03-25 11:37:00,27.977826136
2020-03-25 11:38:00,27.953145626
2020-03-25 11:39:00,27.928465116
2020-03-25 11:40:00,27.953145626
2020-03-25 11:41:00,27.8889763
2020-03-25 11:42:00,27.948209524
2020-03-25 11:43:00,27.977826136
2020-03-25 11:44:00,27.9822686278
2020-03-25 11:45:00,27.967953932
2020-03-25 11:46:00,27.967953932
2020-03-25 11:47:00,27.93833732
2020-03-25 11:48:00,27.958081728
2020-03-25 11:49:00,27.98769834
2020-03-25 11:50:00,27.879104096
2020-03-25 11:51:00,27.859359688
2020-03-25 11:52:00,27.918592912
2020-03-25 11:53:00,27.977826136
2020-03-25 11:54:00,27.958081728
2020-03-25 11:55:00,27.948209524
2020-03-25 11:56:00,27.93804115388
2020-03-25 11:57:00,27.977826136
2020-03-25 11:58:00,27.98769834
2020-03-25 11:59:00,27.982762238
2020-03-25 12:00:00,27.977826136
2020-03-25 12:01:00,27.948209524
2020-03-25 12:02:00,28.120973094
2020-03-25 12:03:00,28.116036992
2020-03-25 12:04:00,28.155525808
2020-03-25 12:05:00,28.175270216
2020-03-25 12:06:00,28.16046191
2020-03-25 12:07:00,28.1357814
2020-03-25 12:08:00,28.155525808
2020-03-25 12:09:00,28.125909196
2020-03-25 12:10:00,28.116036992
2020-03-25 12:11:00,28.096292584
2020-03-25 12:12:00,28.145653604
2020-03-25 12:13:00,28.12719258252
2020-03-25 12:14:00,28.140717502
2020-03-25 12:15:00,28.180206318
2020-03-25 12:16:00,28.244375644
2020-03-25 12:17:00,28.3041024782
2020-03-25 12:18:00,28.323353276
2020-03-25 12:19:00,28.239439542
2020-03-25 12:20:00,28.199950726
2020-03-25 12:21:00,28.249311746
2020-03-25 12:22:00,28.244375644
2020-03-25 12:23:00,28.249311746
2020-03-25 12:24:00,28.352969888
2020-03-25 12:25:00,28.4018372978
2020-03-25 12:26:00,28.372714296
2020-03-25 12:27:00,28.402330908
2020-03-25 12:28:00,28.412203112
2020-03-25 12:29:00,28.466500234
2020-03-25 12:30:00,28.471436336
2020-03-25 12:31:00,28.545477866
2020-03-25 12:32:00,28.47360822088
2020-03-25 12:33:00,28.441819724
2020-03-25 12:34:00,28.520797356
2020-03-25 12:35:00,28.584966682
2020-03-25 12:36:00,28.501052948
2020-03-25 12:37:00,28.451691928
2020-03-25 12:38:00,28.599774988
2020-03-25 12:39:00,28.72811364
2020-03-25 12:40:00,28.821899578
2020-03-25 12:41:00,28.708369232
2020-03-25 12:42:00,28.6293916
2020-03-25 12:43:00,28.589902784
2020-03-25 12:44:00,28.476372438
2020-03-25 12:45:00,28.525733458
2020-03-25 12:46:00,28.639263804
2020-03-25 12:47:00,28.60471109
2020-03-25 12:48:00,28.545477866
2020-03-25 12:49:00,28.535605662
2020-03-25 12:50:00,28.53066956
2020-03-25 12:51:00,28.63886891584
2020-03-25 12:52:00,28.688624824
2020-03-25 12:53:00,28.688624824
2020-03-25 12:54:00,28.60471109
2020-03-25 12:55:00,28.649136008
2020-03-25 12:56:00,28.65407211
2020-03-25 12:57:00,28.659008212
2020-03-25 12:58:00,28.619519396
2020-03-25 12:59:00,28.644199906
2020-03-25 13:00:00,28.560286172
2020-03-25 13:01:00,28.520797356
2020-03-25 13:02:00,28.53066956
2020-03-25 13:03:00,28.619519396
2020-03-25 13:04:00,28.58003058
2020-03-25 13:05:00,28.40726701
2020-03-25 13:06:00,28.392458704
2020-03-25 13:07:00,28.540541764
2020-03-25 13:08:00,28.673816518
2020-03-25 13:09:00,28.73640629136
2020-03-25 13:10:00,28.747858048
2020-03-25 13:11:00,28.723177538
2020-03-25 13:12:00,28.708369232
2020-03-25 13:13:00,28.757730252
2020-03-25 13:14:00,28.74766060392
2020-03-25 13:15:00,28.688624824
2020-03-25 13:16:00,28.718241436
2020-03-25 13:17:00,28.812027374
2020-03-25 13:18:00,28.846580088
2020-03-25 13:19:00,28.82683568
2020-03-25 13:20:00,28.871260598
2020-03-25 13:21:00,28.915685516
2020-03-25 13:22:00,28.95507560996
2020-03-25 13:23:00,28.905813312
2020-03-25 13:24:00,28.90087721
2020-03-25 13:25:00,28.895941108
2020-03-25 13:26:00,28.812027374
2020-03-25 13:27:00,28.708369232
2020-03-25 13:28:00,28.688624824
2020-03-25 13:29:00,28.718241436
2020-03-25 13:30:00,28.72811364
2020-03-25 13:31:00,28.644199906
2020-03-25 13:32:00,28.575094478
2020-03-25 13:33:00,28.560286172
2020-03-25 13:34:00,28.60471109
2020-03-25 13:35:00,28.693560926
2020-03-25 13:36:00,28.639263804
2020-03-25 13:37:00,28.693560926
2020-03-25 13:38:00,28.767602456
2020-03-25 13:39:00,28.782410762
2020-03-25 13:40:00,28.782410762
2020-03-25 13:41:00,28.782410762
2020-03-25 13:42:00,28.846580088
2020-03-25 13:43:00,28.797219068
2020-03-25 13:44:00,28.871260598
2020-03-25 13:45:00,28.886068904
2020-03-25 13:46:00,28.935429924
2020-03-25 13:47:00,28.989727046
2020-03-25 13:48:00,29.103257392
2020-03-25 13:49:00,29.009471454
2020-03-25 13:50:00,28.994663148
2020-03-25 13:51:00,29.068704678
2020-03-25 13:52:00,29.078576882
2020-03-25 13:53:00,29.07364078
2020-03-25 13:54:00,28.99959925
2020-03-25 13:55:00,28.8761967
2020-03-25 13:56:00,28.866324496
2020-03-25 13:57:00,28.797219068
2020-03-25 13:58:00,28.767602456
2020-03-25 13:59:00,28.787346864
2020-03-25 14:00:00,28.836707884
2020-03-25 14:01:00,28.79198679988
2020-03-25 14:02:00,28.718241436
2020-03-25 14:03:00,28.619519396
2020-03-25 14:04:00,28.649136008
2020-03-25 14:05:00,28.525733458
2020-03-25 14:06:00,28.491180744
2020-03-25 14:07:00,28.52069863396
2020-03-25 14:08:00,28.461564132
2020-03-25 14:09:00,28.520797356
2020-03-25 14:10:00,28.619519396
2020-03-25 14:11:00,28.6293916
2020-03-25 14:12:00,28.649136008
2020-03-25 14:13:00,28.718241436
2020-03-25 14:14:00,28.72811364
2020-03-25 14:15:00,28.718241436
2020-03-25 14:16:00,28.77747466
2020-03-25 14:17:00,28.718241436
2020-03-25 14:18:00,28.659008212
2020-03-25 14:19:00,28.624455498
2020-03-25 14:20:00,28.782410762
2020-03-25 14:21:00,28.82683568
2020-03-25 14:22:00,28.807091272
2020-03-25 14:23:00,28.812027374
2020-03-25 14:24:00,28.767602456
2020-03-25 14:25:00,28.747858048
2020-03-25 14:26:00,28.737985844
2020-03-25 14:27:00,28.683688722
2020-03-25 14:28:00,28.742921946
2020-03-25 14:29:00,28.708369232
2020-03-25 14:30:00,28.683688722
2020-03-25 14:31:00,28.614583294
2020-03-25 14:32:00,28.6827015016
2020-03-25 14:33:00,28.545477866
2020-03-25 14:34:00,28.560286172
2020-03-25 14:35:00,28.560286172
2020-03-25 14:36:00,28.58003058
2020-03-25 14:37:00,28.560286172
2020-03-25 14:38:00,28.589902784
2020-03-25 14:39:00,28.59908393372
2020-03-25 14:40:00,28.668880416
2020-03-25 14:41:00,28.6293916
2020-03-25 14:42:00,28.62277722332
2020-03-25 14:43:00,28.67875262
2020-03-25 14:44:00,28.72801491796
2020-03-25 14:45:00,28.757730252
2020-03-25 14:46:00,28.762666354
2020-03-25 14:47:00,28.787346864
2020-03-25 14:48:00,28.816963476
2020-03-25 14:49:00,28.816963476
2020-03-25 14:50:00,28.82683568
2020-03-25 14:51:00,28.772538558
2020-03-25 14:52:00,28.698497028
2020-03-25 14:53:00,28.688624824
2020-03-25 14:54:00,28.708369232
2020-03-25 14:55:00,28.757730252
2020-03-25 14:56:00,28.816963476
2020-03-25 14:57:00,28.816963476
2020-03-25 14:58:00,28.831771782
2020-03-25 14:59:00,28.762666354
2020-03-25 15:00:00,28.757730252
2020-03-25 15:01:00,28.787346864
2020-03-25 15:02:00,28.80215517
2020-03-25 15:03:00,28.816963476
2020-03-25 15:04:00,28.816963476
2020-03-25 15:05:00,28.866324496
2020-03-25 15:06:00,28.82683568
2020-03-25 15:07:00,28.77747466
2020-03-25 15:08:00,28.77747466
2020-03-25 15:09:00,28.77747466
2020-03-25 15:10:00,28.797219068
2020-03-25 15:11:00,28.74775932596
2020-03-25 15:12:00,28.737985844
2020-03-25 15:13:00,28.747858048
2020-03-25 15:14:00,28.742921946
2020-03-25 15:15:00,28.78744558604
2020-03-25 15:16:00,28.787346864
2020-03-25 15:17:00,28.77747466
2020-03-25 15:18:00,28.792282966
2020-03-25 15:19:00,28.747858048
2020-03-25 15:20:00,28.807091272
2020-03-25 15:21:00,28.85507018344
2020-03-25 15:22:00,28.737985844
2020-03-25 15:23:00,28.772538558
2020-03-25 15:24:00,28.767602456
2020-03-25 15:25:00,28.78369414852
2020-03-25 15:26:00,28.757730252
2020-03-25 15:27:00,28.59612227252
2020-03-25 15:28:00,28.609647192
2020-03-25 15:29:00,28.619519396
2020-03-25 15:30:00,28.6293916
2020-03-25 15:31:00,28.747858048
2020-03-25 15:32:00,28.718241436
2020-03-25 15:33:00,28.698497028
2020-03-25 15:34:00,28.757730252
2020-03-25 15:35:00,28.747858048
2020-03-25 15:36:00,28.713305334
2020-03-25 15:37:00,28.737985844
2020-03-25 15:38:00,28.718241436
2020-03-25 15:39:00,28.747858048
2020-03-25 15:40:00,28.718241436
2020-03-25 15:41:00,28.757730252
2020-03-25 15:42:00,28.733049742
2020-03-25 15:43:00,28.6387701938
2020-03-25 15:44:00,28.589902784
2020-03-25 15:45:00,28.57993185796
2020-03-25 15:46:00,28.6293916
2020-03-25 15:47:00,28.58003058
2020-03-25 15:48:00,28.55535007
2020-03-25 15:49:00,28.501052948
2020-03-25 15:50:00,28.43194752
2020-03-25 15:51:00,28.199950726
2020-03-25 15:52:00,28.116036992
2020-03-25 15:53:00,28.101228686
2020-03-25 15:54:00,28.145653604
2020-03-25 15:55:00,28.125909196
2020-03-25 15:56:00,28.33322548
2020-03-25 15:57:00,28.155525808
2020-03-25 15:58:00,28.081484278
2020-03-25 15:59:00,27.953145626
2020-03-25 16:00:00,28.007442748
2020-03-26 09:31:00,28.915685516
2020-03-26 09:32:00,28.78922258276
2020-03-26 09:33:00,28.659008212
2020-03-26 09:34:00,28.570158376
2020-03-26 09:35:00,28.787346864
2020-03-26 09:36:00,28.965046536
2020-03-26 09:37:00,28.994663148
2020-03-26 09:38:00,28.98637049664
2020-03-26 09:39:00,28.836707884
2020-03-26 09:40:00,28.708369232
2020-03-26 09:41:00,28.856452292
2020-03-26 09:42:00,28.713305334
2020-03-26 09:43:00,28.688624824
2020-03-26 09:44:00,28.72811364
2020-03-26 09:45:00,28.72811364
2020-03-26 09:46:00,28.708369232
2020-03-26 09:47:00,28.649136008
2020-03-26 09:48:00,28.649136008
2020-03-26 09:49:00,28.816963476
2020-03-26 09:50:00,28.8761967
2020-03-26 09:51:00,28.797219068
2020-03-26 09:52:00,28.816963476
2020-03-26 09:53:00,28.767602456
2020-03-26 09:54:00,28.8761967
2020-03-26 09:55:00,28.93464014768
2020-03-26 09:56:00,29.004535352
2020-03-26 09:57:00,28.97491874
2020-03-26 09:58:00,28.989727046
2020-03-26 09:59:00,29.08519125868
2020-03-26 10:00:00,29.078576882
2020-03-26 10:01:00,28.960110434
2020-03-26 10:02:00,29.014407556
2020-03-26 10:03:00,28.97491874
2020-03-26 10:04:00,29.0297094722
2020-03-26 10:05:00,28.955174332
2020-03-26 10:06:00,29.063768576
2020-03-26 10:07:00,29.063768576
2020-03-26 10:08:00,29.044024168
2020-03-26 10:09:00,29.039088066
2020-03-26 10:10:00,29.142746208
2020-03-26 10:11:00,29.142746208
2020-03-26 10:12:00,29.152618412
2020-03-26 10:13:00,29.201979432
2020-03-26 10:14:00,29.152618412
2020-03-26 10:15:00,29.132874004
2020-03-26 10:16:00,29.108193494
2020-03-26 10:17:00,29.063768576
2020-03-26 10:18:00,29.063768576
2020-03-26 10:19:00,29.17966825096
2020-03-26 10:20:00,29.088449086
2020-03-26 10:21:00,29.113129596
2020-03-26 10:22:00,29.17236282
2020-03-26 10:23:00,29.17236282
2020-03-26 10:24:00,29.044024168
2020-03-26 10:25:00,29.063768576
2020-03-26 10:26:00,29.078576882
2020-03-26 10:27:00,29.053896372
2020-03-26 10:28:00,29.034151964
2020-03-26 10:29:00,29.004535352
2020-03-26 10:30:00,28.965046536
2020-03-26 10:31:00,29.004535352
2020-03-26 10:32:00,29.004535352
2020-03-26 10:33:00,29.103257392
2020-03-26 10:34:00,29.02427976
2020-03-26 10:35:00,29.044024168
2020-03-26 10:36:00,29.063768576
2020-03-26 10:37:00,29.004535352
2020-03-26 10:38:00,29.063768576
2020-03-26 10:39:00,29.083512984
2020-03-26 10:40:00,29.039088066
2020-03-26 10:41:00,29.058832474
2020-03-26 10:42:00,29.093385188
2020-03-26 10:43:00,29.053896372
2020-03-26 10:44:00,29.093385188
2020-03-26 10:45:00,29.1610097854
2020-03-26 10:46:00,29.17236282
2020-03-26 10:47:00,29.083512984
2020-03-26 10:48:00,29.02427976
2020-03-26 10:49:00,28.97491874
2020-03-26 10:50:00,29.083512984
2020-03-26 10:51:00,29.132874004
2020-03-26 10:52:00,29.093385188
2020-03-26 10:53:00,29.113129596
2020-03-26 10:54:00,29.034151964
2020-03-26 10:55:00,29.083512984
2020-03-26 10:56:00,29.093385188
2020-03-26 10:57:00,29.053896372
2020-03-26 10:58:00,29.07364078
2020-03-26 10:59:00,29.103257392
2020-03-26 11:00:00,29.083512984
2020-03-26 11:01:00,28.994663148
2020-03-26 11:02:00,29.07364078
2020-03-26 11:03:00,29.093385188
2020-03-26 11:04:00,29.083512984
2020-03-26 11:05:00,29.1230018
2020-03-26 11:06:00,29.113129596
2020-03-26 11:07:00,28.97491874
2020-03-26 11:08:00,29.02427976
2020-03-26 11:09:00,29.02427976
2020-03-26 11:10:00,29.0331647436
2020-03-26 11:11:00,29.063768576
2020-03-26 11:12:00,29.07364078
2020-03-26 11:13:00,29.093385188
2020-03-26 11:14:00,29.044024168
2020-03-26 11:15:00,29.083512984
2020-03-26 11:16:00,29.17236282
2020-03-26 11:17:00,29.132874004
2020-03-26 11:18:00,29.113129596
2020-03-26 11:19:00,29.152618412
2020-03-26 11:20:00,29.182235024
2020-03-26 11:21:00,29.142746208
2020-03-26 11:22:00,29.142746208
2020-03-26 11:23:00,29.113129596
2020-03-26 11:24:00,29.17236282
2020-03-26 11:25:00,29.206915534
2020-03-26 11:26:00,29.251340452
2020-03-26 11:27:00,29.17739764404
2020-03-26 11:28:00,29.241468248
2020-03-26 11:29:00,29.27108486
2020-03-26 11:30:00,29.325381982
2020-03-26 11:31:00,29.276020962
2020-03-26 11:32:00,29.280957064
2020-03-26 11:33:00,29.290829268
2020-03-26 11:34:00,29.27108486
2020-03-26 11:35:00,29.241468248
2020-03-26 11:36:00,29.23149732196
2020-03-26 11:37:00,29.192107228
2020-03-26 11:38:00,29.251340452
2020-03-26 11:39:00,29.231596044
2020-03-26 11:40:00,29.162490616
2020-03-26 11:41:00,29.132874004
2020-03-26 11:42:00,29.113129596
2020-03-26 11:43:00,29.053896372
2020-03-26 11:44:00,29.014407556
2020-03-26 11:45:00,28.994663148
2020-03-26 11:46:00,28.895941108
2020-03-26 11:47:00,28.8761967
2020-03-26 11:48:00,28.965046536
2020-03-26 11:49:00,29.02427976
2020-03-26 11:50:00,29.068704678
2020-03-26 11:51:00,29.053896372
2020-03-26 11:52:00,29.088449086
2020-03-26 11:53:00,29.162490616
2020-03-26 11:54:00,29.182235024
2020-03-26 11:55:00,29.192107228
2020-03-26 11:56:00,29.06090563684
2020-03-26 11:57:00,29.053896372
2020-03-26 11:58:00,29.034151964
2020-03-26 11:59:00,29.02427976
2020-03-26 12:00:00,29.07364078
2020-03-26 12:01:00,29.108193494
2020-03-26 12:02:00,29.11786825392
2020-03-26 12:03:00,29.14768231
2020-03-26 12:04:00,29.17542320324
2020-03-26 12:05:00,29.2202430094
2020-03-26 12:06:00,29.17236282
2020-03-26 12:07:00,29.12556857304
2020-03-26 12:08:00,29.113129596
2020-03-26 12:09:00,29.103257392
2020-03-26 12:10:00,29.1086871042
2020-03-26 12:11:00,29.093385188
2020-03-26 12:12:00,29.053896372
2020-03-26 12:13:00,29.103257392
2020-03-26 12:14:00,29.083512984
2020-03-26 12:15:00,29.093385188
2020-03-26 12:16:00,29.07364078
2020-03-26 12:17:00,29.093385188
2020-03-26 12:18:00,29.103257392
2020-03-26 12:19:00,29.103257392
2020-03-26 12:20:00,29.113129596
2020-03-26 12:21:00,29.211851636
2020-03-26 12:22:00,29.261212656
2020-03-26 12:23:00,29.340190288
2020-03-26 12:24:00,29.3698069
2020-03-26 12:25:00,29.350062492
2020-03-26 12:26:00,29.34512639
2020-03-26 12:27:00,29.399423512
2020-03-26 12:28:00,29.438912328
2020-03-26 12:29:00,29.438912328
2020-03-26 12:30:00,29.389551308
2020-03-26 12:31:00,29.359934696
2020-03-26 12:32:00,29.330318084
2020-03-26 12:33:00,29.350062492
2020-03-26 12:34:00,29.409295716
2020-03-26 12:35:00,29.424104022
2020-03-26 12:36:00,29.41916792
2020-03-26 12:37:00,29.3698069
2020-03-26 12:38:00,29.350062492
2020-03-26 12:39:00,29.3698069
2020-03-26 12:40:00,29.429040124
2020-03-26 12:41:00,29.389551308
2020-03-26 12:42:00,29.38491137212
2020-03-26 12:43:00,29.3698069
2020-03-26 12:44:00,29.409295716
2020-03-26 12:45:00,29.399423512
2020-03-26 12:46:00,29.3698069
2020-03-26 12:47:00,29.379679104
2020-03-26 12:48:00,29.379679104
2020-03-26 12:49:00,29.389551308
2020-03-26 12:50:00,29.379679104
2020-03-26 12:51:00,29.409295716
2020-03-26 12:52:00,29.39389507776
2020-03-26 12:53:00,29.483337246
2020-03-26 12:54:00,29.508017756
2020-03-26 12:55:00,29.46852894
2020-03-26 12:56:00,29.46852894
2020-03-26 12:57:00,29.508017756
2020-03-26 12:58:00,29.537634368
2020-03-26 12:59:00,29.547506572
2020-03-26 13:00:00,29.586995388
2020-03-26 13:01:00,29.606739796
2020-03-26 13:02:00,29.794311672
2020-03-26 13:03:00,29.81405608
2020-03-26 13:04:00,29.695589632
2020-03-26 13:05:00,29.680781326
2020-03-26 13:06:00,29.69568835404
2020-03-26 13:07:00,29.656100816
2020-03-26 13:08:00,29.56725098
2020-03-26 13:09:00,29.49320945
2020-03-26 13:10:00,29.537634368
2020-03-26 13:11:00,29.498145552
2020-03-26 13:12:00,29.54257047
2020-03-26 13:13:00,29.508017756
2020-03-26 13:14:00,29.448784532
2020-03-26 13:15:00,29.4571759054
2020-03-26 13:16:00,29.414231818
2020-03-26 13:17:00,29.46852894
2020-03-26 13:18:00,29.46852894
2020-03-26 13:19:00,29.49390050428
2020-03-26 13:20:00,29.46852894
2020-03-26 13:21:00,29.41916792
2020-03-26 13:22:00,29.399423512
2020-03-26 13:23:00,29.330318084
2020-03-26 13:24:00,29.379679104
2020-03-26 13:25:00,29.389551308
2020-03-26 13:26:00,29.409295716
2020-03-26 13:27:00,29.38945258596
2020-03-26 13:28:00,29.379679104
2020-03-26 13:29:00,29.350062492
2020-03-26 13:30:00,29.350062492
2020-03-26 13:31:00,29.290829268
2020-03-26 13:32:00,29.251340452
2020-03-26 13:33:00,29.280957064
2020-03-26 13:34:00,29.280957064
2020-03-26 13:35:00,29.340190288
2020-03-26 13:36:00,29.3698069
2020-03-26 13:37:00,29.389551308
2020-03-26 13:38:00,29.3880704774
2020-03-26 13:39:00,29.3698069
2020-03-26 13:40:00,29.41916792
2020-03-26 13:41:00,29.448784532
2020-03-26 13:42:00,29.438912328
2020-03-26 13:43:00,29.46852894
2020-03-26 13:44:00,29.508017756
2020-03-26 13:45:00,29.547506572
2020-03-26 13:46:00,29.478401144
2020-03-26 13:47:00,29.448784532
2020-03-26 13:48:00,29.473465042
2020-03-26 13:49:00,29.498145552
2020-03-26 13:50:00,29.508017756
2020-03-26 13:51:00,29.498145552
2020-03-26 13:52:00,29.49320945
2020-03-26 13:53:00,29.508017756
2020-03-26 13:54:00,29.503081654
2020-03-26 13:55:00,29.458656736
2020-03-26 13:56:00,29.429040124
2020-03-26 13:57:00,29.350062492
2020-03-26 13:58:00,29.359934696
2020-03-26 13:59:00,29.379679104
2020-03-26 14:00:00,29.379679104
2020-03-26 14:01:00,29.389551308
2020-03-26 14:02:00,29.409295716
2020-03-26 14:03:00,29.458656736
2020-03-26 14:04:00,29.438912328
2020-03-26 14:05:00,29.463592838
2020-03-26 14:06:00,29.448784532
2020-03-26 14:07:00,29.399423512
2020-03-26 14:08:00,29.389551308
2020-03-26 14:09:00,29.3698069
2020-03-26 14:10:00,29.38965003004
2020-03-26 14:11:00,29.478401144
2020-03-26 14:12:00,29.3816535448
2020-03-26 14:13:00,29.340190288
2020-03-26 14:14:00,29.409295716
2020-03-26 14:15:00,29.379679104
2020-03-26 14:16:00,29.389551308
2020-03-26 14:17:00,29.379679104
2020-03-26 14:18:00,29.389551308
2020-03-26 14:19:00,29.429040124
2020-03-26 14:20:00,29.438912328
2020-03-26 14:21:00,29.409295716
2020-03-26 14:22:00,29.429040124
2020-03-26 14:23:00,29.458656736
2020-03-26 14:24:00,29.404359614
2020-03-26 14:25:00,29.438912328
2020-03-26 14:26:00,29.4779075338
2020-03-26 14:27:00,29.508017756
2020-03-26 14:28:00,29.478401144
2020-03-26 14:29:00,29.453720634
2020-03-26 14:30:00,29.473465042
2020-03-26 14:31:00,29.503081654
2020-03-26 14:32:00,29.488273348
2020-03-26 14:33:00,29.508017756
2020-03-26 14:34:00,29.508017756
2020-03-26 14:35:00,29.508017756
2020-03-26 14:36:00,29.488273348
2020-03-26 14:37:00,29.473465042
2020-03-26 14:38:00,29.537634368
2020-03-26 14:39:00,29.51788996
2020-03-26 14:40:00,29.46852894
2020-03-26 14:41:00,29.458656736
2020-03-26 14:42:00,29.44384843
2020-03-26 14:43:00,29.458656736
2020-03-26 14:44:00,29.458656736
2020-03-26 14:45:00,29.41916792
2020-03-26 14:46:00,29.478401144
2020-03-26 14:47:00,29.463592838
2020-03-26 14:48:00,29.508017756
2020-03-26 14:49:00,29.488273348
2020-03-26 14:50:00,29.483337246
2020-03-26 14:51:00,29.537634368
2020-03-26 14:52:00,29.577123184
2020-03-26 14:53:00,29.606739796
2020-03-26 14:54:00,29.601803694
2020-03-26 14:55:00,29.537634368
2020-03-26 14:56:00,29.488273348
2020-03-26 14:57:00,29.56725098
2020-03-26 14:58:00,29.616612
2020-03-26 14:59:00,29.572187082
2020-03-26 15:00:00,29.537634368
2020-03-26 15:01:00,29.508017756
2020-03-26 15:02:00,29.56725098
2020-03-26 15:03:00,29.532698266
2020-03-26 15:04:00,29.51788996
2020-03-26 15:05:00,29.56725098
2020-03-26 15:06:00,29.547506572
2020-03-26 15:07:00,29.527762164
2020-03-26 15:08:00,29.527762164
2020-03-26 15:09:00,29.537634368
2020-03-26 15:10:00,29.51788996
2020-03-26 15:11:00,29.51788996
2020-03-26 15:12:00,29.512953858
2020-03-26 15:13:00,29.537634368
2020-03-26 15:14:00,29.498145552
2020-03-26 15:15:00,29.478401144
2020-03-26 15:16:00,29.41916792
2020-03-26 15:17:00,29.438912328
2020-03-26 15:18:00,29.41916792
2020-03-26 15:19:00,29.488273348
2020-03-26 15:20:00,29.488273348
2020-03-26 15:21:00,29.49320945
2020-03-26 15:22:00,29.46852894
2020-03-26 15:23:00,29.488273348
2020-03-26 15:24:00,29.43061967664
2020-03-26 15:25:00,29.41916792
2020-03-26 15:26:00,29.448784532
2020-03-26 15:27:00,29.508017756
2020-03-26 15:28:00,29.488273348
2020-03-26 15:29:00,29.498145552
2020-03-26 15:30:00,29.488273348
2020-03-26 15:31:00,29.522826062
2020-03-26 15:32:00,29.586995388
2020-03-26 15:33:00,29.537634368
2020-03-26 15:34:00,29.552442674
2020-03-26 15:35:00,29.5924251002
2020-03-26 15:36:00,29.56725098
2020-03-26 15:37:00,29.51788996
2020-03-26 15:38:00,29.438912328
2020-03-26 15:39:00,29.414231818
2020-03-26 15:40:00,29.498145552
2020-03-26 15:41:00,29.577123184
2020-03-26 15:42:00,29.586995388
2020-03-26 15:43:00,29.656100816
2020-03-26 15:44:00,29.606739796
2020-03-26 15:45:00,29.586995388
2020-03-26 15:46:00,29.488273348
2020-03-26 15:47:00,29.46852894
2020-03-26 15:48:00,29.488273348
2020-03-26 15:49:00,29.41926664204
2020-03-26 15:50:00,29.41916792
2020-03-26 15:51:00,29.606739796
2020-03-26 15:52:00,29.646228612
2020-03-26 15:53:00,29.70536311396
2020-03-26 15:54:00,29.69065353
2020-03-26 15:55:00,29.705461836
2020-03-26 15:56:00,29.725206244
2020-03-26 15:57:00,29.69065353
2020-03-26 15:58:00,29.759758958
2020-03-26 15:59:00,29.675845224
2020-03-26 16:00:00,29.774567264
2020-03-27 09:31:00,29.17236282
2020-03-27 09:32:00,29.251340452
2020-03-27 09:33:00,29.32044588
2020-03-27 09:34:00,29.32044588
2020-03-27 09:35:00,29.192107228
2020-03-27 09:36:00,29.103257392
2020-03-27 09:37:00,29.142746208
2020-03-27 09:38:00,29.211851636
2020-03-27 09:39:00,29.231596044
2020-03-27 09:40:00,29.28776888476
2020-03-27 09:41:00,29.251340452
2020-03-27 09:42:00,29.300701472
2020-03-27 09:43:00,29.280957064
2020-03-27 09:44:00,29.19704333
2020-03-27 09:45:00,29.280957064
2020-03-27 09:46:00,29.280957064
2020-03-27 09:47:00,29.290829268
2020-03-27 09:48:00,29.300701472
2020-03-27 09:49:00,29.290829268
2020-03-27 09:50:00,29.211851636
2020-03-27 09:51:00,29.280957064
2020-03-27 09:52:00,29.276020962
2020-03-27 09:53:00,29.310573676
2020-03-27 09:54:00,29.310573676
2020-03-27 09:55:00,29.300701472
2020-03-27 09:56:00,29.364870798
2020-03-27 09:57:00,29.379679104
2020-03-27 09:58:00,29.3698069
2020-03-27 09:59:00,29.458656736
2020-03-27 10:00:00,29.478401144
2020-03-27 10:01:00,29.478401144
2020-03-27 10:02:00,29.414231818
2020-03-27 10:03:00,29.448784532
2020-03-27 10:04:00,29.448784532
2020-03-27 10:05:00,29.473465042
2020-03-27 10:06:00,29.527762164
2020-03-27 10:07:00,29.51788996
2020-03-27 10:08:00,29.527762164
2020-03-27 10:09:00,29.606739796
2020-03-27 10:10:00,29.61651327796
2020-03-27 10:11:00,29.596867592
2020-03-27 10:12:00,29.596867592
2020-03-27 10:13:00,29.586995388
2020-03-27 10:14:00,29.596867592
2020-03-27 10:15:00,29.616612
2020-03-27 10:16:00,29.606739796
2020-03-27 10:17:00,29.616612
2020-03-27 10:18:00,29.6348755774
2020-03-27 10:19:00,29.631420306
2020-03-27 10:20:00,29.66597302
2020-03-27 10:21:00,29.596867592
2020-03-27 10:22:00,29.670909122
2020-03-27 10:23:00,29.6274714244
2020-03-27 10:24:00,29.685717428
2020-03-27 10:25:00,29.685717428
2020-03-27 10:26:00,29.794311672
2020-03-27 10:27:00,29.79421294996
2020-03-27 10:28:00,29.818992182
2020-03-27 10:29:00,29.794311672
2020-03-27 10:30:00,29.76469506
2020-03-27 10:31:00,29.675845224
2020-03-27 10:32:00,29.695589632
2020-03-27 10:33:00,29.695589632
2020-03-27 10:34:00,29.66597302
2020-03-27 10:35:00,29.547506572
2020-03-27 10:36:00,29.508017756
2020-03-27 10:37:00,29.498145552
2020-03-27 10:38:00,29.508017756
2020-03-27 10:39:00,29.547506572
2020-03-27 10:40:00,29.56725098
2020-03-27 10:41:00,29.547506572
2020-03-27 10:42:00,29.547506572
2020-03-27 10:43:00,29.64129251
2020-03-27 10:44:00,29.656100816
2020-03-27 10:45:00,29.66597302
2020-03-27 10:46:00,29.675845224
2020-03-27 10:47:00,29.69065353
2020-03-27 10:48:00,29.735078448
2020-03-27 10:49:00,29.794311672
2020-03-27 10:50:00,29.794311672
2020-03-27 10:51:00,29.70289506296
2020-03-27 10:52:00,29.74386470956
2020-03-27 10:53:00,29.725206244
2020-03-27 10:54:00,29.76469506
2020-03-27 10:55:00,29.784439468
2020-03-27 10:56:00,29.774567264
2020-03-27 10:57:00,29.774567264
2020-03-27 10:58:00,29.784439468
2020-03-27 10:59:00,29.88809761
2020-03-27 11:00:00,29.942394732
2020-03-27 11:01:00,29.93281869412
2020-03-27 11:02:00,29.91277812
2020-03-27 11:03:00,29.932522528
2020-03-27 11:04:00,29.952266936
2020-03-27 11:05:00,29.972011344
2020-03-27 11:06:00,29.952266936
2020-03-27 11:07:00,29.991755752
2020-03-27 11:08:00,30.031244568
2020-03-27 11:09:00,30.065797282
2020-03-27 11:10:00,30.100349996
2020-03-27 11:11:00,30.100349996
2020-03-27 11:12:00,29.972011344
2020-03-27 11:13:00,29.972011344
2020-03-27 11:14:00,29.972011344
2020-03-27 11:15:00,29.981883548
2020-03-27 11:16:00,30.05819568492
2020-03-27 11:17:00,30.120094404
2020-03-27 11:18:00,30.1102222
2020-03-27 11:19:00,30.100349996
2020-03-27 11:20:00,30.100349996
2020-03-27 11:21:00,30.001627956
2020-03-27 11:22:00,30.001627956
2020-03-27 11:23:00,29.991755752
2020-03-27 11:24:00,29.981883548
2020-03-27 11:25:00,30.01159888204
2020-03-27 11:26:00,30.026308466
2020-03-27 11:27:00,30.055925078
2020-03-27 11:28:00,30.01150016
2020-03-27 11:29:00,29.972011344
2020-03-27 11:30:00,30.031244568
2020-03-27 11:31:00,30.041116772
2020-03-27 11:32:00,30.031244568
2020-03-27 11:33:00,29.991755752
2020-03-27 11:34:00,30.050988976
2020-03-27 11:35:00,30.021372364
2020-03-27 11:36:00,30.080605588
2020-03-27 11:37:00,30.041116772
2020-03-27 11:38:00,30.070733384
2020-03-27 11:39:00,30.03618067
2020-03-27 11:40:00,30.021372364
2020-03-27 11:41:00,29.972011344
2020-03-27 11:42:00,29.90448546864
2020-03-27 11:43:00,29.90458419068
2020-03-27 11:44:00,29.927586426
2020-03-27 11:45:00,29.91277812
2020-03-27 11:46:00,29.893033712
2020-03-27 11:47:00,29.843672692
2020-03-27 11:48:00,29.833800488
2020-03-27 11:49:00,29.853544896
2020-03-27 11:50:00,29.853544896
2020-03-27 11:51:00,29.883161508
2020-03-27 11:52:00,29.88809761
2020-03-27 11:53:00,29.883161508
2020-03-27 11:54:00,29.893033712
2020-03-27 11:55:00,29.89293498996
2020-03-27 11:56:00,29.893033712
2020-03-27 11:57:00,29.8634171
2020-03-27 11:58:00,29.8634171
2020-03-27 11:59:00,29.868353202
2020-03-27 12:00:00,29.873289304
2020-03-27 12:01:00,29.858480998
2020-03-27 12:02:00,29.873289304
2020-03-27 12:03:00,29.8634171
2020-03-27 12:04:00,29.873289304
2020-03-27 12:05:00,29.8634171
2020-03-27 12:06:00,29.883161508
2020-03-27 12:07:00,29.858480998
2020-03-27 12:08:00,29.794311672
2020-03-27 12:09:00,29.8634171
2020-03-27 12:10:00,29.922650324
2020-03-27 12:11:00,29.927586426
2020-03-27 12:12:00,29.96213914
2020-03-27 12:13:00,29.96213914
2020-03-27 12:14:00,29.917714222
2020-03-27 12:15:00,29.922650324
2020-03-27 12:16:00,29.893033712
2020-03-27 12:17:00,29.83873659
2020-03-27 12:18:00,29.8634171
2020-03-27 12:19:00,29.8634171
2020-03-27 12:20:00,29.897969814
2020-03-27 12:21:00,29.848608794
2020-03-27 12:22:00,29.848608794
2020-03-27 12:23:00,29.843672692
2020-03-27 12:24:00,29.853544896
2020-03-27 12:25:00,29.823928284
2020-03-27 12:26:00,29.8031966556
2020-03-27 12:27:00,29.779503366
2020-03-27 12:28:00,29.779503366
2020-03-27 12:29:00,29.76469506
2020-03-27 12:30:00,29.76469506
2020-03-27 12:31:00,29.76469506
2020-03-27 12:32:00,29.799247774
2020-03-27 12:33:00,29.794311672
2020-03-27 12:34:00,29.833800488
2020-03-27 12:35:00,29.853544896
2020-03-27 12:36:00,29.868353202
2020-03-27 12:37:00,29.878225406
2020-03-27 12:38:00,29.873289304
2020-03-27 12:39:00,29.868353202
2020-03-27 12:40:00,29.85828355392
2020-03-27 12:41:00,29.853544896
2020-03-27 12:42:00,29.8634171
2020-03-27 12:43:00,29.843672692
2020-03-27 12:44:00,29.81810368364
2020-03-27 12:45:00,29.818992182
2020-03-27 12:46:00,29.81405608
2020-03-27 12:47:00,29.754822856
2020-03-27 12:48:00,29.725206244
2020-03-27 12:49:00,29.725206244
2020-03-27 12:50:00,29.695589632
2020-03-27 12:51:00,29.71533404
2020-03-27 12:52:00,29.730142346
2020-03-27 12:53:00,29.744950652
2020-03-27 12:54:00,29.73270911904
2020-03-27 12:55:00,29.710397938
2020-03-27 12:56:00,29.675845224
2020-03-27 12:57:00,29.656100816
2020-03-27 12:58:00,29.616612
2020-03-27 12:59:00,29.646228612
2020-03-27 13:00:00,29.685717428
2020-03-27 13:01:00,29.705461836
2020-03-27 13:02:00,29.71533404
2020-03-27 13:03:00,29.735078448
2020-03-27 13:04:00,29.744950652
2020-03-27 13:05:00,29.76469506
2020-03-27 13:06:00,29.774567264
2020-03-27 13:07:00,29.774567264
2020-03-27 13:08:00,29.705461836
2020-03-27 13:09:00,29.685717428
2020-03-27 13:10:00,29.631420306
2020-03-27 13:11:00,29.675845224
2020-03-27 13:12:00,29.626484204
2020-03-27 13:13:00,29.636356408
2020-03-27 13:14:00,29.626484204
2020-03-27 13:15:00,29.656100816
2020-03-27 13:16:00,29.631420306
2020-03-27 13:17:00,29.646228612
2020-03-27 13:18:00,29.710397938
2020-03-27 13:19:00,29.725206244
2020-03-27 13:20:00,29.675845224
2020-03-27 13:21:00,29.675845224
2020-03-27 13:22:00,29.66597302
2020-03-27 13:23:00,29.66597302
2020-03-27 13:24:00,29.66597302
2020-03-27 13:25:00,29.685717428
2020-03-27 13:26:00,29.656100816
2020-03-27 13:27:00,29.621548102
2020-03-27 13:28:00,29.626484204
2020-03-27 13:29:00,29.57880145868
2020-03-27 13:30:00,29.596867592
2020-03-27 13:31:00,29.616612
2020-03-27 13:32:00,29.675845224
2020-03-27 13:33:00,29.71533404
2020-03-27 13:34:00,29.754822856
2020-03-27 13:35:00,29.769631162
2020-03-27 13:36:00,29.744950652
2020-03-27 13:37:00,29.735078448
2020-03-27 13:38:00,29.774567264
2020-03-27 13:39:00,29.81405608
2020-03-27 13:40:00,29.873289304
2020-03-27 13:41:00,29.922650324
2020-03-27 13:42:00,29.91277812
2020-03-27 13:43:00,29.922650324
2020-03-27 13:44:00,29.942394732
2020-03-27 13:45:00,29.922650324
2020-03-27 13:46:00,29.91277812
2020-03-27 13:47:00,29.833800488
2020-03-27 13:48:00,29.853544896
2020-03-27 13:49:00,29.873289304
2020-03-27 13:50:00,29.897969814
2020-03-27 13:51:00,29.8634171
2020-03-27 13:52:00,29.873289304
2020-03-27 13:53:00,29.897969814
2020-03-27 13:54:00,29.883161508
2020-03-27 13:55:00,29.8634171
2020-03-27 13:56:00,29.878225406
2020-03-27 13:57:00,29.774567264
2020-03-27 13:58:00,29.804183876
2020-03-27 13:59:00,29.794311672
2020-03-27 14:00:00,29.78937557
2020-03-27 14:01:00,29.754822856
2020-03-27 14:02:00,29.80161710296
2020-03-27 14:03:00,29.8634171
2020-03-27 14:04:00,29.843672692
2020-03-27 14:05:00,29.853544896
2020-03-27 14:06:00,29.8634171
2020-03-27 14:07:00,29.858480998
2020-03-27 14:08:00,29.85621039108
2020-03-27 14:09:00,29.8634171
2020-03-27 14:10:00,29.833800488
2020-03-27 14:11:00,29.868353202
2020-03-27 14:12:00,29.893033712
2020-03-27 14:13:00,29.878225406
2020-03-27 14:14:00,29.8634171
2020-03-27 14:15:00,29.893033712
2020-03-27 14:16:00,29.883161508
2020-03-27 14:17:00,29.902905916
2020-03-27 14:18:00,29.853544896
2020-03-27 14:19:00,29.873289304
2020-03-27 14:20:00,29.917714222
2020-03-27 14:21:00,29.91277812
2020-03-27 14:22:00,29.932522528
2020-03-27 14:23:00,29.952266936
2020-03-27 14:24:00,29.981883548
2020-03-27 14:25:00,29.99530974544
2020-03-27 14:26:00,30.021372364
2020-03-27 14:27:00,30.080605588
2020-03-27 14:28:00,30.065797282
2020-03-27 14:29:00,30.041116772
2020-03-27 14:30:00,30.070733384
2020-03-27 14:31:00,30.070733384
2020-03-27 14:32:00,30.06086118
2020-03-27 14:33:00,30.100349996
2020-03-27 14:34:00,30.1102222
2020-03-27 14:35:00,30.08840462916
2020-03-27 14:36:00,30.100349996
2020-03-27 14:37:00,30.09205734464
2020-03-27 14:38:00,30.100349996
2020-03-27 14:39:00,30.129966608
2020-03-27 14:40:00,30.139838812
2020-03-27 14:41:00,30.13490271
2020-03-27 14:42:00,30.10025127396
2020-03-27 14:43:00,30.115158302
2020-03-27 14:44:00,30.115158302
2020-03-27 14:45:00,30.095413894
2020-03-27 14:46:00,30.100349996
2020-03-27 14:47:00,30.100349996
2020-03-27 14:48:00,30.050988976
2020-03-27 14:49:00,30.001627956
2020-03-27 14:50:00,30.01150016
2020-03-27 14:51:00,30.021372364
2020-03-27 14:52:00,30.1102222
2020-03-27 14:53:00,30.179327628
2020-03-27 14:54:00,30.189199832
2020-03-27 14:55:00,30.268177464
2020-03-27 14:56:00,30.327410688
2020-03-27 14:57:00,30.248433056
2020-03-27 14:58:00,30.23362475
2020-03-27 14:59:00,30.228688648
2020-03-27 15:00:00,30.228688648
2020-03-27 15:01:00,30.218816444
2020-03-27 15:02:00,30.25840398204
2020-03-27 15:03:00,30.30766628
2020-03-27 15:04:00,30.3570273
2020-03-27 15:05:00,30.3540656388
2020-03-27 15:06:00,30.352091198
2020-03-27 15:07:00,30.347155096
2020-03-27 15:08:00,30.30766628
2020-03-27 15:09:00,30.30766628
2020-03-27 15:10:00,30.30766628
2020-03-27 15:11:00,30.317538484
2020-03-27 15:12:00,30.30766628
2020-03-27 15:13:00,30.347155096
2020-03-27 15:14:00,30.32899024064
2020-03-27 15:15:00,30.248433056
2020-03-27 15:16:00,30.189199832
2020-03-27 15:17:00,30.2548499886
2020-03-27 15:18:00,30.312602382
2020-03-27 15:19:00,30.3570273
2020-03-27 15:20:00,30.3293851288
2020-03-27 15:21:00,30.3570273
2020-03-27 15:22:00,30.3570273
2020-03-27 15:23:00,30.327410688
2020-03-27 15:24:00,30.3570273
2020-03-27 15:25:00,30.40638832
2020-03-27 15:26:00,30.411324422
2020-03-27 15:27:00,30.465621544
2020-03-27 15:28:00,30.475493748
2020-03-27 15:29:00,30.416260524
2020-03-27 15:30:00,30.416260524
2020-03-27 15:31:00,30.376771708
2020-03-27 15:32:00,30.327410688
2020-03-27 15:33:00,30.228688648
2020-03-27 15:34:00,30.218816444
2020-03-27 15:35:00,30.228688648
2020-03-27 15:36:00,30.218816444
2020-03-27 15:37:00,30.199072036
2020-03-27 15:38:00,30.20894424
2020-03-27 15:39:00,30.1783404076
2020-03-27 15:40:00,30.15958322
2020-03-27 15:41:00,30.100349996
2020-03-27 15:42:00,30.001627956
2020-03-27 15:43:00,29.991755752
2020-03-27 15:44:00,29.9971854642
2020-03-27 15:45:00,30.021372364
2020-03-27 15:46:00,30.095413894
2020-03-27 15:47:00,30.031244568
2020-03-27 15:48:00,30.03618067
2020-03-27 15:49:00,30.01150016
2020-03-27 15:50:00,30.021372364
2020-03-27 15:51:00,29.774567264
2020-03-27 15:52:00,29.823928284
2020-03-27 15:53:00,29.81405608
2020-03-27 15:54:00,29.828864386
2020-03-27 15:55:00,29.848608794
2020-03-27 15:56:00,29.873289304
2020-03-27 15:57:00,29.784439468
2020-03-27 15:58:00,29.754822856
2020-03-27 15:59:00,29.71533404
2020-03-27 16:00:00,29.794311672
2020-03-30 09:31:00,30.57401834392
2020-03-30 09:32:00,30.426132728
2020-03-30 09:33:00,30.416260524
2020-03-30 09:34:00,30.24191740136
2020-03-30 09:35:00,30.23846212996
2020-03-30 09:36:00,30.199072036
2020-03-30 09:37:00,30.15958322
2020-03-30 09:38:00,30.189199832
2020-03-30 09:39:00,30.129966608
2020-03-30 09:40:00,30.001627956
2020-03-30 09:41:00,29.804183876
2020-03-30 09:42:00,29.742482601
2020-03-30 09:43:00,29.656100816
2020-03-30 09:44:00,29.774567264
2020-03-30 09:45:00,29.7681503314
2020-03-30 09:46:00,29.705461836
2020-03-30 09:47:00,29.695589632
2020-03-30 09:48:00,29.804183876
2020-03-30 09:49:00,29.66597302
2020-03-30 09:50:00,29.656100816
2020-03-30 09:51:00,29.730142346
2020-03-30 09:52:00,29.83241837944
2020-03-30 09:53:00,29.873289304
2020-03-30 09:54:00,29.784439468
2020-03-30 09:55:00,29.680781326
2020-03-30 09:56:00,29.74001455
2020-03-30 09:57:00,29.76469506
2020-03-30 09:58:00,29.804183876
2020-03-30 09:59:00,29.754822856
2020-03-30 10:00:00,29.799247774
2020-03-30 10:01:00,29.71533404
2020-03-30 10:02:00,29.754822856
2020-03-30 10:03:00,29.823928284
2020-03-30 10:04:00,29.927586426
2020-03-30 10:05:00,30.021372364
2020-03-30 10:06:00,29.981883548
2020-03-30 10:07:00,30.021372364
2020-03-30 10:08:00,29.98790559244
2020-03-30 10:09:00,29.91277812
2020-03-30 10:10:00,30.001627956
2020-03-30 10:11:00,29.883161508
2020-03-30 10:12:00,29.89036821692
2020-03-30 10:13:00,29.853544896
2020-03-30 10:14:00,29.96213914
2020-03-30 10:15:00,30.06086118
2020-03-30 10:16:00,30.050988976
2020-03-30 10:17:00,30.115158302
2020-03-30 10:18:00,30.199072036
2020-03-30 10:19:00,30.120094404
2020-03-30 10:20:00,30.1102222
2020-03-30 10:21:00,30.11012347796
2020-03-30 10:22:00,30.080605588
2020-03-30 10:23:00,30.031244568
2020-03-30 10:24:00,30.08554169
2020-03-30 10:25:00,30.08366597124
2020-03-30 10:26:00,30.15958322
2020-03-30 10:27:00,30.149711016
2020-03-30 10:28:00,30.223752546
2020-03-30 10:29:00,30.194135934
2020-03-30 10:30:00,30.149711016
2020-03-30 10:31:00,30.105286098
2020-03-30 10:32:00,30.144774914
2020-03-30 10:33:00,30.129966608
2020-03-30 10:34:00,30.080605588
2020-03-30 10:35:00,30.129966608
2020-03-30 10:36:00,30.204008138
2020-03-30 10:37:00,30.139838812
2020-03-30 10:38:00,30.20894424
2020-03-30 10:39:00,30.228688648
2020-03-30 10:40:00,30.095413894
2020-03-30 10:41:00,30.194135934
2020-03-30 10:42:00,30.20894424
2020-03-30 10:43:00,30.154647118
2020-03-30 10:44:00,30.179327628
2020-03-30 10:45:00,30.139838812
2020-03-30 10:46:00,30.179327628
2020-03-30 10:47:00,30.189199832
2020-03-30 10:48:00,30.1995656462
2020-03-30 10:49:00,30.179327628
2020-03-30 10:50:00,30.218816444
2020-03-30 10:51:00,30.25830526
2020-03-30 10:52:00,30.297794076
2020-03-30 10:53:00,30.317538484
2020-03-30 10:54:00,30.337282892
2020-03-30 10:55:00,30.396516116
2020-03-30 10:56:00,30.41389119504
2020-03-30 10:57:00,30.386643912
2020-03-30 10:58:00,30.436004932
2020-03-30 10:59:00,30.386643912
2020-03-30 11:00:00,30.39049407156
2020-03-30 11:01:00,30.322474586
2020-03-30 11:02:00,30.31743976196
2020-03-30 11:03:00,30.337282892
2020-03-30 11:04:00,30.317538484
2020-03-30 11:05:00,30.3570273
2020-03-30 11:06:00,30.337282892
2020-03-30 11:07:00,30.386643912
2020-03-30 11:08:00,30.342218994
2020-03-30 11:09:00,30.436004932
2020-03-30 11:10:00,30.396516116
2020-03-30 11:11:00,30.421196626
2020-03-30 11:12:00,30.465621544
2020-03-30 11:13:00,30.534726972
2020-03-30 11:14:00,30.495238156
2020-03-30 11:15:00,30.445877136
2020-03-30 11:16:00,30.48694550464
2020-03-30 11:17:00,30.55447138
2020-03-30 11:18:00,30.534726972
2020-03-30 11:19:00,30.495238156
2020-03-30 11:20:00,30.40638832
2020-03-30 11:21:00,30.475493748
2020-03-30 11:22:00,30.524854768
2020-03-30 11:23:00,30.495238156
2020-03-30 11:24:00,30.4710512562
2020-03-30 11:25:00,30.549535278
2020-03-30 11:26:00,30.495238156
2020-03-30 11:27:00,30.524854768
2020-03-30 11:28:00,30.544599176
2020-03-30 11:29:00,30.584087992
2020-03-30 11:30:00,30.593960196
2020-03-30 11:31:00,30.64341993804
2020-03-30 11:32:00,30.623576808
2020-03-30 11:33:00,30.574215788
2020-03-30 11:34:00,30.638385114
2020-03-30 11:35:00,30.68271130996
2020-03-30 11:36:00,30.687746134
2020-03-30 11:37:00,30.6038324
2020-03-30 11:38:00,30.60225284736
2020-03-30 11:39:00,30.6038324
2020-03-30 11:40:00,30.623576808
2020-03-30 11:41:00,30.643321216
2020-03-30 11:42:00,30.613704604
2020-03-30 11:43:00,30.584087992
2020-03-30 11:44:00,30.643321216
2020-03-30 11:45:00,30.682810032
2020-03-30 11:46:00,30.65319342
2020-03-30 11:47:00,30.663065624
2020-03-30 11:48:00,30.623576808
2020-03-30 11:49:00,30.663065624
2020-03-30 11:50:00,30.6038324
2020-03-30 11:51:00,30.608768502
2020-03-30 11:52:00,30.613704604
2020-03-30 11:53:00,30.643321216
2020-03-30 11:54:00,30.643321216
2020-03-30 11:55:00,30.6038324
2020-03-30 11:56:00,30.593960196
2020-03-30 11:57:00,30.6038324
2020-03-30 11:58:00,30.623576808
2020-03-30 11:59:00,30.633449012
2020-03-30 12:00:00,30.6038324
2020-03-30 12:01:00,30.495238156
2020-03-30 12:02:00,30.450813238
2020-03-30 12:03:00,30.475493748
2020-03-30 12:04:00,30.45574934
2020-03-30 12:05:00,30.45574934
2020-03-30 12:06:00,30.475493748
2020-03-30 12:07:00,30.445877136
2020-03-30 12:08:00,30.376771708
2020-03-30 12:09:00,30.45574934
2020-03-30 12:10:00,30.514982564
2020-03-30 12:11:00,30.574215788
2020-03-30 12:12:00,30.593960196
2020-03-30 12:13:00,30.55447138
2020-03-30 12:14:00,30.574215788
2020-03-30 12:15:00,30.564343584
2020-03-30 12:16:00,30.613704604
2020-03-30 12:17:00,30.62288575372
2020-03-30 12:18:00,30.613704604
2020-03-30 12:19:00,30.618640706
2020-03-30 12:20:00,30.663065624
2020-03-30 12:21:00,30.618640706
2020-03-30 12:22:00,30.593960196
2020-03-30 12:23:00,30.6038324
2020-03-30 12:24:00,30.593960196
2020-03-30 12:25:00,30.623576808
2020-03-30 12:26:00,30.663065624
2020-03-30 12:27:00,30.692682236
2020-03-30 12:28:00,30.712426644
2020-03-30 12:29:00,30.75191546
2020-03-30 12:30:00,30.75191546
2020-03-30 12:31:00,30.732171052
2020-03-30 12:32:00,30.732171052
2020-03-30 12:33:00,30.742043256
2020-03-30 12:34:00,30.712426644
2020-03-30 12:35:00,30.761787664
2020-03-30 12:36:00,30.766723766
2020-03-30 12:37:00,30.80127648
2020-03-30 12:38:00,30.840765296
2020-03-30 12:39:00,30.811148684
2020-03-30 12:40:00,30.80127648
2020-03-30 12:41:00,30.791404276
2020-03-30 12:42:00,30.771659868
2020-03-30 12:43:00,30.80127648
2020-03-30 12:44:00,30.78636945196
2020-03-30 12:45:00,30.742043256
2020-03-30 12:46:00,30.70255444
2020-03-30 12:47:00,30.697618338
2020-03-30 12:48:00,30.672937828
2020-03-30 12:49:00,30.692682236
2020-03-30 12:50:00,30.70255444
2020-03-30 12:51:00,30.712426644
2020-03-30 12:52:00,30.717362746
2020-03-30 12:53:00,30.70255444
2020-03-30 12:54:00,30.75191546
2020-03-30 12:55:00,30.791404276
2020-03-30 12:56:00,30.781532072
2020-03-30 12:57:00,30.791404276
2020-03-30 12:58:00,30.781532072
2020-03-30 12:59:00,30.811148684
2020-03-30 13:00:00,30.811148684
2020-03-30 13:01:00,30.791404276
2020-03-30 13:02:00,30.742043256
2020-03-30 13:03:00,30.75191546
2020-03-30 13:04:00,30.771659868
2020-03-30 13:05:00,30.742043256
2020-03-30 13:06:00,30.742043256
2020-03-30 13:07:00,30.712426644
2020-03-30 13:08:00,30.668001726
2020-03-30 13:09:00,30.663065624
2020-03-30 13:10:00,30.692682236
2020-03-30 13:11:00,30.687746134
2020-03-30 13:12:00,30.65319342
2020-03-30 13:13:00,30.6393723344
2020-03-30 13:14:00,30.672937828
2020-03-30 13:15:00,30.682810032
2020-03-30 13:16:00,30.732171052
2020-03-30 13:17:00,30.742043256
2020-03-30 13:18:00,30.732171052
2020-03-30 13:19:00,30.75191546
2020-03-30 13:20:00,30.722298848
2020-03-30 13:21:00,30.74865763268
2020-03-30 13:22:00,30.722298848
2020-03-30 13:23:00,30.697618338
2020-03-30 13:24:00,30.7203244072
2020-03-30 13:25:00,30.766723766
2020-03-30 13:26:00,30.732171052
2020-03-30 13:27:00,30.722298848
2020-03-30 13:28:00,30.72723495
2020-03-30 13:29:00,30.722298848
2020-03-30 13:30:00,30.72723495
2020-03-30 13:31:00,30.712426644
2020-03-30 13:32:00,30.72308862432
2020-03-30 13:33:00,30.722298848
2020-03-30 13:34:00,30.697618338
2020-03-30 13:35:00,30.722298848
2020-03-30 13:36:00,30.746979358
2020-03-30 13:37:00,30.742043256
2020-03-30 13:38:00,30.712426644
2020-03-30 13:39:00,30.707490542
2020-03-30 13:40:00,30.742043256
2020-03-30 13:41:00,30.717362746
2020-03-30 13:42:00,30.658129522
2020-03-30 13:43:00,30.682810032
2020-03-30 13:44:00,30.682810032
2020-03-30 13:45:00,30.65319342
2020-03-30 13:46:00,30.66316434604
2020-03-30 13:47:00,30.692682236
2020-03-30 13:48:00,30.70255444
2020-03-30 13:49:00,30.707490542
2020-03-30 13:50:00,30.742043256
2020-03-30 13:51:00,30.73029533324
2020-03-30 13:52:00,30.712426644
2020-03-30 13:53:00,30.712426644
2020-03-30 13:54:00,30.75191546
2020-03-30 13:55:00,30.75843111464
2020-03-30 13:56:00,30.712426644
2020-03-30 13:57:00,30.672937828
2020-03-30 13:58:00,30.672937828
2020-03-30 13:59:00,30.682810032
2020-03-30 14:00:00,30.682810032
2020-03-30 14:01:00,30.633449012
2020-03-30 14:02:00,30.62851291
2020-03-30 14:03:00,30.623576808
2020-03-30 14:04:00,30.6008707388
2020-03-30 14:05:00,30.623576808
2020-03-30 14:06:00,30.65319342
2020-03-30 14:07:00,30.633449012
2020-03-30 14:08:00,30.648257318
2020-03-30 14:09:00,30.6443084364
2020-03-30 14:10:00,30.613704604
2020-03-30 14:11:00,30.544599176
2020-03-30 14:12:00,30.500174258
2020-03-30 14:13:00,30.514982564
2020-03-30 14:14:00,30.54094646052
2020-03-30 14:15:00,30.564343584
2020-03-30 14:16:00,30.510046462
2020-03-30 14:17:00,30.544599176
2020-03-30 14:18:00,30.50511036
2020-03-30 14:19:00,30.514982564
2020-03-30 14:20:00,30.544599176
2020-03-30 14:21:00,30.524854768
2020-03-30 14:22:00,30.564343584
2020-03-30 14:23:00,30.6038324
2020-03-30 14:24:00,30.643321216
2020-03-30 14:25:00,30.613704604
2020-03-30 14:26:00,30.623576808
2020-03-30 14:27:00,30.6038324
2020-03-30 14:28:00,30.633449012
2020-03-30 14:29:00,30.672937828
2020-03-30 14:30:00,30.687746134
2020-03-30 14:31:00,30.712426644
2020-03-30 14:32:00,30.672937828
2020-03-30 14:33:00,30.6867589136
2020-03-30 14:34:00,30.672937828
2020-03-30 14:35:00,30.672937828
2020-03-30 14:36:00,30.692682236
2020-03-30 14:37:00,30.687746134
2020-03-30 14:38:00,30.682810032
2020-03-30 14:39:00,30.70255444
2020-03-30 14:40:00,30.722298848
2020-03-30 14:41:00,30.707490542
2020-03-30 14:42:00,30.717362746
2020-03-30 14:43:00,30.75191546
2020-03-30 14:44:00,30.746979358
2020-03-30 14:45:00,30.796340378
2020-03-30 14:46:00,30.79851226288
2020-03-30 14:47:00,30.80127648
2020-03-30 14:48:00,30.781532072
2020-03-30 14:49:00,30.781532072
2020-03-30 14:50:00,30.82595699
2020-03-30 14:51:00,30.77639852592
2020-03-30 14:52:00,30.80127648
2020-03-30 14:53:00,30.840765296
2020-03-30 14:54:00,30.830893092
2020-03-30 14:55:00,30.830893092
2020-03-30 14:56:00,30.82595699
2020-03-30 14:57:00,30.835829194
2020-03-30 14:58:00,30.821020888
2020-03-30 14:59:00,30.835829194
2020-03-30 15:00:00,30.860509704
2020-03-30 15:01:00,30.80127648
2020-03-30 15:02:00,30.835829194
2020-03-30 15:03:00,30.821020888
2020-03-30 15:04:00,30.821020888
2020-03-30 15:05:00,30.830893092
2020-03-30 15:06:00,30.811148684
2020-03-30 15:07:00,30.77659597
2020-03-30 15:08:00,30.791404276
2020-03-30 15:09:00,30.821020888
2020-03-30 15:10:00,30.87028318596
2020-03-30 15:11:00,30.890126316
2020-03-30 15:12:00,30.909870724
2020-03-30 15:13:00,30.914806826
2020-03-30 15:14:00,30.89999852
2020-03-30 15:15:00,30.904934622
2020-03-30 15:16:00,30.94935954
2020-03-30 15:17:00,30.94935954
2020-03-30 15:18:00,30.94935954
2020-03-30 15:19:00,30.934551234
2020-03-30 15:20:00,30.99872056
2020-03-30 15:21:00,31.013528866
2020-03-30 15:22:00,31.018464968
2020-03-30 15:23:00,31.038209376
2020-03-30 15:24:00,31.033273274
2020-03-30 15:25:00,30.969103948
2020-03-30 15:26:00,30.904934622
2020-03-30 15:27:00,30.929615132
2020-03-30 15:28:00,30.890126316
2020-03-30 15:29:00,30.919742928
2020-03-30 15:30:00,30.94935954
2020-03-30 15:31:00,31.018464968
2020-03-30 15:32:00,30.969103948
2020-03-30 15:33:00,31.02340107
2020-03-30 15:34:00,30.993784458
2020-03-30 15:35:00,31.04808158
2020-03-30 15:36:00,30.978976152
2020-03-30 15:37:00,30.99872056
2020-03-30 15:38:00,31.018464968
2020-03-30 15:39:00,31.082634294
2020-03-30 15:40:00,31.117187008
2020-03-30 15:41:00,31.033273274
2020-03-30 15:42:00,31.067825988
2020-03-30 15:43:00,30.99872056
2020-03-30 15:44:00,30.934551234
2020-03-30 15:45:00,31.01096209296
2020-03-30 15:46:00,31.0860895654
2020-03-30 15:47:00,31.082634294
2020-03-30 15:48:00,31.038209376
2020-03-30 15:49:00,31.05183301752
2020-03-30 15:50:00,30.978976152
2020-03-30 15:51:00,30.890126316
2020-03-30 15:52:00,30.870381908
2020-03-30 15:53:00,30.786468174
2020-03-30 15:54:00,30.80591641588
2020-03-30 15:55:00,30.860509704
2020-03-30 15:56:00,30.860509704
2020-03-30 15:57:00,30.890126316
2020-03-30 15:58:00,30.811148684
2020-03-30 15:59:00,30.746979358
2020-03-30 16:00:00,30.791404276
2020-03-31 09:31:00,30.495238156
2020-03-31 09:32:00,30.539663074
2020-03-31 09:33:00,30.534726972
2020-03-31 09:34:00,30.574215788
2020-03-31 09:35:00,30.426132728
2020-03-31 09:36:00,30.376771708
2020-03-31 09:37:00,30.347155096
2020-03-31 09:38:00,30.38170781
2020-03-31 09:39:00,30.337282892
2020-03-31 09:40:00,30.347155096
2020-03-31 09:41:00,30.426132728
2020-03-31 09:42:00,30.396516116
2020-03-31 09:43:00,30.416260524
2020-03-31 09:44:00,30.337282892
2020-03-31 09:45:00,30.297794076
2020-03-31 09:46:00,30.317538484
2020-03-31 09:47:00,30.40638832
2020-03-31 09:48:00,30.30766628
2020-03-31 09:49:00,30.386643912
2020-03-31 09:50:00,30.386643912
2020-03-31 09:51:00,30.317538484
2020-03-31 09:52:00,30.342218994
2020-03-31 09:53:00,30.376771708
2020-03-31 09:54:00,30.337282892
2020-03-31 09:55:00,30.278049668
2020-03-31 09:56:00,30.302730178
2020-03-31 09:57:00,30.278049668
2020-03-31 09:58:00,30.31566276524
2020-03-31 09:59:00,30.30766628
2020-03-31 10:00:00,30.238560852
2020-03-31 10:01:00,30.248433056
2020-03-31 10:02:00,30.218816444
2020-03-31 10:03:00,30.25830526
2020-03-31 10:04:00,30.218816444
2020-03-31 10:05:00,30.213880342
2020-03-31 10:06:00,30.218816444
2020-03-31 10:07:00,30.317538484
2020-03-31 10:08:00,30.40638832
2020-03-31 10:09:00,30.376771708
2020-03-31 10:10:00,30.396516116
2020-03-31 10:11:00,30.643321216
2020-03-31 10:12:00,30.633449012
2020-03-31 10:13:00,30.534726972
2020-03-31 10:14:00,30.61755476356
2020-03-31 10:15:00,30.593960196
2020-03-31 10:16:00,30.584087992
2020-03-31 10:17:00,30.534726972
2020-03-31 10:18:00,30.60906466812
2020-03-31 10:19:00,30.584087992
2020-03-31 10:20:00,30.613704604
2020-03-31 10:21:00,30.643321216
2020-03-31 10:22:00,30.589024094
2020-03-31 10:23:00,30.55447138
2020-03-31 10:24:00,30.549535278
2020-03-31 10:25:00,30.613704604
2020-03-31 10:26:00,30.564343584
2020-03-31 10:27:00,30.55466882408
2020-03-31 10:28:00,30.514982564
2020-03-31 10:29:00,30.574215788
2020-03-31 10:30:00,30.50511036
2020-03-31 10:31:00,30.534726972
2020-03-31 10:32:00,30.514982564
2020-03-31 10:33:00,30.514982564
2020-03-31 10:34:00,30.544599176
2020-03-31 10:35:00,30.544599176
2020-03-31 10:36:00,30.514982564
2020-03-31 10:37:00,30.544599176
2020-03-31 10:38:00,30.475493748
2020-03-31 10:39:00,30.396516116
2020-03-31 10:40:00,30.366899504
2020-03-31 10:41:00,30.445877136
2020-03-31 10:42:00,30.436004932
2020-03-31 10:43:00,30.40638832
2020-03-31 10:44:00,30.327410688
2020-03-31 10:45:00,30.38170781
2020-03-31 10:46:00,30.3417253838
2020-03-31 10:47:00,30.287921872
2020-03-31 10:48:00,30.287921872
2020-03-31 10:49:00,30.297794076
2020-03-31 10:50:00,30.263241362
2020-03-31 10:51:00,30.273113566
2020-03-31 10:52:00,30.297794076
2020-03-31 10:53:00,30.2671902436
2020-03-31 10:54:00,30.297794076
2020-03-31 10:55:00,30.268177464
2020-03-31 10:56:00,30.317538484
2020-03-31 10:57:00,30.30766628
2020-03-31 10:58:00,30.248433056
2020-03-31 10:59:00,30.223752546
2020-03-31 11:00:00,30.18426373
2020-03-31 11:01:00,30.223752546
2020-03-31 11:02:00,30.2355991908
2020-03-31 11:03:00,30.253369158
2020-03-31 11:04:00,30.23846212996
2020-03-31 11:05:00,30.28298577
2020-03-31 11:06:00,30.292857974
2020-03-31 11:07:00,30.3116151616
2020-03-31 11:08:00,30.342218994
2020-03-31 11:09:00,30.322474586
2020-03-31 11:10:00,30.30766628
2020-03-31 11:11:00,30.238560852
2020-03-31 11:12:00,30.278049668
2020-03-31 11:13:00,30.268177464
2020-03-31 11:14:00,30.263241362
2020-03-31 11:15:00,30.273113566
2020-03-31 11:16:00,30.30065701516
2020-03-31 11:17:00,30.278049668
2020-03-31 11:18:00,30.243496954
2020-03-31 11:19:00,30.238560852
2020-03-31 11:20:00,30.25830526
2020-03-31 11:21:00,30.287921872
2020-03-31 11:22:00,30.218816444
2020-03-31 11:23:00,30.20894424
2020-03-31 11:24:00,30.297794076
2020-03-31 11:25:00,30.297794076
2020-03-31 11:26:00,30.292857974
2020-03-31 11:27:00,30.248433056
2020-03-31 11:28:00,30.248433056
2020-03-31 11:29:00,30.25830526
2020-03-31 11:30:00,30.238560852
2020-03-31 11:31:00,30.29769535396
2020-03-31 11:32:00,30.292857974
2020-03-31 11:33:00,30.287921872
2020-03-31 11:34:00,30.2933515842
2020-03-31 11:35:00,30.28298577
2020-03-31 11:36:00,30.297794076
2020-03-31 11:37:00,30.25830526
2020-03-31 11:38:00,30.228688648
2020-03-31 11:39:00,30.26659791136
2020-03-31 11:40:00,30.278049668
2020-03-31 11:41:00,30.287921872
2020-03-31 11:42:00,30.297794076
2020-03-31 11:43:00,30.30766628
2020-03-31 11:44:00,30.302730178
2020-03-31 11:45:00,30.302730178
2020-03-31 11:46:00,30.29404263848
2020-03-31 11:47:00,30.297794076
2020-03-31 11:48:00,30.268177464
2020-03-31 11:49:00,30.278049668
2020-03-31 11:50:00,30.297794076
2020-03-31 11:51:00,30.287921872
2020-03-31 11:52:00,30.312602382
2020-03-31 11:53:00,30.278049668
2020-03-31 11:54:00,30.23678385528
2020-03-31 11:55:00,30.20894424
2020-03-31 11:56:00,30.189199832
2020-03-31 11:57:00,30.20894424
2020-03-31 11:58:00,30.25870014816
2020-03-31 11:59:00,30.1808084586
2020-03-31 12:00:00,30.199072036
2020-03-31 12:01:00,30.228688648
2020-03-31 12:02:00,30.189199832
2020-03-31 12:03:00,30.129966608
2020-03-31 12:04:00,30.139838812
2020-03-31 12:05:00,30.15958322
2020-03-31 12:06:00,30.179327628
2020-03-31 12:07:00,30.179327628
2020-03-31 12:08:00,30.18900238792
2020-03-31 12:09:00,30.189199832
2020-03-31 12:10:00,30.199072036
2020-03-31 12:11:00,30.20894424
2020-03-31 12:12:00,30.174391526
2020-03-31 12:13:00,30.189199832
2020-03-31 12:14:00,30.189199832
2020-03-31 12:15:00,30.179327628
2020-03-31 12:16:00,30.18426373
2020-03-31 12:17:00,30.169455424
2020-03-31 12:18:00,30.189199832
2020-03-31 12:19:00,30.18426373
2020-03-31 12:20:00,30.15958322
2020-03-31 12:21:00,30.129966608
2020-03-31 12:22:00,30.125030506
2020-03-31 12:23:00,30.13490271
2020-03-31 12:24:00,30.169455424
2020-03-31 12:25:00,30.139838812
2020-03-31 12:26:00,30.120094404
2020-03-31 12:27:00,30.129966608
2020-03-31 12:28:00,30.149711016
2020-03-31 12:29:00,30.179327628
2020-03-31 12:30:00,30.179327628
2020-03-31 12:31:00,30.13490271
2020-03-31 12:32:00,30.120094404
2020-03-31 12:33:00,30.129966608
2020-03-31 12:34:00,30.1102222
2020-03-31 12:35:00,30.120094404
2020-03-31 12:36:00,30.1102222
2020-03-31 12:37:00,30.129966608
2020-03-31 12:38:00,30.1102222
2020-03-31 12:39:00,30.021372364
2020-03-31 12:40:00,29.932522528
2020-03-31 12:41:00,29.991755752
2020-03-31 12:42:00,30.021372364
2020-03-31 12:43:00,30.03618067
2020-03-31 12:44:00,30.006564058
2020-03-31 12:45:00,29.9804027174
2020-03-31 12:46:00,29.991755752
2020-03-31 12:47:00,29.996691854
2020-03-31 12:48:00,30.021372364
2020-03-31 12:49:00,29.98918897896
2020-03-31 12:50:00,29.991755752
2020-03-31 12:51:00,29.981883548
2020-03-31 12:52:00,29.991755752
2020-03-31 12:53:00,30.006564058
2020-03-31 12:54:00,30.006564058
2020-03-31 12:55:00,30.01150016
2020-03-31 12:56:00,30.001627956
2020-03-31 12:57:00,30.00152923396
2020-03-31 12:58:00,29.981883548
2020-03-31 12:59:00,29.991755752
2020-03-31 13:00:00,29.976947446
2020-03-31 13:01:00,29.991755752
2020-03-31 13:02:00,29.991755752
2020-03-31 13:03:00,29.991755752
2020-03-31 13:04:00,30.001627956
2020-03-31 13:05:00,29.972011344
2020-03-31 13:06:00,30.001627956
2020-03-31 13:07:00,29.981883548
2020-03-31 13:08:00,30.0026151764
2020-03-31 13:09:00,29.991755752
2020-03-31 13:10:00,30.070733384
2020-03-31 13:11:00,30.041116772
2020-03-31 13:12:00,30.06086118
2020-03-31 13:13:00,30.050988976
2020-03-31 13:14:00,30.050988976
2020-03-31 13:15:00,30.075669486
2020-03-31 13:16:00,30.06086118
2020-03-31 13:17:00,30.100349996
2020-03-31 13:18:00,30.090477792
2020-03-31 13:19:00,30.06017012572
2020-03-31 13:20:00,30.070733384
2020-03-31 13:21:00,30.03618067
2020-03-31 13:22:00,29.981883548
2020-03-31 13:23:00,29.991755752
2020-03-31 13:24:00,30.016436262
2020-03-31 13:25:00,29.98681965
2020-03-31 13:26:00,30.031244568
2020-03-31 13:27:00,30.001627956
2020-03-31 13:28:00,30.041116772
2020-03-31 13:29:00,30.00972316328
2020-03-31 13:30:00,30.06086118
2020-03-31 13:31:00,30.01663370608
2020-03-31 13:32:00,30.0381551108
2020-03-31 13:33:00,30.080605588
2020-03-31 13:34:00,30.06086118
2020-03-31 13:35:00,30.08554169
2020-03-31 13:36:00,30.080605588
2020-03-31 13:37:00,30.105286098
2020-03-31 13:38:00,30.100349996
2020-03-31 13:39:00,30.095413894
2020-03-31 13:40:00,30.1102222
2020-03-31 13:41:00,30.070733384
2020-03-31 13:42:00,30.080605588
2020-03-31 13:43:00,30.09057651404
2020-03-31 13:44:00,30.100349996
2020-03-31 13:45:00,30.070733384
2020-03-31 13:46:00,30.100349996
2020-03-31 13:47:00,30.105286098
2020-03-31 13:48:00,30.115158302
2020-03-31 13:49:00,30.115158302
2020-03-31 13:50:00,30.1102222
2020-03-31 13:51:00,30.031244568
2020-03-31 13:52:00,29.981883548
2020-03-31 13:53:00,30.021372364
2020-03-31 13:54:00,30.041116772
2020-03-31 13:55:00,30.01150016
2020-03-31 13:56:00,30.041116772
2020-03-31 13:57:00,30.090477792
2020-03-31 13:58:00,30.080605588
2020-03-31 13:59:00,30.090477792
2020-03-31 14:00:00,30.125030506
2020-03-31 14:01:00,30.080605588
2020-03-31 14:02:00,30.065797282
2020-03-31 14:03:00,30.031244568
2020-03-31 14:04:00,30.001627956
2020-03-31 14:05:00,30.006564058
2020-03-31 14:06:00,30.021372364
2020-03-31 14:07:00,30.006564058
2020-03-31 14:08:00,30.016436262
2020-03-31 14:09:00,30.03618067
2020-03-31 14:10:00,30.01071038368
2020-03-31 14:11:00,30.050988976
2020-03-31 14:12:00,30.041116772
2020-03-31 14:13:00,30.031244568
2020-03-31 14:14:00,30.031244568
2020-03-31 14:15:00,30.021372364
2020-03-31 14:16:00,30.031244568
2020-03-31 14:17:00,30.01150016
2020-03-31 14:18:00,30.021372364
2020-03-31 14:19:00,30.01150016
2020-03-31 14:20:00,30.02769057456
2020-03-31 14:21:00,30.031244568
2020-03-31 14:22:00,30.006564058
2020-03-31 14:23:00,30.01150016
2020-03-31 14:24:00,30.016436262
2020-03-31 14:25:00,30.021372364
2020-03-31 14:26:00,30.050988976
2020-03-31 14:27:00,30.016436262
2020-03-31 14:28:00,30.026308466
2020-03-31 14:29:00,30.050988976
2020-03-31 14:30:00,30.0031087866
2020-03-31 14:31:00,30.021372364
2020-03-31 14:32:00,30.031244568
2020-03-31 14:33:00,30.0253212456
2020-03-31 14:34:00,30.050988976
2020-03-31 14:35:00,30.0702397738
2020-03-31 14:36:00,30.04101804996
2020-03-31 14:37:00,30.031244568
2020-03-31 14:38:00,30.041116772
2020-03-31 14:39:00,30.070733384
2020-03-31 14:40:00,30.070733384
2020-03-31 14:41:00,30.021372364
2020-03-31 14:42:00,29.981883548
2020-03-31 14:43:00,30.021372364
2020-03-31 14:44:00,30.021372364
2020-03-31 14:45:00,30.021372364
2020-03-31 14:46:00,29.952266936
2020-03-31 14:47:00,29.932522528
2020-03-31 14:48:00,29.972011344
2020-03-31 14:49:00,29.981883548
2020-03-31 14:50:00,29.902905916
2020-03-31 14:51:00,29.893033712
2020-03-31 14:52:00,29.893033712
2020-03-31 14:53:00,29.878225406
2020-03-31 14:54:00,29.843672692
2020-03-31 14:55:00,29.828864386
2020-03-31 14:56:00,29.833800488
2020-03-31 14:57:00,29.858480998
2020-03-31 14:58:00,29.858480998
2020-03-31 14:59:00,29.823928284
2020-03-31 15:00:00,29.8416982512
2020-03-31 15:01:00,29.823928284
2020-03-31 15:02:00,29.873289304
2020-03-31 15:03:00,29.843672692
2020-03-31 15:04:00,29.833800488
2020-03-31 15:05:00,29.818992182
2020-03-31 15:06:00,29.843672692
2020-03-31 15:07:00,29.799247774
2020-03-31 15:08:00,29.81405608
2020-03-31 15:09:00,29.853544896
2020-03-31 15:10:00,29.893033712
2020-03-31 15:11:00,29.818992182
2020-03-31 15:12:00,29.81405608
2020-03-31 15:13:00,29.833800488
2020-03-31 15:14:00,29.833800488
2020-03-31 15:15:00,29.784439468
2020-03-31 15:16:00,29.81405608
2020-03-31 15:17:00,29.818992182
2020-03-31 15:18:00,29.853544896
2020-03-31 15:19:00,29.818992182
2020-03-31 15:20:00,29.794311672
2020-03-31 15:21:00,29.794311672
2020-03-31 15:22:00,29.794311672
2020-03-31 15:23:00,29.784439468
2020-03-31 15:24:00,29.779503366
2020-03-31 15:25:00,29.774567264
2020-03-31 15:26:00,29.809119978
2020-03-31 15:27:00,29.78453819004
2020-03-31 15:28:00,29.78947429204
2020-03-31 15:29:00,29.784439468
2020-03-31 15:30:00,29.7459378724
2020-03-31 15:31:00,29.735078448
2020-03-31 15:32:00,29.720270142
2020-03-31 15:33:00,29.725206244
2020-03-31 15:34:00,29.705461836
2020-03-31 15:35:00,29.74001455
2020-03-31 15:36:00,29.735078448
2020-03-31 15:37:00,29.754822856
2020-03-31 15:38:00,29.77792381336
2020-03-31 15:39:00,29.81405608
2020-03-31 15:40:00,29.848608794
2020-03-31 15:41:00,29.85680272332
2020-03-31 15:42:00,29.83054266068
2020-03-31 15:43:00,29.769631162
2020-03-31 15:44:00,29.759758958
2020-03-31 15:45:00,29.754822856
2020-03-31 15:46:00,29.710397938
2020-03-31 15:47:00,29.7429762112
2020-03-31 15:48:00,29.735078448
2020-03-31 15:49:00,29.73132701048
2020-03-31 15:50:00,29.646228612
2020-03-31 15:51:00,29.853544896
2020-03-31 15:52:00,29.74001455
2020-03-31 15:53:00,29.74001455
2020-03-31 15:54:00,29.77298771136
2020-03-31 15:55:00,29.685717428
2020-03-31 15:56:00,29.646228612
2020-03-31 15:57:00,29.656100816
2020-03-31 15:58:00,29.670909122
2020-03-31 15:59:00,29.56725098
2020-03-31 16:00:00,29.675845224
2020-04-01 09:31:00,29.1230018
2020-04-01 09:32:00,29.137810106
2020-04-01 09:33:00,29.093385188
2020-04-01 09:34:00,29.07364078
2020-04-01 09:35:00,29.103257392
2020-04-01 09:36:00,29.132874004
2020-04-01 09:37:00,29.22172384
2020-04-01 09:38:00,29.22172384
2020-04-01 09:39:00,29.22172384
2020-04-01 09:40:00,29.1230018
2020-04-01 09:41:00,29.019343658
2020-04-01 09:42:00,28.905813312
2020-04-01 09:43:00,28.945302128
2020-04-01 09:44:00,29.07364078
2020-04-01 09:45:00,29.063768576
2020-04-01 09:46:00,29.113129596
2020-04-01 09:47:00,29.083512984
2020-04-01 09:48:00,29.093385188
2020-04-01 09:49:00,29.06169541316
2020-04-01 09:50:00,29.083512984
2020-04-01 09:51:00,29.09832129
2020-04-01 09:52:00,29.132874004
2020-04-01 09:53:00,29.14768231
2020-04-01 09:54:00,29.261212656
2020-04-01 09:55:00,29.251340452
2020-04-01 09:56:00,29.266148758
2020-04-01 09:57:00,29.2962589802
2020-04-01 09:58:00,29.290829268
2020-04-01 09:59:00,29.226659942
2020-04-01 10:00:00,29.300701472
2020-04-01 10:01:00,29.211851636
2020-04-01 10:02:00,29.261212656
2020-04-01 10:03:00,29.231596044
2020-04-01 10:04:00,29.162490616
2020-04-01 10:05:00,29.113129596
2020-04-01 10:06:00,29.034151964
2020-04-01 10:07:00,29.03257241136
2020-04-01 10:08:00,28.984790944
2020-04-01 10:09:00,29.04896027
2020-04-01 10:10:00,29.07364078
2020-04-01 10:11:00,29.02427976
2020-04-01 10:12:00,29.019343658
2020-04-01 10:13:00,29.034151964
2020-04-01 10:14:00,29.02427976
2020-04-01 10:15:00,29.078576882
2020-04-01 10:16:00,29.09832129
2020-04-01 10:17:00,29.083512984
2020-04-01 10:18:00,29.103257392
2020-04-01 10:19:00,29.063768576
2020-04-01 10:20:00,29.04896027
2020-04-01 10:21:00,29.068704678
2020-04-01 10:22:00,29.093385188
2020-04-01 10:23:00,29.137810106
2020-04-01 10:24:00,29.118065698
2020-04-01 10:25:00,29.083512984
2020-04-01 10:26:00,29.1230018
2020-04-01 10:27:00,29.127937902
2020-04-01 10:28:00,29.088449086
2020-04-01 10:29:00,29.093385188
2020-04-01 10:30:00,29.063768576
2020-04-01 10:31:00,29.039088066
2020-04-01 10:32:00,29.118065698
2020-04-01 10:33:00,29.113129596
2020-04-01 10:34:00,29.118065698
2020-04-01 10:35:00,29.093385188
2020-04-01 10:36:00,29.113129596
2020-04-01 10:37:00,29.103257392
2020-04-01 10:38:00,29.152618412
2020-04-01 10:39:00,29.132874004
2020-04-01 10:40:00,29.118065698
2020-04-01 10:41:00,29.1230018
2020-04-01 10:42:00,29.083512984
2020-04-01 10:43:00,29.127937902
2020-04-01 10:44:00,29.113129596
2020-04-01 10:45:00,29.103257392
2020-04-01 10:46:00,29.11194493152
2020-04-01 10:47:00,29.113129596
2020-04-01 10:48:00,29.07364078
2020-04-01 10:49:00,29.0153947764
2020-04-01 10:50:00,28.965046536
2020-04-01 10:51:00,28.994663148
2020-04-01 10:52:00,28.994663148
2020-04-01 10:53:00,29.034151964
2020-04-01 10:54:00,29.009471454
2020-04-01 10:55:00,29.014407556
2020-04-01 10:56:00,28.969982638
2020-04-01 10:57:00,28.97491874
2020-04-01 10:58:00,28.910749414
2020-04-01 10:59:00,28.90087721
2020-04-01 11:00:00,28.97491874
2020-04-01 11:01:00,28.994663148
2020-04-01 11:02:00,28.99397209372
2020-04-01 11:03:00,28.994663148
2020-04-01 11:04:00,29.02427976
2020-04-01 11:05:00,29.014407556
2020-04-01 11:06:00,28.965046536
2020-04-01 11:07:00,28.965046536
2020-04-01 11:08:00,29.004535352
2020-04-01 11:09:00,28.994663148
2020-04-01 11:10:00,29.014407556
2020-04-01 11:11:00,29.039088066
2020-04-01 11:12:00,29.02427976
2020-04-01 11:13:00,29.029215862
2020-04-01 11:14:00,29.02427976
2020-04-01 11:15:00,29.029215862
2020-04-01 11:16:00,29.004535352
2020-04-01 11:17:00,28.994663148
2020-04-01 11:18:00,29.044024168
2020-04-01 11:19:00,29.044024168
2020-04-01 11:20:00,29.034151964
2020-04-01 11:21:00,29.044024168
2020-04-01 11:22:00,29.034151964
2020-04-01 11:23:00,29.053896372
2020-04-01 11:24:00,29.034151964
2020-04-01 11:25:00,29.044024168
2020-04-01 11:26:00,29.063768576
2020-04-01 11:27:00,29.039088066
2020-04-01 11:28:00,29.004535352
2020-04-01 11:29:00,28.984790944
2020-04-01 11:30:00,28.969982638
2020-04-01 11:31:00,28.994663148
2020-04-01 11:32:00,28.98488966604
2020-04-01 11:33:00,29.004535352
2020-04-01 11:34:00,29.014407556
2020-04-01 11:35:00,29.00818806748
2020-04-01 11:36:00,29.004535352
2020-04-01 11:37:00,28.97491874
2020-04-01 11:38:00,28.994663148
2020-04-01 11:39:00,28.994663148
2020-04-01 11:40:00,28.940366026
2020-04-01 11:41:00,28.92960532364
2020-04-01 11:42:00,28.92555772
2020-04-01 11:43:00,28.994663148
2020-04-01 11:44:00,28.99959925
2020-04-01 11:45:00,29.014407556
2020-04-01 11:46:00,29.014407556
2020-04-01 11:47:00,28.965046536
2020-04-01 11:48:00,28.915685516
2020-04-01 11:49:00,28.915685516
2020-04-01 11:50:00,28.935429924
2020-04-01 11:51:00,28.955174332
2020-04-01 11:52:00,28.945302128
2020-04-01 11:53:00,28.93552864604
2020-04-01 11:54:00,28.945302128
2020-04-01 11:55:00,28.945302128
2020-04-01 11:56:00,28.940366026
2020-04-01 11:57:00,28.920621618
2020-04-01 11:58:00,28.930493822
2020-04-01 11:59:00,28.945302128
2020-04-01 12:00:00,28.8761967
2020-04-01 12:01:00,28.866324496
2020-04-01 12:02:00,28.812027374
2020-04-01 12:03:00,28.787346864
2020-04-01 12:04:00,28.831771782
2020-04-01 12:05:00,28.782410762
2020-04-01 12:06:00,28.831771782
2020-04-01 12:07:00,28.831771782
2020-04-01 12:08:00,28.836707884
2020-04-01 12:09:00,28.866324496
2020-04-01 12:10:00,28.84628392188
2020-04-01 12:11:00,28.90087721
2020-04-01 12:12:00,28.895941108
2020-04-01 12:13:00,28.856452292
2020-04-01 12:14:00,28.866324496
2020-04-01 12:15:00,28.8761967
2020-04-01 12:16:00,28.8761967
2020-04-01 12:17:00,28.816963476
2020-04-01 12:18:00,28.787346864
2020-04-01 12:19:00,28.77747466
2020-04-01 12:20:00,28.787346864
2020-04-01 12:21:00,28.797219068
2020-04-01 12:22:00,28.856452292
2020-04-01 12:23:00,28.82683568
2020-04-01 12:24:00,28.821899578
2020-04-01 12:25:00,28.80867082464
2020-04-01 12:26:00,28.836707884
2020-04-01 12:27:00,28.836707884
2020-04-01 12:28:00,28.856452292
2020-04-01 12:29:00,28.846580088
2020-04-01 12:30:00,28.846580088
2020-04-01 12:31:00,28.893473057
2020-04-01 12:32:00,28.846580088
2020-04-01 12:33:00,28.856452292
2020-04-01 12:34:00,28.866324496
2020-04-01 12:35:00,28.866324496
2020-04-01 12:36:00,28.856452292
2020-04-01 12:37:00,28.881132802
2020-04-01 12:38:00,28.85664973608
2020-04-01 12:39:00,28.787346864
2020-04-01 12:40:00,28.787346864
2020-04-01 12:41:00,28.72811364
2020-04-01 12:42:00,28.659008212
2020-04-01 12:43:00,28.58003058
2020-04-01 12:44:00,28.570158376
2020-04-01 12:45:00,28.624455498
2020-04-01 12:46:00,28.698497028
2020-04-01 12:47:00,28.659008212
2020-04-01 12:48:00,28.708369232
2020-04-01 12:49:00,28.659008212
2020-04-01 12:50:00,28.663944314
2020-04-01 12:51:00,28.644199906
2020-04-01 12:52:00,28.609647192
2020-04-01 12:53:00,28.471436336
2020-04-01 12:54:00,28.550413968
2020-04-01 12:55:00,28.570158376
2020-04-01 12:56:00,28.62929287796
2020-04-01 12:57:00,28.619519396
2020-04-01 12:58:00,28.609647192
2020-04-01 12:59:00,28.60471109
2020-04-01 13:00:00,28.565222274
2020-04-01 13:01:00,28.4971040664
2020-04-01 13:02:00,28.446755826
2020-04-01 13:03:00,28.48130854
2020-04-01 13:04:00,28.550413968
2020-04-01 13:05:00,28.520797356
2020-04-01 13:06:00,28.520797356
2020-04-01 13:07:00,28.48130854
2020-04-01 13:08:00,28.461564132
2020-04-01 13:09:00,28.441819724
2020-04-01 13:10:00,28.466500234
2020-04-01 13:11:00,28.451691928
2020-04-01 13:12:00,28.49137818808
2020-04-01 13:13:00,28.540541764
2020-04-01 13:14:00,28.501052948
2020-04-01 13:15:00,28.491180744
2020-04-01 13:16:00,28.50598905
2020-04-01 13:17:00,28.501052948
2020-04-01 13:18:00,28.496116846
2020-04-01 13:19:00,28.50598905
2020-04-01 13:20:00,28.510925152
2020-04-01 13:21:00,28.520797356
2020-04-01 13:22:00,28.560286172
2020-04-01 13:23:00,28.609647192
2020-04-01 13:24:00,28.609647192
2020-04-01 13:25:00,28.58003058
2020-04-01 13:26:00,28.589902784
2020-04-01 13:27:00,28.589902784
2020-04-01 13:28:00,28.550413968
2020-04-01 13:29:00,28.53066956
2020-04-01 13:30:00,28.570158376
2020-04-01 13:31:00,28.550413968
2020-04-01 13:32:00,28.510925152
2020-04-01 13:33:00,28.50598905
2020-04-01 13:34:00,28.501052948
2020-04-01 13:35:00,28.491180744
2020-04-01 13:36:00,28.520797356
2020-04-01 13:37:00,28.53066956
2020-04-01 13:38:00,28.560286172
2020-04-01 13:39:00,28.54439192356
2020-04-01 13:40:00,28.5597925618
2020-04-01 13:41:00,28.53076828204
2020-04-01 13:42:00,28.550413968
2020-04-01 13:43:00,28.560286172
2020-04-01 13:44:00,28.58003058
2020-04-01 13:45:00,28.599774988
2020-04-01 13:46:00,28.550413968
2020-04-01 13:47:00,28.570158376
2020-04-01 13:48:00,28.584966682
2020-04-01 13:49:00,28.58328840732
2020-04-01 13:50:00,28.575094478
2020-04-01 13:51:00,28.550413968
2020-04-01 13:52:00,28.5509075782
2020-04-01 13:53:00,28.584966682
2020-04-01 13:54:00,28.584966682
2020-04-01 13:55:00,28.58003058
2020-04-01 13:56:00,28.565222274
2020-04-01 13:57:00,28.55535007
2020-04-01 13:58:00,28.53066956
2020-04-01 13:59:00,28.55535007
2020-04-01 14:00:00,28.570158376
2020-04-01 14:01:00,28.565222274
2020-04-01 14:02:00,28.53066956
2020-04-01 14:03:00,28.570158376
2020-04-01 14:04:00,28.624455498
2020-04-01 14:05:00,28.609647192
2020-04-01 14:06:00,28.6293916
2020-04-01 14:07:00,28.619519396
2020-04-01 14:08:00,28.619519396
2020-04-01 14:09:00,28.609647192
2020-04-01 14:10:00,28.609647192
2020-04-01 14:11:00,28.619519396
2020-04-01 14:12:00,28.619519396
2020-04-01 14:13:00,28.614583294
2020-04-01 14:14:00,28.61547179236
2020-04-01 14:15:00,28.565222274
2020-04-01 14:16:00,28.589902784
2020-04-01 14:17:00,28.55535007
2020-04-01 14:18:00,28.560286172
2020-04-01 14:19:00,28.570158376
2020-04-01 14:20:00,28.565222274
2020-04-01 14:21:00,28.594838886
2020-04-01 14:22:00,28.619519396
2020-04-01 14:23:00,28.584966682
2020-04-01 14:24:00,28.58003058
2020-04-01 14:25:00,28.560286172
2020-04-01 14:26:00,28.59148233664
2020-04-01 14:27:00,28.599774988
2020-04-01 14:28:00,28.599774988
2020-04-01 14:29:00,28.59750438108
2020-04-01 14:30:00,28.589902784
2020-04-01 14:31:00,28.545477866
2020-04-01 14:32:00,28.550413968
2020-04-01 14:33:00,28.540541764
2020-04-01 14:34:00,28.55535007
2020-04-01 14:35:00,28.560286172
2020-04-01 14:36:00,28.565222274
2020-04-01 14:37:00,28.58003058
2020-04-01 14:38:00,28.570158376
2020-04-01 14:39:00,28.545477866
2020-04-01 14:40:00,28.614583294
2020-04-01 14:41:00,28.609647192
2020-04-01 14:42:00,28.609647192
2020-04-01 14:43:00,28.609647192
2020-04-01 14:44:00,28.599774988
2020-04-01 14:45:00,28.599774988
2020-04-01 14:46:00,28.599774988
2020-04-01 14:47:00,28.550413968
2020-04-01 14:48:00,28.520797356
2020-04-01 14:49:00,28.53066956
2020-04-01 14:50:00,28.53066956
2020-04-01 14:51:00,28.550413968
2020-04-01 14:52:00,28.545477866
2020-04-01 14:53:00,28.540541764
2020-04-01 14:54:00,28.540541764
2020-04-01 14:55:00,28.535605662
2020-04-01 14:56:00,28.535605662
2020-04-01 14:57:00,28.535605662
2020-04-01 14:58:00,28.510925152
2020-04-01 14:59:00,28.491180744
2020-04-01 15:00:00,28.471436336
2020-04-01 15:01:00,28.496116846
2020-04-01 15:02:00,28.501052948
2020-04-01 15:03:00,28.491180744
2020-04-01 15:04:00,28.48130854
2020-04-01 15:05:00,28.476372438
2020-04-01 15:06:00,28.491180744
2020-04-01 15:07:00,28.461564132
2020-04-01 15:08:00,28.451691928
2020-04-01 15:09:00,28.43194752
2020-04-01 15:10:00,28.43194752
2020-04-01 15:11:00,28.397394806
2020-04-01 15:12:00,28.367778194
2020-04-01 15:13:00,28.343097684
2020-04-01 15:14:00,28.362842092
2020-04-01 15:15:00,28.33322548
2020-04-01 15:16:00,28.33322548
2020-04-01 15:17:00,28.343097684
2020-04-01 15:18:00,28.343097684
2020-04-01 15:19:00,28.264120052
2020-04-01 15:20:00,28.23608299264
2020-04-01 15:21:00,28.244375644
2020-04-01 15:22:00,28.278928358
2020-04-01 15:23:00,28.244375644
2020-04-01 15:24:00,28.249311746
2020-04-01 15:25:00,28.249311746
2020-04-01 15:26:00,28.271524205
2020-04-01 15:27:00,28.239439542
2020-04-01 15:28:00,28.214759032
2020-04-01 15:29:00,28.165398012
2020-04-01 15:30:00,28.170334114
2020-04-01 15:31:00,28.219695134
2020-04-01 15:32:00,28.362842092
2020-04-01 15:33:00,28.362842092
2020-04-01 15:34:00,28.303608868
2020-04-01 15:35:00,28.25918395
2020-04-01 15:36:00,28.288800562
2020-04-01 15:37:00,28.244375644
2020-04-01 15:38:00,28.288800562
2020-04-01 15:39:00,28.264120052
2020-04-01 15:40:00,28.23450344
2020-04-01 15:41:00,28.28386446
2020-04-01 15:42:00,28.249311746
2020-04-01 15:43:00,28.214759032
2020-04-01 15:44:00,28.153057757
2020-04-01 15:45:00,28.18514242
2020-04-01 15:46:00,28.25918395
2020-04-01 15:47:00,28.273992256
2020-04-01 15:48:00,28.254247848
2020-04-01 15:49:00,28.269056154
2020-04-01 15:50:00,28.244375644
2020-04-01 15:51:00,28.293736664
2020-04-01 15:52:00,28.318417174
2020-04-01 15:53:00,28.31357979404
2020-04-01 15:54:00,28.288800562
2020-04-01 15:55:00,28.298672766
2020-04-01 15:56:00,28.397394806
2020-04-01 15:57:00,28.387522602
2020-04-01 15:58:00,28.402330908
2020-04-01 15:59:00,28.422075316
2020-04-01 16:00:00,28.412203112
2020-04-02 09:31:00,28.027187156
2020-04-02 09:32:00,28.106164788
2020-04-02 09:33:00,28.224631236
2020-04-02 09:34:00,28.204886828
2020-04-02 09:35:00,28.264120052
2020-04-02 09:36:00,28.313481072
2020-04-02 09:37:00,28.303608868
2020-04-02 09:38:00,28.244375644
2020-04-02 09:39:00,28.244375644
2020-04-02 09:40:00,28.293736664
2020-04-02 09:41:00,28.362842092
2020-04-02 09:42:00,28.33322548
2020-04-02 09:43:00,28.352969888
2020-04-02 09:44:00,28.298672766
2020-04-02 09:45:00,28.293736664
2020-04-02 09:46:00,28.175270216
2020-04-02 09:47:00,28.204886828
2020-04-02 09:48:00,28.23450344
2020-04-02 09:49:00,28.229567338
2020-04-02 09:50:00,28.264120052
2020-04-02 09:51:00,28.291268613
2020-04-02 09:52:00,28.352969888
2020-04-02 09:53:00,28.392458704
2020-04-02 09:54:00,28.3613612614
2020-04-02 09:55:00,28.298672766
2020-04-02 09:56:00,28.362842092
2020-04-02 09:57:00,28.372714296
2020-04-02 09:58:00,28.451691928
2020-04-02 09:59:00,28.48130854
2020-04-02 10:00:00,28.510925152
2020-04-02 10:01:00,28.446755826
2020-04-02 10:02:00,28.491180744
2020-04-02 10:03:00,28.570158376
2020-04-02 10:04:00,28.540541764
2020-04-02 10:05:00,28.50598905
2020-04-02 10:06:00,28.48130854
2020-04-02 10:07:00,28.422075316
2020-04-02 10:08:00,28.486244642
2020-04-02 10:09:00,28.520797356
2020-04-02 10:10:00,28.50598905
2020-04-02 10:11:00,28.53066956
2020-04-02 10:12:00,28.525733458
2020-04-02 10:13:00,28.5321503906
2020-04-02 10:14:00,28.496116846
2020-04-02 10:15:00,28.53066956
2020-04-02 10:16:00,28.476372438
2020-04-02 10:17:00,28.461564132
2020-04-02 10:18:00,28.501052948
2020-04-02 10:19:00,28.589902784
2020-04-02 10:20:00,28.649136008
2020-04-02 10:21:00,28.72811364
2020-04-02 10:22:00,28.76454207276
2020-04-02 10:23:00,28.80699254996
2020-04-02 10:24:00,28.797219068
2020-04-02 10:25:00,28.747858048
2020-04-02 10:26:00,28.737985844
2020-04-02 10:27:00,28.767602456
2020-04-02 10:28:00,28.693560926
2020-04-02 10:29:00,28.708369232
2020-04-02 10:30:00,28.77747466
2020-04-02 10:31:00,28.891005006
2020-04-02 10:32:00,28.856452292
2020-04-02 10:33:00,28.797219068
2020-04-02 10:34:00,28.767602456
2020-04-02 10:35:00,28.797219068
2020-04-02 10:36:00,28.905813312
2020-04-02 10:37:00,28.866324496
2020-04-02 10:38:00,28.90087721
2020-04-02 10:39:00,28.90087721
2020-04-02 10:40:00,28.886068904
2020-04-02 10:41:00,28.807091272
2020-04-02 10:42:00,28.77747466
2020-04-02 10:43:00,28.747858048
2020-04-02 10:44:00,28.72811364
2020-04-02 10:45:00,28.747858048
2020-04-02 10:46:00,28.816963476
2020-04-02 10:47:00,28.708369232
2020-04-02 10:48:00,28.718241436
2020-04-02 10:49:00,28.77747466
2020-04-02 10:50:00,28.757730252
2020-04-02 10:51:00,28.767602456
2020-04-02 10:52:00,28.77747466
2020-04-02 10:53:00,28.713305334
2020-04-02 10:54:00,28.757730252
2020-04-02 10:55:00,28.767602456
2020-04-02 10:56:00,28.77145261556
2020-04-02 10:57:00,28.8761967
2020-04-02 10:58:00,28.89752066064
2020-04-02 10:59:00,28.935429924
2020-04-02 11:00:00,28.94806634512
2020-04-02 11:01:00,28.915685516
2020-04-02 11:02:00,28.92555772
2020-04-02 11:03:00,28.905813312
2020-04-02 11:04:00,28.856452292
2020-04-02 11:05:00,28.856452292
2020-04-02 11:06:00,28.856452292
2020-04-02 11:07:00,28.94224174476
2020-04-02 11:08:00,28.910749414
2020-04-02 11:09:00,28.905813312
2020-04-02 11:10:00,28.910749414
2020-04-02 11:11:00,28.85635356996
2020-04-02 11:12:00,28.836707884
2020-04-02 11:13:00,28.886068904
2020-04-02 11:14:00,28.895941108
2020-04-02 11:15:00,28.895941108
2020-04-02 11:16:00,28.965046536
2020-04-02 11:17:00,29.014407556
2020-04-02 11:18:00,28.984790944
2020-04-02 11:19:00,28.99959925
2020-04-02 11:20:00,28.96396059356
2020-04-02 11:21:00,28.92555772
2020-04-02 11:22:00,28.97462257388
2020-04-02 11:23:00,28.75782897404
2020-04-02 11:24:00,28.797219068
2020-04-02 11:25:00,28.82683568
2020-04-02 11:26:00,28.816963476
2020-04-02 11:27:00,28.782410762
2020-04-02 11:28:00,28.77747466
2020-04-02 11:29:00,28.807091272
2020-04-02 11:30:00,28.831771782
2020-04-02 11:31:00,28.816963476
2020-04-02 11:32:00,28.80215517
2020-04-02 11:33:00,28.82683568
2020-04-02 11:34:00,28.846580088
2020-04-02 11:35:00,28.797219068
2020-04-02 11:36:00,28.82683568
2020-04-02 11:37:00,28.82683568
2020-04-02 11:38:00,28.767602456
2020-04-02 11:39:00,28.708369232
2020-04-02 11:40:00,28.733049742
2020-04-02 11:41:00,28.7562494214
2020-04-02 11:42:00,28.82683568
2020-04-02 11:43:00,28.812027374
2020-04-02 11:44:00,28.807091272
2020-04-02 11:45:00,28.772538558
2020-04-02 11:46:00,28.7745129988
2020-04-02 11:47:00,28.772538558
2020-04-02 11:48:00,28.836707884
2020-04-02 11:49:00,28.886068904
2020-04-02 11:50:00,28.90087721
2020-04-02 11:51:00,28.856452292
2020-04-02 11:52:00,28.807091272
2020-04-02 11:53:00,28.782410762
2020-04-02 11:54:00,28.82683568
2020-04-02 11:55:00,28.77747466
2020-04-02 11:56:00,28.757730252
2020-04-02 11:57:00,28.871260598
2020-04-02 11:58:00,28.841643986
2020-04-02 11:59:00,28.821899578
2020-04-02 12:00:00,28.787346864
2020-04-02 12:01:00,28.77747466
2020-04-02 12:02:00,28.772538558
2020-04-02 12:03:00,28.807091272
2020-04-02 12:04:00,28.797219068
2020-04-02 12:05:00,28.82683568
2020-04-02 12:06:00,28.895941108
2020-04-02 12:07:00,28.895941108
2020-04-02 12:08:00,28.841643986
2020-04-02 12:09:00,28.80215517
2020-04-02 12:10:00,28.757730252
2020-04-02 12:11:00,28.757730252
2020-04-02 12:12:00,28.797219068
2020-04-02 12:13:00,28.856452292
2020-04-02 12:14:00,28.82683568
2020-04-02 12:15:00,28.836707884
2020-04-02 12:16:00,28.82673695796
2020-04-02 12:17:00,28.757730252
2020-04-02 12:18:00,28.782410762
2020-04-02 12:19:00,28.772538558
2020-04-02 12:20:00,28.757730252
2020-04-02 12:21:00,28.77747466
2020-04-02 12:22:00,28.72811364
2020-04-02 12:23:00,28.693560926
2020-04-02 12:24:00,28.688624824
2020-04-02 12:25:00,28.668880416
2020-04-02 12:26:00,28.698497028
2020-04-02 12:27:00,28.747858048
2020-04-02 12:28:00,28.708369232
2020-04-02 12:29:00,28.688624824
2020-04-02 12:30:00,28.619519396
2020-04-02 12:31:00,28.649136008
2020-04-02 12:32:00,28.624455498
2020-04-02 12:33:00,28.60954846996
2020-04-02 12:34:00,28.639263804
2020-04-02 12:35:00,28.62228361312
2020-04-02 12:36:00,28.639263804
2020-04-02 12:37:00,28.644199906
2020-04-02 12:38:00,28.659008212
2020-04-02 12:39:00,28.6293916
2020-04-02 12:40:00,28.624455498
2020-04-02 12:41:00,28.609647192
2020-04-02 12:42:00,28.668880416
2020-04-02 12:43:00,28.663944314
2020-04-02 12:44:00,28.659008212
2020-04-02 12:45:00,28.6624634834
2020-04-02 12:46:00,28.673816518
2020-04-02 12:47:00,28.72811364
2020-04-02 12:48:00,28.737985844
2020-04-02 12:49:00,28.718241436
2020-04-02 12:50:00,28.72811364
2020-04-02 12:51:00,28.723177538
2020-04-02 12:52:00,28.70343313
2020-04-02 12:53:00,28.698497028
2020-04-02 12:54:00,28.718241436
2020-04-02 12:55:00,28.72811364
2020-04-02 12:56:00,28.67875262
2020-04-02 12:57:00,28.659008212
2020-04-02 12:58:00,28.668880416
2020-04-02 12:59:00,28.668880416
2020-04-02 13:00:00,28.708369232
2020-04-02 13:01:00,28.688624824
2020-04-02 13:02:00,28.718241436
2020-04-02 13:03:00,28.767602456
2020-04-02 13:04:00,28.757730252
2020-04-02 13:05:00,28.747858048
2020-04-02 13:06:00,28.698497028
2020-04-02 13:07:00,28.708369232
2020-04-02 13:08:00,28.688624824
2020-04-02 13:09:00,28.708369232
2020-04-02 13:10:00,28.649136008
2020-04-02 13:11:00,28.599774988
2020-04-02 13:12:00,28.62929287796
2020-04-02 13:13:00,28.599774988
2020-04-02 13:14:00,28.609647192
2020-04-02 13:15:00,28.609647192
2020-04-02 13:16:00,28.59987371004
2020-04-02 13:17:00,28.570158376
2020-04-02 13:18:00,28.570158376
2020-04-02 13:19:00,28.599774988
2020-04-02 13:20:00,28.5884219534
2020-04-02 13:21:00,28.59148233664
2020-04-02 13:22:00,28.570158376
2020-04-02 13:23:00,28.5790433596
2020-04-02 13:24:00,28.589902784
2020-04-02 13:25:00,28.550413968
2020-04-02 13:26:00,28.560286172
2020-04-02 13:27:00,28.501052948
2020-04-02 13:28:00,28.471436336
2020-04-02 13:29:00,28.5346184416
2020-04-02 13:30:00,28.510925152
2020-04-02 13:31:00,28.48130854
2020-04-02 13:32:00,28.510925152
2020-04-02 13:33:00,28.520797356
2020-04-02 13:34:00,28.50125039208
2020-04-02 13:35:00,28.53066956
2020-04-02 13:36:00,28.5592989516
2020-04-02 13:37:00,28.540541764
2020-04-02 13:38:00,28.520797356
2020-04-02 13:39:00,28.53066956
2020-04-02 13:40:00,28.520797356
2020-04-02 13:41:00,28.540541764
2020-04-02 13:42:00,28.55347435124
2020-04-02 13:43:00,28.584966682
2020-04-02 13:44:00,28.6081663614
2020-04-02 13:45:00,28.6155705144
2020-04-02 13:46:00,28.565222274
2020-04-02 13:47:00,28.55535007
2020-04-02 13:48:00,28.58437434976
2020-04-02 13:49:00,28.609647192
2020-04-02 13:50:00,28.609647192
2020-04-02 13:51:00,28.560286172
2020-04-02 13:52:00,28.60471109
2020-04-02 13:53:00,28.609647192
2020-04-02 13:54:00,28.634327702
2020-04-02 13:55:00,28.624455498
2020-04-02 13:56:00,28.649136008
2020-04-02 13:57:00,28.60471109
2020-04-02 13:58:00,28.560286172
2020-04-02 13:59:00,28.510925152
2020-04-02 14:00:00,28.540541764
2020-04-02 14:01:00,28.53066956
2020-04-02 14:02:00,28.54656380844
2020-04-02 14:03:00,28.50598905
2020-04-02 14:04:00,28.471436336
2020-04-02 14:05:00,28.471436336
2020-04-02 14:06:00,28.461564132
2020-04-02 14:07:00,28.471436336
2020-04-02 14:08:00,28.48130854
2020-04-02 14:09:00,28.48999607952
2020-04-02 14:10:00,28.471436336
2020-04-02 14:11:00,28.473904387
2020-04-02 14:12:00,28.491180744
2020-04-02 14:13:00,28.476372438
2020-04-02 14:14:00,28.471436336
2020-04-02 14:15:00,28.491180744
2020-04-02 14:16:00,28.48950246932
2020-04-02 14:17:00,28.441819724
2020-04-02 14:18:00,28.422075316
2020-04-02 14:19:00,28.392458704
2020-04-02 14:20:00,28.323353276
2020-04-02 14:21:00,28.338161582
2020-04-02 14:22:00,28.392458704
2020-04-02 14:23:00,28.387522602
2020-04-02 14:24:00,28.348033786
2020-04-02 14:25:00,28.348033786
2020-04-02 14:26:00,28.3825865
2020-04-02 14:27:00,28.43194752
2020-04-02 14:28:00,28.48130854
2020-04-02 14:29:00,28.5420225946
2020-04-02 14:30:00,28.58003058
2020-04-02 14:31:00,28.486244642
2020-04-02 14:32:00,28.441819724
2020-04-02 14:33:00,28.461564132
2020-04-02 14:34:00,28.50598905
2020-04-02 14:35:00,28.476372438
2020-04-02 14:36:00,28.501052948
2020-04-02 14:37:00,28.53066956
2020-04-02 14:38:00,28.51665103032
2020-04-02 14:39:00,28.560286172
2020-04-02 14:40:00,28.545477866
2020-04-02 14:41:00,28.491180744
2020-04-02 14:42:00,28.476372438
2020-04-02 14:43:00,28.471436336
2020-04-02 14:44:00,28.48584975384
2020-04-02 14:45:00,28.461564132
2020-04-02 14:46:00,28.392458704
2020-04-02 14:47:00,28.422075316
2020-04-02 14:48:00,28.461564132
2020-04-02 14:49:00,28.441819724
2020-04-02 14:50:00,28.42138426172
2020-04-02 14:51:00,28.451691928
2020-04-02 14:52:00,28.436883622
2020-04-02 14:53:00,28.471436336
2020-04-02 14:54:00,28.58003058
2020-04-02 14:55:00,28.535605662
2020-04-02 14:56:00,28.58003058
2020-04-02 14:57:00,28.609647192
2020-04-02 14:58:00,28.560286172
2020-04-02 14:59:00,28.624455498
2020-04-02 15:00:00,28.6293916
2020-04-02 15:01:00,28.639263804
2020-04-02 15:02:00,28.570158376
2020-04-02 15:03:00,28.599774988
2020-04-02 15:04:00,28.609647192
2020-04-02 15:05:00,28.62949032204
2020-04-02 15:06:00,28.589902784
2020-04-02 15:07:00,28.599774988
2020-04-02 15:08:00,28.639263804
2020-04-02 15:09:00,28.688624824
2020-04-02 15:10:00,28.698497028
2020-04-02 15:11:00,28.649136008
2020-04-02 15:12:00,28.668880416
2020-04-02 15:13:00,28.599774988
2020-04-02 15:14:00,28.62781204736
2020-04-02 15:15:00,28.619519396
2020-04-02 15:16:00,28.619519396
2020-04-02 15:17:00,28.668880416
2020-04-02 15:18:00,28.639263804
2020-04-02 15:19:00,28.6293916
2020-04-02 15:20:00,28.698497028
2020-04-02 15:21:00,28.70846795404
2020-04-02 15:22:00,28.668880416
2020-04-02 15:23:00,28.6831951118
2020-04-02 15:24:00,28.673816518
2020-04-02 15:25:00,28.659008212
2020-04-02 15:26:00,28.6293916
2020-04-02 15:27:00,28.589902784
2020-04-02 15:28:00,28.560286172
2020-04-02 15:29:00,28.584966682
2020-04-02 15:30:00,28.614583294
2020-04-02 15:31:00,28.668880416
2020-04-02 15:32:00,28.570158376
2020-04-02 15:33:00,28.53066956
2020-04-02 15:34:00,28.53066956
2020-04-02 15:35:00,28.501052948
2020-04-02 15:36:00,28.525733458
2020-04-02 15:37:00,28.501052948
2020-04-02 15:38:00,28.56611077236
2020-04-02 15:39:00,28.471436336
2020-04-02 15:40:00,28.491180744
2020-04-02 15:41:00,28.525733458
2020-04-02 15:42:00,28.49730151048
2020-04-02 15:43:00,28.53066956
2020-04-02 15:44:00,28.57233026088
2020-04-02 15:45:00,28.634327702
2020-04-02 15:46:00,28.6293916
2020-04-02 15:47:00,28.575094478
2020-04-02 15:48:00,28.570158376
2020-04-02 15:49:00,28.560286172
2020-04-02 15:50:00,28.520797356
2020-04-02 15:51:00,28.609647192
2020-04-02 15:52:00,28.584966682
2020-04-02 15:53:00,28.58003058
2020-04-02 15:54:00,28.570158376
2020-04-02 15:55:00,28.75279415
2020-04-02 15:56:00,28.77747466
2020-04-02 15:57:00,28.812027374
2020-04-02 15:58:00,28.767602456
2020-04-02 15:59:00,28.807091272
2020-04-02 16:00:00,28.816963476
2020-04-03 09:31:00,28.935429924
2020-04-03 09:32:00,29.004535352
2020-04-03 09:33:00,29.04896027
2020-04-03 09:34:00,28.905813312
2020-04-03 09:35:00,29.093385188
2020-04-03 09:36:00,29.07364078
2020-04-03 09:37:00,29.034151964
2020-04-03 09:38:00,29.103257392
2020-04-03 09:39:00,29.142746208
2020-04-03 09:40:00,29.162490616
2020-04-03 09:41:00,29.201979432
2020-04-03 09:42:00,29.241468248
2020-04-03 09:43:00,29.132874004
2020-04-03 09:44:00,29.07364078
2020-04-03 09:45:00,29.15251968996
2020-04-03 09:46:00,29.063768576
2020-04-03 09:47:00,29.004535352
2020-04-03 09:48:00,28.965046536
2020-04-03 09:49:00,28.895941108
2020-04-03 09:50:00,28.8761967
2020-04-03 09:51:00,28.955174332
2020-04-03 09:52:00,28.905813312
2020-04-03 09:53:00,28.92555772
2020-04-03 09:54:00,28.891005006
2020-04-03 09:55:00,28.945302128
2020-04-03 09:56:00,28.979854842
2020-04-03 09:57:00,29.02427976
2020-04-03 09:58:00,29.053896372
2020-04-03 09:59:00,29.02427976
2020-04-03 10:00:00,29.004535352
2020-04-03 10:01:00,29.044024168
2020-04-03 10:02:00,29.152618412
2020-04-03 10:03:00,29.231596044
2020-04-03 10:04:00,29.152618412
2020-04-03 10:05:00,29.113129596
2020-04-03 10:06:00,29.17236282
2020-04-03 10:07:00,29.113129596
2020-04-03 10:08:00,29.132874004
2020-04-03 10:09:00,29.132874004
2020-04-03 10:10:00,29.103257392
2020-04-03 10:11:00,29.053896372
2020-04-03 10:12:00,29.103257392
2020-04-03 10:13:00,29.132874004
2020-04-03 10:14:00,29.132874004
2020-04-03 10:15:00,29.132874004
2020-04-03 10:16:00,29.093385188
2020-04-03 10:17:00,29.07354205796
2020-04-03 10:18:00,29.093385188
2020-04-03 10:19:00,29.113129596
2020-04-03 10:20:00,29.053896372
2020-04-03 10:21:00,29.039088066
2020-04-03 10:22:00,28.979854842
2020-04-03 10:23:00,28.945302128
2020-04-03 10:24:00,28.989727046
2020-04-03 10:25:00,29.053896372
2020-04-03 10:26:00,29.029215862
2020-04-03 10:27:00,28.984790944
2020-04-03 10:28:00,28.935429924
2020-04-03 10:29:00,28.8761967
2020-04-03 10:30:00,28.88231746648
2020-04-03 10:31:00,28.8761967
2020-04-03 10:32:00,28.88478551748
2020-04-03 10:33:00,28.915685516
2020-04-03 10:34:00,28.915685516
2020-04-03 10:35:00,28.905813312
2020-04-03 10:36:00,28.92555772
2020-04-03 10:37:00,28.915685516
2020-04-03 10:38:00,28.856452292
2020-04-03 10:39:00,28.82683568
2020-04-03 10:40:00,28.846580088
2020-04-03 10:41:00,28.8761967
2020-04-03 10:42:00,28.856452292
2020-04-03 10:43:00,28.807091272
2020-04-03 10:44:00,28.866324496
2020-04-03 10:45:00,28.90087721
2020-04-03 10:46:00,28.866324496
2020-04-03 10:47:00,28.886068904
2020-04-03 10:48:00,28.910749414
2020-04-03 10:49:00,28.910749414
2020-04-03 10:50:00,28.895941108
2020-04-03 10:51:00,28.846580088
2020-04-03 10:52:00,28.8761967
2020-04-03 10:53:00,28.8761967
2020-04-03 10:54:00,28.856452292
2020-04-03 10:55:00,28.797219068
2020-04-03 10:56:00,28.831771782
2020-04-03 10:57:00,28.8253548494
2020-04-03 10:58:00,28.812027374
2020-04-03 10:59:00,28.841643986
2020-04-03 11:00:00,28.807091272
2020-04-03 11:01:00,28.866324496
2020-04-03 11:02:00,28.88379829708
2020-04-03 11:03:00,28.83631299584
2020-04-03 11:04:00,28.821899578
2020-04-03 11:05:00,28.812027374
2020-04-03 11:06:00,28.80718999404
2020-04-03 11:07:00,28.772538558
2020-04-03 11:08:00,28.77747466
2020-04-03 11:09:00,28.821899578
2020-04-03 11:10:00,28.82683568
2020-04-03 11:11:00,28.82683568
2020-04-03 11:12:00,28.866324496
2020-04-03 11:13:00,28.80215517
2020-04-03 11:14:00,28.767602456
2020-04-03 11:15:00,28.747858048
2020-04-03 11:16:00,28.757730252
2020-04-03 11:17:00,28.767602456
2020-04-03 11:18:00,28.75279415
2020-04-03 11:19:00,28.767602456
2020-04-03 11:20:00,28.757730252
2020-04-03 11:21:00,28.742921946
2020-04-03 11:22:00,28.737985844
2020-04-03 11:23:00,28.747858048
2020-04-03 11:24:00,28.718241436
2020-04-03 11:25:00,28.693560926
2020-04-03 11:26:00,28.72811364
2020-04-03 11:27:00,28.747858048
2020-04-03 11:28:00,28.747858048
2020-04-03 11:29:00,28.767602456
2020-04-03 11:30:00,28.77747466
2020-04-03 11:31:00,28.757730252
2020-04-03 11:32:00,28.733049742
2020-04-03 11:33:00,28.77016922904
2020-04-03 11:34:00,28.78576731136
2020-04-03 11:35:00,28.816963476
2020-04-03 11:36:00,28.767602456
2020-04-03 11:37:00,28.72811364
2020-04-03 11:38:00,28.757730252
2020-04-03 11:39:00,28.757730252
2020-04-03 11:40:00,28.77747466
2020-04-03 11:41:00,28.737985844
2020-04-03 11:42:00,28.723177538
2020-04-03 11:43:00,28.708369232
2020-04-03 11:44:00,28.698497028
2020-04-03 11:45:00,28.72544814492
2020-04-03 11:46:00,28.67875262
2020-04-03 11:47:00,28.683688722
2020-04-03 11:48:00,28.668880416
2020-04-03 11:49:00,28.698497028
2020-04-03 11:50:00,28.698497028
2020-04-03 11:51:00,28.688624824
2020-04-03 11:52:00,28.70343313
2020-04-03 11:53:00,28.71340405604
2020-04-03 11:54:00,28.688624824
2020-04-03 11:55:00,28.698497028
2020-04-03 11:56:00,28.733049742
2020-04-03 11:57:00,28.718241436
2020-04-03 11:58:00,28.72811364
2020-04-03 11:59:00,28.72811364
2020-04-03 12:00:00,28.693560926
2020-04-03 12:01:00,28.71241683564
2020-04-03 12:02:00,28.649136008
2020-04-03 12:03:00,28.619519396
2020-04-03 12:04:00,28.659008212
2020-04-03 12:05:00,28.688624824
2020-04-03 12:06:00,28.659008212
2020-04-03 12:07:00,28.619519396
2020-04-03 12:08:00,28.589902784
2020-04-03 12:09:00,28.5987877676
2020-04-03 12:10:00,28.62159255884
2020-04-03 12:11:00,28.6293916
2020-04-03 12:12:00,28.6293916
2020-04-03 12:13:00,28.584966682
2020-04-03 12:14:00,28.58003058
2020-04-03 12:15:00,28.575094478
2020-04-03 12:16:00,28.609647192
2020-04-03 12:17:00,28.570158376
2020-04-03 12:18:00,28.570158376
2020-04-03 12:19:00,28.560286172
2020-04-03 12:20:00,28.570158376
2020-04-03 12:21:00,28.570158376
2020-04-03 12:22:00,28.58003058
2020-04-03 12:23:00,28.599774988
2020-04-03 12:24:00,28.58003058
2020-04-03 12:25:00,28.570158376
2020-04-03 12:26:00,28.550413968
2020-04-03 12:27:00,28.51852674908
2020-04-03 12:28:00,28.545477866
2020-04-03 12:29:00,28.540541764
2020-04-03 12:30:00,28.550413968
2020-04-03 12:31:00,28.550413968
2020-04-03 12:32:00,28.486244642
2020-04-03 12:33:00,28.43194752
2020-04-03 12:34:00,28.451691928
2020-04-03 12:35:00,28.466500234
2020-04-03 12:36:00,28.53066956
2020-04-03 12:37:00,28.50263250064
2020-04-03 12:38:00,28.501052948
2020-04-03 12:39:00,28.520797356
2020-04-03 12:40:00,28.545477866
2020-04-03 12:41:00,28.48130854
2020-04-03 12:42:00,28.48130854
2020-04-03 12:43:00,28.550413968
2020-04-03 12:44:00,28.609647192
2020-04-03 12:45:00,28.639263804
2020-04-03 12:46:00,28.609647192
2020-04-03 12:47:00,28.594838886
2020-04-03 12:48:00,28.540541764
2020-04-03 12:49:00,28.520797356
2020-04-03 12:50:00,28.550413968
2020-04-03 12:51:00,28.570158376
2020-04-03 12:52:00,28.53066956
2020-04-03 12:53:00,28.540541764
2020-04-03 12:54:00,28.540541764
2020-04-03 12:55:00,28.560286172
2020-04-03 12:56:00,28.560286172
2020-04-03 12:57:00,28.560286172
2020-04-03 12:58:00,28.570158376
2020-04-03 12:59:00,28.589902784
2020-04-03 13:00:00,28.589902784
2020-04-03 13:01:00,28.594838886
2020-04-03 13:02:00,28.589902784
2020-04-03 13:03:00,28.570158376
2020-04-03 13:04:00,28.589902784
2020-04-03 13:05:00,28.599774988
2020-04-03 13:06:00,28.599774988
2020-04-03 13:07:00,28.609647192
2020-04-03 13:08:00,28.619519396
2020-04-03 13:09:00,28.6293916
2020-04-03 13:10:00,28.6293916
2020-04-03 13:11:00,28.62386316576
2020-04-03 13:12:00,28.619519396
2020-04-03 13:13:00,28.609647192
2020-04-03 13:14:00,28.594838886
2020-04-03 13:15:00,28.589902784
2020-04-03 13:16:00,28.64558201456
2020-04-03 13:17:00,28.69464686844
2020-04-03 13:18:00,28.688624824
2020-04-03 13:19:00,28.698497028
2020-04-03 13:20:00,28.688624824
2020-04-03 13:21:00,28.688624824
2020-04-03 13:22:00,28.668880416
2020-04-03 13:23:00,28.659008212
2020-04-03 13:24:00,28.67687690124
2020-04-03 13:25:00,28.6293916
2020-04-03 13:26:00,28.599774988
2020-04-03 13:27:00,28.570158376
2020-04-03 13:28:00,28.589902784
2020-04-03 13:29:00,28.58003058
2020-04-03 13:30:00,28.540541764
2020-04-03 13:31:00,28.496116846
2020-04-03 13:32:00,28.48130854
2020-04-03 13:33:00,28.496116846
2020-04-03 13:34:00,28.50598905
2020-04-03 13:35:00,28.520797356
2020-04-03 13:36:00,28.525733458
2020-04-03 13:37:00,28.510925152
2020-04-03 13:38:00,28.496116846
2020-04-03 13:39:00,28.48130854
2020-04-03 13:40:00,28.471436336
2020-04-03 13:41:00,28.476372438
2020-04-03 13:42:00,28.501052948
2020-04-03 13:43:00,28.501052948
2020-04-03 13:44:00,28.491180744
2020-04-03 13:45:00,28.550413968
2020-04-03 13:46:00,28.560286172
2020-04-03 13:47:00,28.589902784
2020-04-03 13:48:00,28.599774988
2020-04-03 13:49:00,28.589902784
2020-04-03 13:50:00,28.60471109
2020-04-03 13:51:00,28.599774988
2020-04-03 13:52:00,28.594838886
2020-04-03 13:53:00,28.570158376
2020-04-03 13:54:00,28.565222274
2020-04-03 13:55:00,28.584966682
2020-04-03 13:56:00,28.550413968
2020-04-03 13:57:00,28.550413968
2020-04-03 13:58:00,28.550413968
2020-04-03 13:59:00,28.540541764
2020-04-03 14:00:00,28.58012930204
2020-04-03 14:01:00,28.584966682
2020-04-03 14:02:00,28.624455498
2020-04-03 14:03:00,28.58003058
2020-04-03 14:04:00,28.540541764
2020-04-03 14:05:00,28.560286172
2020-04-03 14:06:00,28.565222274
2020-04-03 14:07:00,28.540541764
2020-04-03 14:08:00,28.535605662
2020-04-03 14:09:00,28.575094478
2020-04-03 14:10:00,28.560286172
2020-04-03 14:11:00,28.545477866
2020-04-03 14:12:00,28.565222274
2020-04-03 14:13:00,28.565222274
2020-04-03 14:14:00,28.584966682
2020-04-03 14:15:00,28.575094478
2020-04-03 14:16:00,28.560286172
2020-04-03 14:17:00,28.5375801028
2020-04-03 14:18:00,28.540541764
2020-04-03 14:19:00,28.515861254
2020-04-03 14:20:00,28.5193165254
2020-04-03 14:21:00,28.570158376
2020-04-03 14:22:00,28.560286172
2020-04-03 14:23:00,28.570158376
2020-04-03 14:24:00,28.56018744996
2020-04-03 14:25:00,28.609647192
2020-04-03 14:26:00,28.619519396
2020-04-03 14:27:00,28.6293916
2020-04-03 14:28:00,28.65407211
2020-04-03 14:29:00,28.698497028
2020-04-03 14:30:00,28.737985844
2020-04-03 14:31:00,28.698497028
2020-04-03 14:32:00,28.698497028
2020-04-03 14:33:00,28.693560926
2020-04-03 14:34:00,28.698497028
2020-04-03 14:35:00,28.72811364
2020-04-03 14:36:00,28.718241436
2020-04-03 14:37:00,28.698497028
2020-04-03 14:38:00,28.72811364
2020-04-03 14:39:00,28.747858048
2020-04-03 14:40:00,28.737985844
2020-04-03 14:41:00,28.737985844
2020-04-03 14:42:00,28.72811364
2020-04-03 14:43:00,28.72811364
2020-04-03 14:44:00,28.718241436
2020-04-03 14:45:00,28.708369232
2020-04-03 14:46:00,28.71814271396
2020-04-03 14:47:00,28.737985844
2020-04-03 14:48:00,28.69987913656
2020-04-03 14:49:00,28.718241436
2020-04-03 14:50:00,28.72811364
2020-04-03 14:51:00,28.742921946
2020-04-03 14:52:00,28.787346864
2020-04-03 14:53:00,28.792282966
2020-04-03 14:54:00,28.767602456
2020-04-03 14:55:00,28.772538558
2020-04-03 14:56:00,28.797219068
2020-04-03 14:57:00,28.85151619
2020-04-03 14:58:00,28.856452292
2020-04-03 14:59:00,28.866324496
2020-04-03 15:00:00,28.915685516
2020-04-03 15:01:00,28.940366026
2020-04-03 15:02:00,28.989727046
2020-04-03 15:03:00,28.940366026
2020-04-03 15:04:00,28.930493822
2020-04-03 15:05:00,28.905813312
2020-04-03 15:06:00,28.8761967
2020-04-03 15:07:00,28.905813312
2020-04-03 15:08:00,28.905813312
2020-04-03 15:09:00,28.92555772
2020-04-03 15:10:00,28.955174332
2020-04-03 15:11:00,28.965046536
2020-04-03 15:12:00,28.97491874
2020-04-03 15:13:00,29.004535352
2020-04-03 15:14:00,29.058832474
2020-04-03 15:15:00,29.07364078
2020-04-03 15:16:00,29.093385188
2020-04-03 15:17:00,29.078576882
2020-04-03 15:18:00,29.1230018
2020-04-03 15:19:00,29.1313931734
2020-04-03 15:20:00,29.088449086
2020-04-03 15:21:00,29.113129596
2020-04-03 15:22:00,29.118065698
2020-04-03 15:23:00,29.1230018
2020-04-03 15:24:00,29.132874004
2020-04-03 15:25:00,29.127937902
2020-04-03 15:26:00,29.132874004
2020-04-03 15:27:00,29.12389029836
2020-04-03 15:28:00,29.09832129
2020-04-03 15:29:00,29.083512984
2020-04-03 15:30:00,29.093385188
2020-04-03 15:31:00,29.113129596
2020-04-03 15:32:00,29.088449086
2020-04-03 15:33:00,29.044024168
2020-04-03 15:34:00,29.063768576
2020-04-03 15:35:00,29.063768576
2020-04-03 15:36:00,29.103257392
2020-04-03 15:37:00,29.083512984
2020-04-03 15:38:00,29.09832129
2020-04-03 15:39:00,29.1230018
2020-04-03 15:40:00,29.10315866996
2020-04-03 15:41:00,29.039088066
2020-04-03 15:42:00,29.014407556
2020-04-03 15:43:00,28.97491874
2020-04-03 15:44:00,28.97491874
2020-04-03 15:45:00,28.965046536
2020-04-03 15:46:00,29.004535352
2020-04-03 15:47:00,29.029215862
2020-04-03 15:48:00,29.103257392
2020-04-03 15:49:00,29.152618412
2020-04-03 15:50:00,29.142746208
2020-04-03 15:51:00,29.182235024
2020-04-03 15:52:00,29.162490616
2020-04-03 15:53:00,29.162490616
2020-04-03 15:54:00,29.142746208
2020-04-03 15:55:00,29.113129596
2020-04-03 15:56:00,29.1230018
2020-04-03 15:57:00,29.093385188
2020-04-03 15:58:00,29.019343658
2020-04-03 15:59:00,29.019343658
2020-04-03 16:00:00,29.034151964
2020-04-06 09:31:00,30.396516116
2020-04-06 09:32:00,30.23362475
2020-04-06 09:33:00,30.129966608
2020-04-06 09:34:00,30.149711016
2020-04-06 09:35:00,30.129966608
2020-04-06 09:36:00,29.991755752
2020-04-06 09:37:00,30.031244568
2020-04-06 09:38:00,29.96213914
2020-04-06 09:39:00,29.927586426
2020-04-06 09:40:00,29.91277812
2020-04-06 09:41:00,29.976947446
2020-04-06 09:42:00,30.0006407356
2020-04-06 09:43:00,30.02798674068
2020-04-06 09:44:00,30.001627956
2020-04-06 09:45:00,29.991755752
2020-04-06 09:46:00,29.991755752
2020-04-06 09:47:00,29.96213914
2020-04-06 09:48:00,29.952266936
2020-04-06 09:49:00,30.001627956
2020-04-06 09:50:00,30.01150016
2020-04-06 09:51:00,30.06086118
2020-04-06 09:52:00,30.14043114424
2020-04-06 09:53:00,30.213880342
2020-04-06 09:54:00,30.213880342
2020-04-06 09:55:00,30.238560852
2020-04-06 09:56:00,30.23362475
2020-04-06 09:57:00,30.149711016
2020-04-06 09:58:00,30.218816444
2020-04-06 09:59:00,30.218816444
2020-04-06 10:00:00,30.199072036
2020-04-06 10:01:00,30.238560852
2020-04-06 10:02:00,30.194135934
2020-04-06 10:03:00,30.26778257584
2020-04-06 10:04:00,30.265709413
2020-04-06 10:05:00,30.25830526
2020-04-06 10:06:00,30.25830526
2020-04-06 10:07:00,30.18426373
2020-04-06 10:08:00,30.169455424
2020-04-06 10:09:00,30.169455424
2020-04-06 10:10:00,30.199072036
2020-04-06 10:11:00,30.189199832
2020-04-06 10:12:00,30.199072036
2020-04-06 10:13:00,30.213880342
2020-04-06 10:14:00,30.179327628
2020-04-06 10:15:00,30.164519322
2020-04-06 10:16:00,30.13490271
2020-04-06 10:17:00,30.139838812
2020-04-06 10:18:00,30.144774914
2020-04-06 10:19:00,30.218816444
2020-04-06 10:20:00,30.223752546
2020-04-06 10:21:00,30.20894424
2020-04-06 10:22:00,30.20904296204
2020-04-06 10:23:00,30.253369158
2020-04-06 10:24:00,30.253369158
2020-04-06 10:25:00,30.26304391792
2020-04-06 10:26:00,30.25830526
2020-04-06 10:27:00,30.263241362
2020-04-06 10:28:00,30.263241362
2020-04-06 10:29:00,30.25830526
2020-04-06 10:30:00,30.317538484
2020-04-06 10:31:00,30.33234679
2020-04-06 10:32:00,30.347155096
2020-04-06 10:33:00,30.30766628
2020-04-06 10:34:00,30.30766628
2020-04-06 10:35:00,30.287921872
2020-04-06 10:36:00,30.278049668
2020-04-06 10:37:00,30.287921872
2020-04-06 10:38:00,30.297794076
2020-04-06 10:39:00,30.312602382
2020-04-06 10:40:00,30.30756755796
2020-04-06 10:41:00,30.29937362864
2020-04-06 10:42:00,30.30766628
2020-04-06 10:43:00,30.268177464
2020-04-06 10:44:00,30.268177464
2020-04-06 10:45:00,30.278049668
2020-04-06 10:46:00,30.278049668
2020-04-06 10:47:00,30.25830526
2020-04-06 10:48:00,30.189199832
2020-04-06 10:49:00,30.13490271
2020-04-06 10:50:00,30.139838812
2020-04-06 10:51:00,30.199072036
2020-04-06 10:52:00,30.228688648
2020-04-06 10:53:00,30.169455424
2020-04-06 10:54:00,30.228688648
2020-04-06 10:55:00,30.23283497368
2020-04-06 10:56:00,30.25672570736
2020-04-06 10:57:00,30.23875829608
2020-04-06 10:58:00,30.228688648
2020-04-06 10:59:00,30.23362475
2020-04-06 11:00:00,30.218816444
2020-04-06 11:01:00,30.228688648
2020-04-06 11:02:00,30.218816444
2020-04-06 11:03:00,30.228688648
2020-04-06 11:04:00,30.238560852
2020-04-06 11:05:00,30.24083145892
2020-04-06 11:06:00,30.15958322
2020-04-06 11:07:00,30.1102222
2020-04-06 11:08:00,30.125030506
2020-04-06 11:09:00,30.1102222
2020-04-06 11:10:00,30.139838812
2020-04-06 11:11:00,30.120094404
2020-04-06 11:12:00,30.125030506
2020-04-06 11:13:00,30.129966608
2020-04-06 11:14:00,30.179327628
2020-04-06 11:15:00,30.189199832
2020-04-06 11:16:00,30.20894424
2020-04-06 11:17:00,30.213880342
2020-04-06 11:18:00,30.218816444
2020-04-06 11:19:00,30.21664455912
2020-04-06 11:20:00,30.20894424
2020-04-06 11:21:00,30.149711016
2020-04-06 11:22:00,30.194135934
2020-04-06 11:23:00,30.213880342
2020-04-06 11:24:00,30.189199832
2020-04-06 11:25:00,30.194135934
2020-04-06 11:26:00,30.218816444
2020-04-06 11:27:00,30.228688648
2020-04-06 11:28:00,30.243496954
2020-04-06 11:29:00,30.248433056
2020-04-06 11:30:00,30.228688648
2020-04-06 11:31:00,30.238560852
2020-04-06 11:32:00,30.228688648
2020-04-06 11:33:00,30.248433056
2020-04-06 11:34:00,30.287921872
2020-04-06 11:35:00,30.228688648
2020-04-06 11:36:00,30.268177464
2020-04-06 11:37:00,30.278049668
2020-04-06 11:38:00,30.287921872
2020-04-06 11:39:00,30.287921872
2020-04-06 11:40:00,30.28802059404
2020-04-06 11:41:00,30.30766628
2020-04-06 11:42:00,30.317538484
2020-04-06 11:43:00,30.302730178
2020-04-06 11:44:00,30.317538484
2020-04-06 11:45:00,30.327410688
2020-04-06 11:46:00,30.312602382
2020-04-06 11:47:00,30.3570273
2020-04-06 11:48:00,30.426132728
2020-04-06 11:49:00,30.6038324
2020-04-06 11:50:00,30.57915189
2020-04-06 11:51:00,30.544599176
2020-04-06 11:52:00,30.55447138
2020-04-06 11:53:00,30.539663074
2020-04-06 11:54:00,30.55447138
2020-04-06 11:55:00,30.539663074
2020-04-06 11:56:00,30.510046462
2020-04-06 11:57:00,30.48042985
2020-04-06 11:58:00,30.426132728
2020-04-06 11:59:00,30.366899504
2020-04-06 12:00:00,30.396516116
2020-04-06 12:01:00,30.386643912
2020-04-06 12:02:00,30.366899504
2020-04-06 12:03:00,30.396516116
2020-04-06 12:04:00,30.386643912
2020-04-06 12:05:00,30.396516116
2020-04-06 12:06:00,30.386643912
2020-04-06 12:07:00,30.40638832
2020-04-06 12:08:00,30.40638832
2020-04-06 12:09:00,30.386643912
2020-04-06 12:10:00,30.38170781
2020-04-06 12:11:00,30.376771708
2020-04-06 12:12:00,30.376771708
2020-04-06 12:13:00,30.396516116
2020-04-06 12:14:00,30.396516116
2020-04-06 12:15:00,30.396516116
2020-04-06 12:16:00,30.401452218
2020-04-06 12:17:00,30.38170781
2020-04-06 12:18:00,30.40638832
2020-04-06 12:19:00,30.396516116
2020-04-06 12:20:00,30.396516116
2020-04-06 12:21:00,30.416260524
2020-04-06 12:22:00,30.4019458282
2020-04-06 12:23:00,30.391580014
2020-04-06 12:24:00,30.396516116
2020-04-06 12:25:00,30.436004932
2020-04-06 12:26:00,30.549535278
2020-04-06 12:27:00,30.54469789804
2020-04-06 12:28:00,30.514982564
2020-04-06 12:29:00,30.495238156
2020-04-06 12:30:00,30.524854768
2020-04-06 12:31:00,30.5233739374
2020-04-06 12:32:00,30.539663074
2020-04-06 12:33:00,30.54222984704
2020-04-06 12:34:00,30.544599176
2020-04-06 12:35:00,30.574215788
2020-04-06 12:36:00,30.534726972
2020-04-06 12:37:00,30.544599176
2020-04-06 12:38:00,30.561875533
2020-04-06 12:39:00,30.544599176
2020-04-06 12:40:00,30.534726972
2020-04-06 12:41:00,30.539663074
2020-04-06 12:42:00,30.495238156
2020-04-06 12:43:00,30.475493748
2020-04-06 12:44:00,30.50511036
2020-04-06 12:45:00,30.490302054
2020-04-06 12:46:00,30.465621544
2020-04-06 12:47:00,30.500174258
2020-04-06 12:48:00,30.500174258
2020-04-06 12:49:00,30.50511036
2020-04-06 12:50:00,30.495238156
2020-04-06 12:51:00,30.500174258
2020-04-06 12:52:00,30.495238156
2020-04-06 12:53:00,30.475493748
2020-04-06 12:54:00,30.500174258
2020-04-06 12:55:00,30.49681770864
2020-04-06 12:56:00,30.495238156
2020-04-06 12:57:00,30.50511036
2020-04-06 12:58:00,30.500174258
2020-04-06 12:59:00,30.50511036
2020-04-06 13:00:00,30.514982564
2020-04-06 13:01:00,30.52505221208
2020-04-06 13:02:00,30.51409406564
2020-04-06 13:03:00,30.524854768
2020-04-06 13:04:00,30.485365952
2020-04-06 13:05:00,30.510046462
2020-04-06 13:06:00,30.519918666
2020-04-06 13:07:00,30.519918666
2020-04-06 13:08:00,30.514982564
2020-04-06 13:09:00,30.514982564
2020-04-06 13:10:00,30.524854768
2020-04-06 13:11:00,30.54489534212
2020-04-06 13:12:00,30.544599176
2020-04-06 13:13:00,30.549535278
2020-04-06 13:14:00,30.55447138
2020-04-06 13:15:00,30.564343584
2020-04-06 13:16:00,30.569279686
2020-04-06 13:17:00,30.564343584
2020-04-06 13:18:00,30.559407482
2020-04-06 13:19:00,30.564343584
2020-04-06 13:20:00,30.55457010204
2020-04-06 13:21:00,30.574215788
2020-04-06 13:22:00,30.584087992
2020-04-06 13:23:00,30.574215788
2020-04-06 13:24:00,30.574215788
2020-04-06 13:25:00,30.584087992
2020-04-06 13:26:00,30.574215788
2020-04-06 13:27:00,30.593960196
2020-04-06 13:28:00,30.589024094
2020-04-06 13:29:00,30.593960196
2020-04-06 13:30:00,30.55457010204
2020-04-06 13:31:00,30.55447138
2020-04-06 13:32:00,30.574215788
2020-04-06 13:33:00,30.55437265796
2020-04-06 13:34:00,30.574215788
2020-04-06 13:35:00,30.569279686
2020-04-06 13:36:00,30.564343584
2020-04-06 13:37:00,30.564343584
2020-04-06 13:38:00,30.589024094
2020-04-06 13:39:00,30.559407482
2020-04-06 13:40:00,30.5317653108
2020-04-06 13:41:00,30.559407482
2020-04-06 13:42:00,30.559407482
2020-04-06 13:43:00,30.55447138
2020-04-06 13:44:00,30.55447138
2020-04-06 13:45:00,30.569279686
2020-04-06 13:46:00,30.593960196
2020-04-06 13:47:00,30.6196279264
2020-04-06 13:48:00,30.643321216
2020-04-06 13:49:00,30.65319342
2020-04-06 13:50:00,30.712426644
2020-04-06 13:51:00,30.722298848
2020-04-06 13:52:00,30.811148684
2020-04-06 13:53:00,30.880254112
2020-04-06 13:54:00,30.80127648
2020-04-06 13:55:00,30.81667711824
2020-04-06 13:56:00,30.791404276
2020-04-06 13:57:00,30.80127648
2020-04-06 13:58:00,30.870381908
2020-04-06 13:59:00,30.870381908
2020-04-06 14:00:00,30.880254112
2020-04-06 14:01:00,30.77521386144
2020-04-06 14:02:00,30.761787664
2020-04-06 14:03:00,30.761787664
2020-04-06 14:04:00,30.80127648
2020-04-06 14:05:00,30.781532072
2020-04-06 14:06:00,30.682810032
2020-04-06 14:07:00,30.687746134
2020-04-06 14:08:00,30.687746134
2020-04-06 14:09:00,30.692682236
2020-04-06 14:10:00,30.682810032
2020-04-06 14:11:00,30.682810032
2020-04-06 14:12:00,30.682810032
2020-04-06 14:13:00,30.712426644
2020-04-06 14:14:00,30.643321216
2020-04-06 14:15:00,30.618640706
2020-04-06 14:16:00,30.618640706
2020-04-06 14:17:00,30.613704604
2020-04-06 14:18:00,30.633449012
2020-04-06 14:19:00,30.613704604
2020-04-06 14:20:00,30.648257318
2020-04-06 14:21:00,30.623576808
2020-04-06 14:22:00,30.62851291
2020-04-06 14:23:00,30.63038862876
2020-04-06 14:24:00,30.589024094
2020-04-06 14:25:00,30.618640706
2020-04-06 14:26:00,30.564343584
2020-04-06 14:27:00,30.574215788
2020-04-06 14:28:00,30.500174258
2020-04-06 14:29:00,30.495238156
2020-04-06 14:30:00,30.50511036
2020-04-06 14:31:00,30.514982564
2020-04-06 14:32:00,30.510046462
2020-04-06 14:33:00,30.510046462
2020-04-06 14:34:00,30.51814166928
2020-04-06 14:35:00,30.52979087
2020-04-06 14:36:00,30.539663074
2020-04-06 14:37:00,30.544599176
2020-04-06 14:38:00,30.534726972
2020-04-06 14:39:00,30.524854768
2020-04-06 14:40:00,30.544599176
2020-04-06 14:41:00,30.55447138
2020-04-06 14:42:00,30.564343584
2020-04-06 14:43:00,30.584087992
2020-04-06 14:44:00,30.584087992
2020-04-06 14:45:00,30.574215788
2020-04-06 14:46:00,30.574215788
2020-04-06 14:47:00,30.593960196
2020-04-06 14:48:00,30.593960196
2020-04-06 14:49:00,30.593960196
2020-04-06 14:50:00,30.6038324
2020-04-06 14:51:00,30.6038324
2020-04-06 14:52:00,30.6038324
2020-04-06 14:53:00,30.613704604
2020-04-06 14:54:00,30.62347808596
2020-04-06 14:55:00,30.613704604
2020-04-06 14:56:00,30.638385114
2020-04-06 14:57:00,30.64341993804
2020-04-06 14:58:00,30.633449012
2020-04-06 14:59:00,30.638385114
2020-04-06 15:00:00,30.618640706
2020-04-06 15:01:00,30.574215788
2020-04-06 15:02:00,30.564343584
2020-04-06 15:03:00,30.584087992
2020-04-06 15:04:00,30.613704604
2020-04-06 15:05:00,30.62851291
2020-04-06 15:06:00,30.672937828
2020-04-06 15:07:00,30.643321216
2020-04-06 15:08:00,30.668001726
2020-04-06 15:09:00,30.682810032
2020-04-06 15:10:00,30.6912014054
2020-04-06 15:11:00,30.692682236
2020-04-06 15:12:00,30.67787393
2020-04-06 15:13:00,30.682810032
2020-04-06 15:14:00,30.682810032
2020-04-06 15:15:00,30.692682236
2020-04-06 15:16:00,30.672937828
2020-04-06 15:17:00,30.682810032
2020-04-06 15:18:00,30.618640706
2020-04-06 15:19:00,30.6038324
2020-04-06 15:20:00,30.584087992
2020-04-06 15:21:00,30.62851291
2020-04-06 15:22:00,30.65319342
2020-04-06 15:23:00,30.687746134
2020-04-06 15:24:00,30.692682236
2020-04-06 15:25:00,30.732171052
2020-04-06 15:26:00,30.717362746
2020-04-06 15:27:00,30.70255444
2020-04-06 15:28:00,30.70985987096
2020-04-06 15:29:00,30.72387840064
2020-04-06 15:30:00,30.742043256
2020-04-06 15:31:00,30.722298848
2020-04-06 15:32:00,30.771659868
2020-04-06 15:33:00,30.77659597
2020-04-06 15:34:00,30.771659868
2020-04-06 15:35:00,30.742043256
2020-04-06 15:36:00,30.77156114596
2020-04-06 15:37:00,30.742043256
2020-04-06 15:38:00,30.761787664
2020-04-06 15:39:00,30.746979358
2020-04-06 15:40:00,30.746979358
2020-04-06 15:41:00,30.74609085964
2020-04-06 15:42:00,30.737107154
2020-04-06 15:43:00,30.771659868
2020-04-06 15:44:00,30.766723766
2020-04-06 15:45:00,30.786468174
2020-04-06 15:46:00,30.761787664
2020-04-06 15:47:00,30.722298848
2020-04-06 15:48:00,30.72723495
2020-04-06 15:49:00,30.672937828
2020-04-06 15:50:00,30.75191546
2020-04-06 15:51:00,30.791404276
2020-04-06 15:52:00,30.75201418204
2020-04-06 15:53:00,30.672937828
2020-04-06 15:54:00,30.70255444
2020-04-06 15:55:00,30.78311162464
2020-04-06 15:56:00,30.860509704
2020-04-06 15:57:00,30.840765296
2020-04-06 15:58:00,30.845701398
2020-04-06 15:59:00,30.806212582
2020-04-06 16:00:00,30.781532072
2020-04-07 09:31:00,31.670030432
2020-04-07 09:32:00,31.709519248
2020-04-07 09:33:00,31.699647044
2020-04-07 09:34:00,31.68977484
2020-04-07 09:35:00,31.749008064
2020-04-07 09:36:00,31.76381637
2020-04-07 09:37:00,31.79669080932
2020-04-07 09:38:00,31.749008064
2020-04-07 09:39:00,31.729263656
2020-04-07 09:40:00,31.699647044
2020-04-07 09:41:00,31.716923401
2020-04-07 09:42:00,31.719391452
2020-04-07 09:43:00,31.699647044
2020-04-07 09:44:00,31.69925215584
2020-04-07 09:45:00,31.64041382
2020-04-07 09:46:00,31.581180596
2020-04-07 09:47:00,31.600925004
2020-04-07 09:48:00,31.61573331
2020-04-07 09:49:00,31.561436188
2020-04-07 09:50:00,31.51701127
2020-04-07 09:51:00,31.586116698
2020-04-07 09:52:00,31.571308392
2020-04-07 09:53:00,31.61069848596
2020-04-07 09:54:00,31.64041382
2020-04-07 09:55:00,31.5910528
2020-04-07 09:56:00,31.64041382
2020-04-07 09:57:00,31.630541616
2020-04-07 09:58:00,31.650286024
2020-04-07 09:59:00,31.64041382
2020-04-07 10:00:00,31.758880268
2020-04-07 10:01:00,31.778624676
2020-04-07 10:02:00,31.734199758
2020-04-07 10:03:00,31.719391452
2020-04-07 10:04:00,31.655222126
2020-04-07 10:05:00,31.650286024
2020-04-07 10:06:00,31.679902636
2020-04-07 10:07:00,31.610797208
2020-04-07 10:08:00,31.54169178
2020-04-07 10:09:00,31.54169178
2020-04-07 10:10:00,31.49233076
2020-04-07 10:11:00,31.482458556
2020-04-07 10:12:00,31.49233076
2020-04-07 10:13:00,31.47416590464
2020-04-07 10:14:00,31.452841944
2020-04-07 10:15:00,31.44296974
2020-04-07 10:16:00,31.472586352
2020-04-07 10:17:00,31.413353128
2020-04-07 10:18:00,31.50249913012
2020-04-07 10:19:00,31.49233076
2020-04-07 10:20:00,31.502202964
2020-04-07 10:21:00,31.482458556
2020-04-07 10:22:00,31.462714148
2020-04-07 10:23:00,31.457778046
2020-04-07 10:24:00,31.39370744204
2020-04-07 10:25:00,31.428161434
2020-04-07 10:26:00,31.3442477
2020-04-07 10:27:00,31.349183802
2020-04-07 10:28:00,31.388672618
2020-04-07 10:29:00,31.383736516
2020-04-07 10:30:00,31.37514769852
2020-04-07 10:31:00,31.44296974
2020-04-07 10:32:00,31.502202964
2020-04-07 10:33:00,31.497266862
2020-04-07 10:34:00,31.487394658
2020-04-07 10:35:00,31.482458556
2020-04-07 10:36:00,31.497266862
2020-04-07 10:37:00,31.44296974
2020-04-07 10:38:00,31.472586352
2020-04-07 10:39:00,31.472586352
2020-04-07 10:40:00,31.46765025
2020-04-07 10:41:00,31.403480924
2020-04-07 10:42:00,31.39360872
2020-04-07 10:43:00,31.49233076
2020-04-07 10:44:00,31.462714148
2020-04-07 10:45:00,31.373864312
2020-04-07 10:46:00,31.44296974
2020-04-07 10:47:00,31.3442477
2020-04-07 10:48:00,31.354119904
2020-04-07 10:49:00,31.3442477
2020-04-07 10:50:00,31.324503292
2020-04-07 10:51:00,31.363992108
2020-04-07 10:52:00,31.373864312
2020-04-07 10:53:00,31.334375496
2020-04-07 10:54:00,31.255397864
2020-04-07 10:55:00,31.275142272
2020-04-07 10:56:00,31.29488668
2020-04-07 10:57:00,31.363992108
2020-04-07 10:58:00,31.354119904
2020-04-07 10:59:00,31.373864312
2020-04-07 11:00:00,31.255397864
2020-04-07 11:01:00,31.289950578
2020-04-07 11:02:00,31.206036844
2020-04-07 11:03:00,31.186292436
2020-04-07 11:04:00,31.225781252
2020-04-07 11:05:00,31.24552566
2020-04-07 11:06:00,31.28610041844
2020-04-07 11:07:00,31.304758884
2020-04-07 11:08:00,31.285014476
2020-04-07 11:09:00,31.265270068
2020-04-07 11:10:00,31.29488668
2020-04-07 11:11:00,31.304758884
2020-04-07 11:12:00,31.3442477
2020-04-07 11:13:00,31.334375496
2020-04-07 11:14:00,31.324503292
2020-04-07 11:15:00,31.334375496
2020-04-07 11:16:00,31.413353128
2020-04-07 11:17:00,31.373864312
2020-04-07 11:18:00,31.363992108
2020-04-07 11:19:00,31.373864312
2020-04-07 11:20:00,31.314631088
2020-04-07 11:21:00,31.314631088
2020-04-07 11:22:00,31.314631088
2020-04-07 11:23:00,31.314631088
2020-04-07 11:24:00,31.309694986
2020-04-07 11:25:00,31.31956719
2020-04-07 11:26:00,31.280078374
2020-04-07 11:27:00,31.29488668
2020-04-07 11:28:00,31.339311598
2020-04-07 11:29:00,31.373864312
2020-04-07 11:30:00,31.383736516
2020-04-07 11:31:00,31.363992108
2020-04-07 11:32:00,31.41828923
2020-04-07 11:33:00,31.354119904
2020-04-07 11:34:00,31.39360872
2020-04-07 11:35:00,31.378800414
2020-04-07 11:36:00,31.36665760308
2020-04-07 11:37:00,31.403480924
2020-04-07 11:38:00,31.44296974
2020-04-07 11:39:00,31.46054226312
2020-04-07 11:40:00,31.526883474
2020-04-07 11:41:00,31.482458556
2020-04-07 11:42:00,31.472586352
2020-04-07 11:43:00,31.487394658
2020-04-07 11:44:00,31.512075168
2020-04-07 11:45:00,31.462714148
2020-04-07 11:46:00,31.4360591972
2020-04-07 11:47:00,31.472586352
2020-04-07 11:48:00,31.49233076
2020-04-07 11:49:00,31.44296974
2020-04-07 11:50:00,31.413353128
2020-04-07 11:51:00,31.413353128
2020-04-07 11:52:00,31.403480924
2020-04-07 11:53:00,31.403480924
2020-04-07 11:54:00,31.39360872
2020-04-07 11:55:00,31.413353128
2020-04-07 11:56:00,31.383736516
2020-04-07 11:57:00,31.433097536
2020-04-07 11:58:00,31.433097536
2020-04-07 11:59:00,31.383736516
2020-04-07 12:00:00,31.423225332
2020-04-07 12:01:00,31.487394658
2020-04-07 12:02:00,31.49233076
2020-04-07 12:03:00,31.502202964
2020-04-07 12:04:00,31.462714148
2020-04-07 12:05:00,31.502202964
2020-04-07 12:06:00,31.50427612684
2020-04-07 12:07:00,31.56637229
2020-04-07 12:08:00,31.531819576
2020-04-07 12:09:00,31.56637229
2020-04-07 12:10:00,31.546627882
2020-04-07 12:11:00,31.521947372
2020-04-07 12:12:00,31.551563984
2020-04-07 12:13:00,31.536755678
2020-04-07 12:14:00,31.531819576
2020-04-07 12:15:00,31.551563984
2020-04-07 12:16:00,31.561436188
2020-04-07 12:17:00,31.586116698
2020-04-07 12:18:00,31.546627882
2020-04-07 12:19:00,31.54169178
2020-04-07 12:20:00,31.54169178
2020-04-07 12:21:00,31.551563984
2020-04-07 12:22:00,31.551563984
2020-04-07 12:23:00,31.526883474
2020-04-07 12:24:00,31.512075168
2020-04-07 12:25:00,31.482458556
2020-04-07 12:26:00,31.502202964
2020-04-07 12:27:00,31.521947372
2020-04-07 12:28:00,31.51701127
2020-04-07 12:29:00,31.531819576
2020-04-07 12:30:00,31.586116698
2020-04-07 12:31:00,31.660158228
2020-04-07 12:32:00,31.620669412
2020-04-07 12:33:00,31.610797208
2020-04-07 12:34:00,31.610797208
2020-04-07 12:35:00,31.610797208
2020-04-07 12:36:00,31.620669412
2020-04-07 12:37:00,31.620669412
2020-04-07 12:38:00,31.645349922
2020-04-07 12:39:00,31.635477718
2020-04-07 12:40:00,31.620669412
2020-04-07 12:41:00,31.595988902
2020-04-07 12:42:00,31.630541616
2020-04-07 12:43:00,31.650286024
2020-04-07 12:44:00,31.650286024
2020-04-07 12:45:00,31.610797208
2020-04-07 12:46:00,31.630541616
2020-04-07 12:47:00,31.61751030672
2020-04-07 12:48:00,31.64041382
2020-04-07 12:49:00,31.650286024
2020-04-07 12:50:00,31.635477718
2020-04-07 12:51:00,31.630541616
2020-04-07 12:52:00,31.620669412
2020-04-07 12:53:00,31.64041382
2020-04-07 12:54:00,31.620669412
2020-04-07 12:55:00,31.620669412
2020-04-07 12:56:00,31.635477718
2020-04-07 12:57:00,31.64041382
2020-04-07 12:58:00,31.630541616
2020-04-07 12:59:00,31.64041382
2020-04-07 13:00:00,31.610797208
2020-04-07 13:01:00,31.630541616
2020-04-07 13:02:00,31.63143011436
2020-04-07 13:03:00,31.62896206336
2020-04-07 13:04:00,31.64041382
2020-04-07 13:05:00,31.605861106
2020-04-07 13:06:00,31.630541616
2020-04-07 13:07:00,31.63212116864
2020-04-07 13:08:00,31.610797208
2020-04-07 13:09:00,31.576244494
2020-04-07 13:10:00,31.595988902
2020-04-07 13:11:00,31.571308392
2020-04-07 13:12:00,31.56548379164
2020-04-07 13:13:00,31.610797208
2020-04-07 13:14:00,31.64041382
2020-04-07 13:15:00,31.625605514
2020-04-07 13:16:00,31.586116698
2020-04-07 13:17:00,31.5910528
2020-04-07 13:18:00,31.551563984
2020-04-07 13:19:00,31.53191829804
2020-04-07 13:20:00,31.531819576
2020-04-07 13:21:00,31.512075168
2020-04-07 13:22:00,31.49746430608
2020-04-07 13:23:00,31.54169178
2020-04-07 13:24:00,31.561436188
2020-04-07 13:25:00,31.531819576
2020-04-07 13:26:00,31.5298451352
2020-04-07 13:27:00,31.512075168
2020-04-07 13:28:00,31.531819576
2020-04-07 13:29:00,31.497266862
2020-04-07 13:30:00,31.512075168
2020-04-07 13:31:00,31.452841944
2020-04-07 13:32:00,31.462714148
2020-04-07 13:33:00,31.462714148
2020-04-07 13:34:00,31.452841944
2020-04-07 13:35:00,31.433097536
2020-04-07 13:36:00,31.4123659076
2020-04-07 13:37:00,31.423225332
2020-04-07 13:38:00,31.430629485
2020-04-07 13:39:00,31.472586352
2020-04-07 13:40:00,31.452841944
2020-04-07 13:41:00,31.472586352
2020-04-07 13:42:00,31.49233076
2020-04-07 13:43:00,31.551563984
2020-04-07 13:44:00,31.54169178
2020-04-07 13:45:00,31.521947372
2020-04-07 13:46:00,31.576244494
2020-04-07 13:47:00,31.600925004
2020-04-07 13:48:00,31.556500086
2020-04-07 13:49:00,31.531819576
2020-04-07 13:50:00,31.50743523212
2020-04-07 13:51:00,31.452841944
2020-04-07 13:52:00,31.52086142956
2020-04-07 13:53:00,31.482458556
2020-04-07 13:54:00,31.472586352
2020-04-07 13:55:00,31.482458556
2020-04-07 13:56:00,31.48650615964
2020-04-07 13:57:00,31.49233076
2020-04-07 13:58:00,31.472586352
2020-04-07 13:59:00,31.482458556
2020-04-07 14:00:00,31.477522454
2020-04-07 14:01:00,31.457778046
2020-04-07 14:02:00,31.44296974
2020-04-07 14:03:00,31.428161434
2020-04-07 14:04:00,31.415821179
2020-04-07 14:05:00,31.44296974
2020-04-07 14:06:00,31.36409083004
2020-04-07 14:07:00,31.339311598
2020-04-07 14:08:00,31.299822782
2020-04-07 14:09:00,31.324503292
2020-04-07 14:10:00,31.36033939252
2020-04-07 14:11:00,31.41828923
2020-04-07 14:12:00,31.39360872
2020-04-07 14:13:00,31.363992108
2020-04-07 14:14:00,31.354119904
2020-04-07 14:15:00,31.3442477
2020-04-07 14:16:00,31.334375496
2020-04-07 14:17:00,31.34020009636
2020-04-07 14:18:00,31.280078374
2020-04-07 14:19:00,31.29064163228
2020-04-07 14:20:00,31.215909048
2020-04-07 14:21:00,31.265270068
2020-04-07 14:22:00,31.33595504864
2020-04-07 14:23:00,31.354119904
2020-04-07 14:24:00,31.373864312
2020-04-07 14:25:00,31.39360872
2020-04-07 14:26:00,31.413353128
2020-04-07 14:27:00,31.413353128
2020-04-07 14:28:00,31.363992108
2020-04-07 14:29:00,31.334375496
2020-04-07 14:30:00,31.40278986972
2020-04-07 14:31:00,31.285014476
2020-04-07 14:32:00,31.29488668
2020-04-07 14:33:00,31.309694986
2020-04-07 14:34:00,31.29488668
2020-04-07 14:35:00,31.29488668
2020-04-07 14:36:00,31.255397864
2020-04-07 14:37:00,31.289950578
2020-04-07 14:38:00,31.29488668
2020-04-07 14:39:00,31.275142272
2020-04-07 14:40:00,31.255397864
2020-04-07 14:41:00,31.260333966
2020-04-07 14:42:00,31.235653456
2020-04-07 14:43:00,31.24552566
2020-04-07 14:44:00,31.225781252
2020-04-07 14:45:00,31.215909048
2020-04-07 14:46:00,31.275142272
2020-04-07 14:47:00,31.2637892374
2020-04-07 14:48:00,31.235653456
2020-04-07 14:49:00,31.240589558
2020-04-07 14:50:00,31.230717354
2020-04-07 14:51:00,31.230717354
2020-04-07 14:52:00,31.235653456
2020-04-07 14:53:00,31.285014476
2020-04-07 14:54:00,31.215909048
2020-04-07 14:55:00,31.18708221232
2020-04-07 14:56:00,31.156675824
2020-04-07 14:57:00,31.225781252
2020-04-07 14:58:00,31.191228538
2020-04-07 14:59:00,31.166548028
2020-04-07 15:00:00,31.176420232
2020-04-07 15:01:00,31.235653456
2020-04-07 15:02:00,31.255397864
2020-04-07 15:03:00,31.289950578
2020-04-07 15:04:00,31.275142272
2020-04-07 15:05:00,31.265270068
2020-04-07 15:06:00,31.282546425
2020-04-07 15:07:00,31.265270068
2020-04-07 15:08:00,31.235653456
2020-04-07 15:09:00,31.255397864
2020-04-07 15:10:00,31.334375496
2020-04-07 15:11:00,31.383736516
2020-04-07 15:12:00,31.36892821
2020-04-07 15:13:00,31.413353128
2020-04-07 15:14:00,31.433097536
2020-04-07 15:15:00,31.413353128
2020-04-07 15:16:00,31.383736516
2020-04-07 15:17:00,31.334375496
2020-04-07 15:18:00,31.339311598
2020-04-07 15:19:00,31.309694986
2020-04-07 15:20:00,31.304758884
2020-04-07 15:21:00,31.30466016196
2020-04-07 15:22:00,31.275142272
2020-04-07 15:23:00,31.31956719
2020-04-07 15:24:00,31.29488668
2020-04-07 15:25:00,31.24552566
2020-04-07 15:26:00,31.304758884
2020-04-07 15:27:00,31.324503292
2020-04-07 15:28:00,31.3052524942
2020-04-07 15:29:00,31.24552566
2020-04-07 15:30:00,31.215909048
2020-04-07 15:31:00,31.235653456
2020-04-07 15:32:00,31.304758884
2020-04-07 15:33:00,31.19616464
2020-04-07 15:34:00,31.275142272
2020-04-07 15:35:00,31.324503292
2020-04-07 15:36:00,31.354119904
2020-04-07 15:37:00,31.324503292
2020-04-07 15:38:00,31.334375496
2020-04-07 15:39:00,31.334375496
2020-04-07 15:40:00,31.423225332
2020-04-07 15:41:00,31.3990384322
2020-04-07 15:42:00,31.43319625804
2020-04-07 15:43:00,31.452841944
2020-04-07 15:44:00,31.428161434
2020-04-07 15:45:00,31.433097536
2020-04-07 15:46:00,31.497266862
2020-04-07 15:47:00,31.482458556
2020-04-07 15:48:00,31.49233076
2020-04-07 15:49:00,31.512075168
2020-04-07 15:50:00,31.561436188
2020-04-07 15:51:00,31.255397864
2020-04-07 15:52:00,31.275142272
2020-04-07 15:53:00,31.250461762
2020-04-07 15:54:00,31.176420232
2020-04-07 15:55:00,31.285014476
2020-04-07 15:56:00,31.285014476
2020-04-07 15:57:00,31.255397864
2020-04-07 15:58:00,31.280078374
2020-04-07 15:59:00,31.206036844
2020-04-07 16:00:00,31.215909048
2020-04-08 09:31:00,31.595988902
2020-04-08 09:32:00,31.758880268
2020-04-08 09:33:00,31.699647044
2020-04-08 09:34:00,31.75512883048
2020-04-08 09:35:00,31.699647044
2020-04-08 09:36:00,31.69135439264
2020-04-08 09:37:00,31.650286024
2020-04-08 09:38:00,31.68977484
2020-04-08 09:39:00,31.729263656
2020-04-08 09:40:00,31.73913586
2020-04-08 09:41:00,31.872410614
2020-04-08 09:42:00,31.8378579
2020-04-08 09:43:00,31.877346716
2020-04-08 09:44:00,31.823049594
2020-04-08 09:45:00,31.857602308
2020-04-08 09:46:00,31.857602308
2020-04-08 09:47:00,31.78849688
2020-04-08 09:48:00,31.818113492
2020-04-08 09:49:00,31.758880268
2020-04-08 09:50:00,31.778624676
2020-04-08 09:51:00,31.749008064
2020-04-08 09:52:00,31.906963328
2020-04-08 09:53:00,31.966196552
2020-04-08 09:54:00,31.93657994
2020-04-08 09:55:00,31.941516042
2020-04-08 09:56:00,31.926707736
2020-04-08 09:57:00,31.867474512
2020-04-08 09:58:00,31.8645128508
2020-04-08 09:59:00,31.882282818
2020-04-08 10:00:00,31.906963328
2020-04-08 10:01:00,31.956324348
2020-04-08 10:02:00,32.045174184
2020-04-08 10:03:00,32.089599102
2020-04-08 10:04:00,32.079726898
2020-04-08 10:05:00,32.03530198
2020-04-08 10:06:00,31.976068756
2020-04-08 10:07:00,32.005685368
2020-04-08 10:08:00,31.98594096
2020-04-08 10:09:00,31.966196552
2020-04-08 10:10:00,32.015557572
2020-04-08 10:11:00,32.03530198
2020-04-08 10:12:00,32.045174184
2020-04-08 10:13:00,32.104407408
2020-04-08 10:14:00,32.129087918
2020-04-08 10:15:00,32.13402402
2020-04-08 10:16:00,32.13402402
2020-04-08 10:17:00,32.094535204
2020-04-08 10:18:00,32.10302529944
2020-04-08 10:19:00,32.069854694
2020-04-08 10:20:00,32.025429776
2020-04-08 10:21:00,31.995813164
2020-04-08 10:22:00,32.025429776
2020-04-08 10:23:00,32.064918592
2020-04-08 10:24:00,32.104407408
2020-04-08 10:25:00,32.064918592
2020-04-08 10:26:00,32.13392529796
2020-04-08 10:27:00,32.074790796
2020-04-08 10:28:00,32.094535204
2020-04-08 10:29:00,32.124151816
2020-04-08 10:30:00,32.15870453
2020-04-08 10:31:00,32.163640632
2020-04-08 10:32:00,32.153768428
2020-04-08 10:33:00,32.222873856
2020-04-08 10:34:00,32.267298774
2020-04-08 10:35:00,32.262362672
2020-04-08 10:36:00,32.252490468
2020-04-08 10:37:00,32.217937754
2020-04-08 10:38:00,32.27006299112
2020-04-08 10:39:00,32.23274606
2020-04-08 10:40:00,32.23274606
2020-04-08 10:41:00,32.272234876
2020-04-08 10:42:00,32.163640632
2020-04-08 10:43:00,32.173512836
2020-04-08 10:44:00,32.163640632
2020-04-08 10:45:00,32.173512836
2020-04-08 10:46:00,32.25742657
2020-04-08 10:47:00,32.262362672
2020-04-08 10:48:00,32.222873856
2020-04-08 10:49:00,32.23274606
2020-04-08 10:50:00,32.23274606
2020-04-08 10:51:00,32.242618264
2020-04-08 10:52:00,32.237682162
2020-04-08 10:53:00,32.23274606
2020-04-08 10:54:00,32.267298774
2020-04-08 10:55:00,32.25071347128
2020-04-08 10:56:00,32.2213930254
2020-04-08 10:57:00,32.25742657
2020-04-08 10:58:00,32.28210708
2020-04-08 10:59:00,32.301851488
2020-04-08 11:00:00,32.267298774
2020-04-08 11:01:00,32.311723692
2020-04-08 11:02:00,32.351212508
2020-04-08 11:03:00,32.346276406
2020-04-08 11:04:00,32.301851488
2020-04-08 11:05:00,32.28200835796
2020-04-08 11:06:00,32.336404202
2020-04-08 11:07:00,32.28210708
2020-04-08 11:08:00,32.291979284
2020-04-08 11:09:00,32.32830899472
2020-04-08 11:10:00,32.3314681
2020-04-08 11:11:00,32.361084712
2020-04-08 11:12:00,32.410445732
2020-04-08 11:13:00,32.45487065
2020-04-08 11:14:00,32.40550963
2020-04-08 11:15:00,32.410445732
2020-04-08 11:16:00,32.444998446
2020-04-08 11:17:00,32.449934548
2020-04-08 11:18:00,32.43019014
2020-04-08 11:19:00,32.425254038
2020-04-08 11:20:00,32.400573528
2020-04-08 11:21:00,32.45487065
2020-04-08 11:22:00,32.449934548
2020-04-08 11:23:00,32.45487065
2020-04-08 11:24:00,32.43848279136
2020-04-08 11:25:00,32.444998446
2020-04-08 11:26:00,32.45487065
2020-04-08 11:27:00,32.474615058
2020-04-08 11:28:00,32.47955116
2020-04-08 11:29:00,32.469678956
2020-04-08 11:30:00,32.47955116
2020-04-08 11:31:00,32.469678956
2020-04-08 11:32:00,32.45467320592
2020-04-08 11:33:00,32.4607939724
2020-04-08 11:34:00,32.449934548
2020-04-08 11:35:00,32.469678956
2020-04-08 11:36:00,32.440062344
2020-04-08 11:37:00,32.48932464196
2020-04-08 11:38:00,32.47955116
2020-04-08 11:39:00,32.43019014
2020-04-08 11:40:00,32.474615058
2020-04-08 11:41:00,32.47955116
2020-04-08 11:42:00,32.444998446
2020-04-08 11:43:00,32.43019014
2020-04-08 11:44:00,32.440062344
2020-04-08 11:45:00,32.469678956
2020-04-08 11:46:00,32.444998446
2020-04-08 11:47:00,32.444998446
2020-04-08 11:48:00,32.449934548
2020-04-08 11:49:00,32.47955116
2020-04-08 11:50:00,32.459806752
2020-04-08 11:51:00,32.400573528
2020-04-08 11:52:00,32.38082912
2020-04-08 11:53:00,32.346276406
2020-04-08 11:54:00,32.34143902604
2020-04-08 11:55:00,32.351212508
2020-04-08 11:56:00,32.336404202
2020-04-08 11:57:00,32.370956916
2020-04-08 11:58:00,32.390701324
2020-04-08 11:59:00,32.400573528
2020-04-08 12:00:00,32.425254038
2020-04-08 12:01:00,32.440062344
2020-04-08 12:02:00,32.43019014
2020-04-08 12:03:00,32.440062344
2020-04-08 12:04:00,32.43019014
2020-04-08 12:05:00,32.440062344
2020-04-08 12:06:00,32.420317936
2020-04-08 12:07:00,32.440062344
2020-04-08 12:08:00,32.43019014
2020-04-08 12:09:00,32.420317936
2020-04-08 12:10:00,32.484487262
2020-04-08 12:11:00,32.489423364
2020-04-08 12:12:00,32.400573528
2020-04-08 12:13:00,32.440062344
2020-04-08 12:14:00,32.459806752
2020-04-08 12:15:00,32.440062344
2020-04-08 12:16:00,32.474615058
2020-04-08 12:17:00,32.588145404
2020-04-08 12:18:00,32.642442526
2020-04-08 12:19:00,32.617762016
2020-04-08 12:20:00,32.612825914
2020-04-08 12:21:00,32.588145404
2020-04-08 12:22:00,32.519039976
2020-04-08 12:23:00,32.543720486
2020-04-08 12:24:00,32.499295568
2020-04-08 12:25:00,32.55359269
2020-04-08 12:26:00,32.5782732
2020-04-08 12:27:00,32.57689109144
2020-04-08 12:28:00,32.548656588
2020-04-08 12:29:00,32.499295568
2020-04-08 12:30:00,32.52891218
2020-04-08 12:31:00,32.54855786596
2020-04-08 12:32:00,32.533848282
2020-04-08 12:33:00,32.538784384
2020-04-08 12:34:00,32.52891218
2020-04-08 12:35:00,32.509167772
2020-04-08 12:36:00,32.440062344
2020-04-08 12:37:00,32.38082912
2020-04-08 12:38:00,32.361084712
2020-04-08 12:39:00,32.3314681
2020-04-08 12:40:00,32.3314681
2020-04-08 12:41:00,32.415381834
2020-04-08 12:42:00,32.410445732
2020-04-08 12:43:00,32.38082912
2020-04-08 12:44:00,32.38082912
2020-04-08 12:45:00,32.41034700996
2020-04-08 12:46:00,32.4287093094
2020-04-08 12:47:00,32.425254038
2020-04-08 12:48:00,32.400573528
2020-04-08 12:49:00,32.385765222
2020-04-08 12:50:00,32.36513231564
2020-04-08 12:51:00,32.341340304
2020-04-08 12:52:00,32.35614861
2020-04-08 12:53:00,32.351212508
2020-04-08 12:54:00,32.311723692
2020-04-08 12:55:00,32.3314681
2020-04-08 12:56:00,32.326531998
2020-04-08 12:57:00,32.3314681
2020-04-08 12:58:00,32.321595896
2020-04-08 12:59:00,32.321595896
2020-04-08 13:00:00,32.326531998
2020-04-08 13:01:00,32.291979284
2020-04-08 13:02:00,32.311723692
2020-04-08 13:03:00,32.296915386
2020-04-08 13:04:00,32.291979284
2020-04-08 13:05:00,32.321595896
2020-04-08 13:06:00,32.311723692
2020-04-08 13:07:00,32.316659794
2020-04-08 13:08:00,32.311723692
2020-04-08 13:09:00,32.301851488
2020-04-08 13:10:00,32.262362672
2020-04-08 13:11:00,32.222873856
2020-04-08 13:12:00,32.2445927048
2020-04-08 13:13:00,32.252490468
2020-04-08 13:14:00,32.262362672
2020-04-08 13:15:00,32.262362672
2020-04-08 13:16:00,32.277170978
2020-04-08 13:17:00,32.296915386
2020-04-08 13:18:00,32.321595896
2020-04-08 13:19:00,32.336404202
2020-04-08 13:20:00,32.336404202
2020-04-08 13:21:00,32.351212508
2020-04-08 13:22:00,32.351212508
2020-04-08 13:23:00,32.390701324
2020-04-08 13:24:00,32.43019014
2020-04-08 13:25:00,32.444998446
2020-04-08 13:26:00,32.459806752
2020-04-08 13:27:00,32.43088119428
2020-04-08 13:28:00,32.449934548
2020-04-08 13:29:00,32.435126242
2020-04-08 13:30:00,32.43019014
2020-04-08 13:31:00,32.43019014
2020-04-08 13:32:00,32.43019014
2020-04-08 13:33:00,32.43019014
2020-04-08 13:34:00,32.4060032402
2020-04-08 13:35:00,32.351212508
2020-04-08 13:36:00,32.321595896
2020-04-08 13:37:00,32.262362672
2020-04-08 13:38:00,32.291979284
2020-04-08 13:39:00,32.262362672
2020-04-08 13:40:00,32.26413966872
2020-04-08 13:41:00,32.296915386
2020-04-08 13:42:00,32.316659794
2020-04-08 13:43:00,32.311723692
2020-04-08 13:44:00,32.316659794
2020-04-08 13:45:00,32.296915386
2020-04-08 13:46:00,32.311723692
2020-04-08 13:47:00,32.321595896
2020-04-08 13:48:00,32.326531998
2020-04-08 13:49:00,32.301851488
2020-04-08 13:50:00,32.301851488
2020-04-08 13:51:00,32.336404202
2020-04-08 13:52:00,32.341340304
2020-04-08 13:53:00,32.351212508
2020-04-08 13:54:00,32.38082912
2020-04-08 13:55:00,32.35614861
2020-04-08 13:56:00,32.272234876
2020-04-08 13:57:00,32.252490468
2020-04-08 13:58:00,32.262362672
2020-04-08 13:59:00,32.28210708
2020-04-08 14:00:00,32.277170978
2020-04-08 14:01:00,32.291979284
2020-04-08 14:02:00,32.35693838632
2020-04-08 14:03:00,32.361084712
2020-04-08 14:04:00,32.395637426
2020-04-08 14:05:00,32.415381834
2020-04-08 14:06:00,32.410445732
2020-04-08 14:07:00,32.370956916
2020-04-08 14:08:00,32.390701324
2020-04-08 14:09:00,32.390701324
2020-04-08 14:10:00,32.449934548
2020-04-08 14:11:00,32.425254038
2020-04-08 14:12:00,32.425254038
2020-04-08 14:13:00,32.410445732
2020-04-08 14:14:00,32.415381834
2020-04-08 14:15:00,32.395637426
2020-04-08 14:16:00,32.420317936
2020-04-08 14:17:00,32.43019014
2020-04-08 14:18:00,32.43019014
2020-04-08 14:19:00,32.42258854292
2020-04-08 14:20:00,32.440062344
2020-04-08 14:21:00,32.484487262
2020-04-08 14:22:00,32.459806752
2020-04-08 14:23:00,32.43019014
2020-04-08 14:24:00,32.420317936
2020-04-08 14:25:00,32.514103874
2020-04-08 14:26:00,32.523976078
2020-04-08 14:27:00,32.50423167
2020-04-08 14:28:00,32.499295568
2020-04-08 14:29:00,32.499295568
2020-04-08 14:30:00,32.51232687728
2020-04-08 14:31:00,32.523976078
2020-04-08 14:32:00,32.52891218
2020-04-08 14:33:00,32.538784384
2020-04-08 14:34:00,32.52891218
2020-04-08 14:35:00,32.499295568
2020-04-08 14:36:00,32.469678956
2020-04-08 14:37:00,32.449934548
2020-04-08 14:38:00,32.459806752
2020-04-08 14:39:00,32.469678956
2020-04-08 14:40:00,32.440062344
2020-04-08 14:41:00,32.464742854
2020-04-08 14:42:00,32.459806752
2020-04-08 14:43:00,32.45487065
2020-04-08 14:44:00,32.440062344
2020-04-08 14:45:00,32.43019014
2020-04-08 14:46:00,32.440062344
2020-04-08 14:47:00,32.469678956
2020-04-08 14:48:00,32.469678956
2020-04-08 14:49:00,32.489423364
2020-04-08 14:50:00,32.509167772
2020-04-08 14:51:00,32.52891218
2020-04-08 14:52:00,32.4825128212
2020-04-08 14:53:00,32.499295568
2020-04-08 14:54:00,32.5071933312
2020-04-08 14:55:00,32.509167772
2020-04-08 14:56:00,32.489423364
2020-04-08 14:57:00,32.484487262
2020-04-08 14:58:00,32.474615058
2020-04-08 14:59:00,32.514103874
2020-04-08 15:00:00,32.519039976
2020-04-08 15:01:00,32.514103874
2020-04-08 15:02:00,32.519039976
2020-04-08 15:03:00,32.52891218
2020-04-08 15:04:00,32.52891218
2020-04-08 15:05:00,32.52891218
2020-04-08 15:06:00,32.499295568
2020-04-08 15:07:00,32.48932464196
2020-04-08 15:08:00,32.519039976
2020-04-08 15:09:00,32.533848282
2020-04-08 15:10:00,32.52891218
2020-04-08 15:11:00,32.499295568
2020-04-08 15:12:00,32.5175591454
2020-04-08 15:13:00,32.484487262
2020-04-08 15:14:00,32.464742854
2020-04-08 15:15:00,32.47955116
2020-04-08 15:16:00,32.499295568
2020-04-08 15:17:00,32.489423364
2020-04-08 15:18:00,32.514103874
2020-04-08 15:19:00,32.509167772
2020-04-08 15:20:00,32.514103874
2020-04-08 15:21:00,32.501763619
2020-04-08 15:22:00,32.474615058
2020-04-08 15:23:00,32.499295568
2020-04-08 15:24:00,32.474615058
2020-04-08 15:25:00,32.49939429004
2020-04-08 15:26:00,32.523976078
2020-04-08 15:27:00,32.5279249596
2020-04-08 15:28:00,32.558528792
2020-04-08 15:29:00,32.548656588
2020-04-08 15:30:00,32.568400996
2020-04-08 15:31:00,32.548656588
2020-04-08 15:32:00,32.548656588
2020-04-08 15:33:00,32.52891218
2020-04-08 15:34:00,32.47955116
2020-04-08 15:35:00,32.444998446
2020-04-08 15:36:00,32.494359466
2020-04-08 15:37:00,32.52891218
2020-04-08 15:38:00,32.52891218
2020-04-08 15:39:00,32.519039976
2020-04-08 15:40:00,32.55359269
2020-04-08 15:41:00,32.484487262
2020-04-08 15:42:00,32.489423364
2020-04-08 15:43:00,32.519039976
2020-04-08 15:44:00,32.558528792
2020-04-08 15:45:00,32.509167772
2020-04-08 15:46:00,32.489423364
2020-04-08 15:47:00,32.52703646124
2020-04-08 15:48:00,32.514103874
2020-04-08 15:49:00,32.50423167
2020-04-08 15:50:00,32.538784384
2020-04-08 15:51:00,32.617762016
2020-04-08 15:52:00,32.622698118
2020-04-08 15:53:00,32.607889812
2020-04-08 15:54:00,32.60295371
2020-04-08 15:55:00,32.617762016
2020-04-08 15:56:00,32.60295371
2020-04-08 15:57:00,32.607889812
2020-04-08 15:58:00,32.607889812
2020-04-08 15:59:00,32.588145404
2020-04-08 16:00:00,32.588145404
2020-04-09 09:31:00,33.175541542
2020-04-09 09:32:00,33.298944092
2020-04-09 09:33:00,33.210094256
2020-04-09 09:34:00,33.027458482
2020-04-09 09:35:00,32.983033564
2020-04-09 09:36:00,33.057075094
2020-04-09 09:37:00,33.180477644
2020-04-09 09:38:00,33.160733236
2020-04-09 09:39:00,33.081755604
2020-04-09 09:40:00,33.17060544
2020-04-09 09:41:00,33.180477644
2020-04-09 09:42:00,33.239710868
2020-04-09 09:43:00,33.38799137208
2020-04-09 09:44:00,33.535876988
2020-04-09 09:45:00,33.66421564
2020-04-09 09:46:00,33.61485462
2020-04-09 09:47:00,33.5654936
2020-04-09 09:48:00,33.5654936
2020-04-09 09:49:00,33.51613258
2020-04-09 09:50:00,33.486515968
2020-04-09 09:51:00,33.506260376
2020-04-09 09:52:00,33.51613258
2020-04-09 09:53:00,33.51613258
2020-04-09 09:54:00,33.456899356
2020-04-09 09:55:00,33.447027152
2020-04-09 09:56:00,33.447027152
2020-04-09 09:57:00,33.437154948
2020-04-09 09:58:00,33.476643764
2020-04-09 09:59:00,33.476643764
2020-04-09 10:00:00,33.471707662
2020-04-09 10:01:00,33.427282744
2020-04-09 10:02:00,33.486515968
2020-04-09 10:03:00,33.5442683614
2020-04-09 10:04:00,33.526004784
2020-04-09 10:05:00,33.486515968
2020-04-09 10:06:00,33.437154948
2020-04-09 10:07:00,33.432218846
2020-04-09 10:08:00,33.397666132
2020-04-09 10:09:00,33.382857826
2020-04-09 10:10:00,33.328560704
2020-04-09 10:11:00,33.308816296
2020-04-09 10:12:00,33.323624602
2020-04-09 10:13:00,33.4169169298
2020-04-09 10:14:00,33.437154948
2020-04-09 10:15:00,33.358177316
2020-04-09 10:16:00,33.328560704
2020-04-09 10:17:00,33.348305112
2020-04-09 10:18:00,33.36034920088
2020-04-09 10:19:00,33.3295479244
2020-04-09 10:20:00,33.31404856412
2020-04-09 10:21:00,33.284135786
2020-04-09 10:22:00,33.28255623336
2020-04-09 10:23:00,33.21996646
2020-04-09 10:24:00,33.24178403084
2020-04-09 10:25:00,33.23882236964
2020-04-09 10:26:00,33.24178403084
2020-04-09 10:27:00,33.24533802428
2020-04-09 10:28:00,33.27900223992
2020-04-09 10:29:00,33.31187667924
2020-04-09 10:30:00,33.348305112
2020-04-09 10:31:00,33.353241214
2020-04-09 10:32:00,33.328560704
2020-04-09 10:33:00,33.36804952
2020-04-09 10:34:00,33.363113418
2020-04-09 10:35:00,33.387793928
2020-04-09 10:36:00,33.358177316
2020-04-09 10:37:00,33.397666132
2020-04-09 10:38:00,33.456899356
2020-04-09 10:39:00,33.427282744
2020-04-09 10:40:00,33.397666132
2020-04-09 10:41:00,33.34336901
2020-04-09 10:42:00,33.289071888
2020-04-09 10:43:00,33.24464697
2020-04-09 10:44:00,33.24464697
2020-04-09 10:45:00,33.298944092
2020-04-09 10:46:00,33.27219041916
2020-04-09 10:47:00,33.323624602
2020-04-09 10:48:00,33.298944092
2020-04-09 10:49:00,33.289071888
2020-04-09 10:50:00,33.29400799
2020-04-09 10:51:00,33.274263582
2020-04-09 10:52:00,33.279199684
2020-04-09 10:53:00,33.26932748
2020-04-09 10:54:00,33.284135786
2020-04-09 10:55:00,33.254519174
2020-04-09 10:56:00,33.224902562
2020-04-09 10:57:00,33.19528595
2020-04-09 10:58:00,33.1967667806
2020-04-09 10:59:00,33.190349848
2020-04-09 11:00:00,33.210094256
2020-04-09 11:01:00,33.12124442
2020-04-09 11:02:00,33.076819502
2020-04-09 11:03:00,33.081755604
2020-04-09 11:04:00,33.0718834
2020-04-09 11:05:00,33.0718834
2020-04-09 11:06:00,33.02252238
2020-04-09 11:07:00,33.012650176
2020-04-09 11:08:00,33.052138992
2020-04-09 11:09:00,33.09152908596
2020-04-09 11:10:00,33.091627808
2020-04-09 11:11:00,33.0718834
2020-04-09 11:12:00,33.086691706
2020-04-09 11:13:00,33.111372216
2020-04-09 11:14:00,33.101500012
2020-04-09 11:15:00,33.150861032
2020-04-09 11:16:00,33.150861032
2020-04-09 11:17:00,33.165669338
2020-04-09 11:18:00,33.180477644
2020-04-09 11:19:00,33.180477644
2020-04-09 11:20:00,33.190349848
2020-04-09 11:21:00,33.229838664
2020-04-09 11:22:00,33.210094256
2020-04-09 11:23:00,33.17060544
2020-04-09 11:24:00,33.180477644
2020-04-09 11:25:00,33.180477644
2020-04-09 11:26:00,33.180477644
2020-04-09 11:27:00,33.259455276
2020-04-09 11:28:00,33.298944092
2020-04-09 11:29:00,33.348305112
2020-04-09 11:30:00,33.3789089444
2020-04-09 11:31:00,33.3784153342
2020-04-09 11:32:00,33.377921724
2020-04-09 11:33:00,33.338432908
2020-04-09 11:34:00,33.370517571
2020-04-09 11:35:00,33.37782300196
2020-04-09 11:36:00,33.36804952
2020-04-09 11:37:00,33.353241214
2020-04-09 11:38:00,33.358177316
2020-04-09 11:39:00,33.422346642
2020-04-09 11:40:00,33.402602234
2020-04-09 11:41:00,33.437154948
2020-04-09 11:42:00,33.387793928
2020-04-09 11:43:00,33.39273003
2020-04-09 11:44:00,33.377921724
2020-04-09 11:45:00,33.427282744
2020-04-09 11:46:00,33.427282744
2020-04-09 11:47:00,33.44209105
2020-04-09 11:48:00,33.447027152
2020-04-09 11:49:00,33.471707662
2020-04-09 11:50:00,33.447027152
2020-04-09 11:51:00,33.461835458
2020-04-09 11:52:00,33.432218846
2020-04-09 11:53:00,33.407538336
2020-04-09 11:54:00,33.44209105
2020-04-09 11:55:00,33.437154948
2020-04-09 11:56:00,33.451963254
2020-04-09 11:57:00,33.461835458
2020-04-09 11:58:00,33.461835458
2020-04-09 11:59:00,33.461835458
2020-04-09 12:00:00,33.461835458
2020-04-09 12:01:00,33.46410606492
2020-04-09 12:02:00,33.471707662
2020-04-09 12:03:00,33.46677156
2020-04-09 12:04:00,33.456899356
2020-04-09 12:05:00,33.506260376
2020-04-09 12:06:00,33.54081309
2020-04-09 12:07:00,33.486515968
2020-04-09 12:08:00,33.471707662
2020-04-09 12:09:00,33.476643764
2020-04-09 12:10:00,33.461835458
2020-04-09 12:11:00,33.46677156
2020-04-09 12:12:00,33.46677156
2020-04-09 12:13:00,33.464303509
2020-04-09 12:14:00,33.456899356
2020-04-09 12:15:00,33.437154948
2020-04-09 12:16:00,33.46677156
2020-04-09 12:17:00,33.46677156
2020-04-09 12:18:00,33.46677156
2020-04-09 12:19:00,33.461835458
2020-04-09 12:20:00,33.46677156
2020-04-09 12:21:00,33.47190510608
2020-04-09 12:22:00,33.476643764
2020-04-09 12:23:00,33.427282744
2020-04-09 12:24:00,33.456899356
2020-04-09 12:25:00,33.461835458
2020-04-09 12:26:00,33.461835458
2020-04-09 12:27:00,33.461835458
2020-04-09 12:28:00,33.471707662
2020-04-09 12:29:00,33.422346642
2020-04-09 12:30:00,33.422346642
2020-04-09 12:31:00,33.451963254
2020-04-09 12:32:00,33.461835458
2020-04-09 12:33:00,33.456899356
2020-04-09 12:34:00,33.44712587404
2020-04-09 12:35:00,33.451963254
2020-04-09 12:36:00,33.387793928
2020-04-09 12:37:00,33.427282744
2020-04-09 12:38:00,33.44209105
2020-04-09 12:39:00,33.46677156
2020-04-09 12:40:00,33.476643764
2020-04-09 12:41:00,33.481579866
2020-04-09 12:42:00,33.496388172
2020-04-09 12:43:00,33.511196478
2020-04-09 12:44:00,33.496388172
2020-04-09 12:45:00,33.49145207
2020-04-09 12:46:00,33.46677156
2020-04-09 12:47:00,33.496388172
2020-04-09 12:48:00,33.530940886
2020-04-09 12:49:00,33.535876988
2020-04-09 12:50:00,33.530940886
2020-04-09 12:51:00,33.530940886
2020-04-09 12:52:00,33.530940886
2020-04-09 12:53:00,33.526004784
2020-04-09 12:54:00,33.530940886
2020-04-09 12:55:00,33.526004784
2020-04-09 12:56:00,33.501324274
2020-04-09 12:57:00,33.530940886
2020-04-09 12:58:00,33.550685294
2020-04-09 12:59:00,33.5654936
2020-04-09 13:00:00,33.545749192
2020-04-09 13:01:00,33.545749192
2020-04-09 13:02:00,33.511196478
2020-04-09 13:03:00,33.511196478
2020-04-09 13:04:00,33.535876988
2020-04-09 13:05:00,33.486515968
2020-04-09 13:06:00,33.496388172
2020-04-09 13:07:00,33.49767155852
2020-04-09 13:08:00,33.506260376
2020-04-09 13:09:00,33.51613258
2020-04-09 13:10:00,33.535876988
2020-04-09 13:11:00,33.526004784
2020-04-09 13:12:00,33.46677156
2020-04-09 13:13:00,33.486515968
2020-04-09 13:14:00,33.521068682
2020-04-09 13:15:00,33.526004784
2020-04-09 13:16:00,33.526004784
2020-04-09 13:17:00,33.51613258
2020-04-09 13:18:00,33.526004784
2020-04-09 13:19:00,33.526004784
2020-04-09 13:20:00,33.5654936
2020-04-09 13:21:00,33.575365804
2020-04-09 13:22:00,33.535876988
2020-04-09 13:23:00,33.535876988
2020-04-09 13:24:00,33.530940886
2020-04-09 13:25:00,33.535876988
2020-04-09 13:26:00,33.50102810788
2020-04-09 13:27:00,33.545749192
2020-04-09 13:28:00,33.545749192
2020-04-09 13:29:00,33.5427875308
2020-04-09 13:30:00,33.570429702
2020-04-09 13:31:00,33.624726824
2020-04-09 13:32:00,33.61485462
2020-04-09 13:33:00,33.604982416
2020-04-09 13:34:00,33.585238008
2020-04-09 13:35:00,33.575365804
2020-04-09 13:36:00,33.51603385796
2020-04-09 13:37:00,33.496388172
2020-04-09 13:38:00,33.496388172
2020-04-09 13:39:00,33.501324274
2020-04-09 13:40:00,33.51603385796
2020-04-09 13:41:00,33.496388172
2020-04-09 13:42:00,33.476643764
2020-04-09 13:43:00,33.486515968
2020-04-09 13:44:00,33.45581341356
2020-04-09 13:45:00,33.456899356
2020-04-09 13:46:00,33.447027152
2020-04-09 13:47:00,33.451963254
2020-04-09 13:48:00,33.447027152
2020-04-09 13:49:00,33.41741054
2020-04-09 13:50:00,33.427282744
2020-04-09 13:51:00,33.358177316
2020-04-09 13:52:00,33.39806102016
2020-04-09 13:53:00,33.432218846
2020-04-09 13:54:00,33.4159297094
2020-04-09 13:55:00,33.402602234
2020-04-09 13:56:00,33.39273003
2020-04-09 13:57:00,33.407538336
2020-04-09 13:58:00,33.45680063396
2020-04-09 13:59:00,33.461835458
2020-04-09 14:00:00,33.49145207
2020-04-09 14:01:00,33.47822331664
2020-04-09 14:02:00,33.456899356
2020-04-09 14:03:00,33.41741054
2020-04-09 14:04:00,33.44712587404
2020-04-09 14:05:00,33.437154948
2020-04-09 14:06:00,33.363113418
2020-04-09 14:07:00,33.41741054
2020-04-09 14:08:00,33.407538336
2020-04-09 14:09:00,33.36804952
2020-04-09 14:10:00,33.36804952
2020-04-09 14:11:00,33.358177316
2020-04-09 14:12:00,33.338432908
2020-04-09 14:13:00,33.36804952
2020-04-09 14:14:00,33.338432908
2020-04-09 14:15:00,33.34336901
2020-04-09 14:16:00,33.308816296
2020-04-09 14:17:00,33.264391378
2020-04-09 14:18:00,33.249583072
2020-04-09 14:19:00,33.239710868
2020-04-09 14:20:00,33.239710868
2020-04-09 14:21:00,33.21996646
2020-04-09 14:22:00,33.210094256
2020-04-09 14:23:00,33.249583072
2020-04-09 14:24:00,33.259455276
2020-04-09 14:25:00,33.26932748
2020-04-09 14:26:00,33.313752398
2020-04-09 14:27:00,33.298944092
2020-04-09 14:28:00,33.298944092
2020-04-09 14:29:00,33.313752398
2020-04-09 14:30:00,33.353241214
2020-04-09 14:31:00,33.39273003
2020-04-09 14:32:00,33.402602234
2020-04-09 14:33:00,33.427282744
2020-04-09 14:34:00,33.437154948
2020-04-09 14:35:00,33.427282744
2020-04-09 14:36:00,33.41741054
2020-04-09 14:37:00,33.427282744
2020-04-09 14:38:00,33.461835458
2020-04-09 14:39:00,33.456899356
2020-04-09 14:40:00,33.471707662
2020-04-09 14:41:00,33.49145207
2020-04-09 14:42:00,33.456899356
2020-04-09 14:43:00,33.432218846
2020-04-09 14:44:00,33.46677156
2020-04-09 14:45:00,33.476643764
2020-04-09 14:46:00,33.46677156
2020-04-09 14:47:00,33.476643764
2020-04-09 14:48:00,33.38739903984
2020-04-09 14:49:00,33.338432908
2020-04-09 14:50:00,33.38986709084
2020-04-09 14:51:00,33.284135786
2020-04-09 14:52:00,33.3186885
2020-04-09 14:53:00,33.308816296
2020-04-09 14:54:00,33.259455276
2020-04-09 14:55:00,33.26932748
2020-04-09 14:56:00,33.239710868
2020-04-09 14:57:00,33.229838664
2020-04-09 14:58:00,33.229838664
2020-04-09 14:59:00,33.21996646
2020-04-09 15:00:00,33.229838664
2020-04-09 15:01:00,33.24464697
2020-04-09 15:02:00,33.279199684
2020-04-09 15:03:00,33.26932748
2020-04-09 15:04:00,33.289071888
2020-04-09 15:05:00,33.279199684
2020-04-09 15:06:00,33.279199684
2020-04-09 15:07:00,33.3186885
2020-04-09 15:08:00,33.328560704
2020-04-09 15:09:00,33.348305112
2020-04-09 15:10:00,33.29400799
2020-04-09 15:11:00,33.3186885
2020-04-09 15:12:00,33.333496806
2020-04-09 15:13:00,33.348305112
2020-04-09 15:14:00,33.36804952
2020-04-09 15:15:00,33.35610415316
2020-04-09 15:16:00,33.387793928
2020-04-09 15:17:00,33.387793928
2020-04-09 15:18:00,33.427282744
2020-04-09 15:19:00,33.377921724
2020-04-09 15:20:00,33.372985622
2020-04-09 15:21:00,33.358177316
2020-04-09 15:22:00,33.338432908
2020-04-09 15:23:00,33.27485591424
2020-04-09 15:24:00,33.289071888
2020-04-09 15:25:00,33.303880194
2020-04-09 15:26:00,33.308816296
2020-04-09 15:27:00,33.308816296
2020-04-09 15:28:00,33.284135786
2020-04-09 15:29:00,33.26932748
2020-04-09 15:30:00,33.358177316
2020-04-09 15:31:00,33.397666132
2020-04-09 15:32:00,33.422346642
2020-04-09 15:33:00,33.447027152
2020-04-09 15:34:00,33.447027152
2020-04-09 15:35:00,33.42984951704
2020-04-09 15:36:00,33.456899356
2020-04-09 15:37:00,33.387793928
2020-04-09 15:38:00,33.372985622
2020-04-09 15:39:00,33.407538336
2020-04-09 15:40:00,33.451963254
2020-04-09 15:41:00,33.427282744
2020-04-09 15:42:00,33.447027152
2020-04-09 15:43:00,33.46677156
2020-04-09 15:44:00,33.402602234
2020-04-09 15:45:00,33.41741054
2020-04-09 15:46:00,33.451963254
2020-04-09 15:47:00,33.427282744
2020-04-09 15:48:00,33.387793928
2020-04-09 15:49:00,33.298944092
2020-04-09 15:50:00,33.3186885
2020-04-09 15:51:00,33.41741054
2020-04-09 15:52:00,33.496388172
2020-04-09 15:53:00,33.471707662
2020-04-09 15:54:00,33.45847890864
2020-04-09 15:55:00,33.486515968
2020-04-09 15:56:00,33.486515968
2020-04-09 15:57:00,33.49145207
2020-04-09 15:58:00,33.456899356
2020-04-09 15:59:00,33.44209105
2020-04-09 16:00:00,33.397666132
2020-04-13 09:31:00,33.772809884
2020-04-13 09:32:00,34.226931268
2020-04-13 09:33:00,34.414503144
2020-04-13 09:34:00,34.607011122
2020-04-13 09:35:00,34.532969592
2020-04-13 09:36:00,34.458928062
2020-04-13 09:37:00,34.147953636
2020-04-13 09:38:00,34.128209228
2020-04-13 09:39:00,34.197314656
2020-04-13 09:40:00,34.15782584
2020-04-13 09:41:00,34.187442452
2020-04-13 09:42:00,34.22683254596
2020-04-13 09:43:00,34.167698044
2020-04-13 09:44:00,34.147953636
2020-04-13 09:45:00,34.123273126
2020-04-13 09:46:00,34.123273126
2020-04-13 09:47:00,34.236803472
2020-04-13 09:48:00,34.128209228
2020-04-13 09:49:00,34.00974278
2020-04-13 09:50:00,33.96038176
2020-04-13 09:51:00,34.049231596
2020-04-13 09:52:00,34.054167698
2020-04-13 09:53:00,34.039359392
2020-04-13 09:54:00,34.019614984
2020-04-13 09:55:00,34.118337024
2020-04-13 09:56:00,34.162761942
2020-04-13 09:57:00,34.217059064
2020-04-13 09:58:00,34.128209228
2020-04-13 09:59:00,34.019614984
2020-04-13 10:00:00,34.068976004
2020-04-13 10:01:00,34.0591038
2020-04-13 10:02:00,34.088720412
2020-04-13 10:03:00,34.197314656
2020-04-13 10:04:00,34.192378554
2020-04-13 10:05:00,34.197314656
2020-04-13 10:06:00,34.197314656
2020-04-13 10:07:00,34.177570248
2020-04-13 10:08:00,34.187442452
2020-04-13 10:09:00,34.192378554
2020-04-13 10:10:00,34.217059064
2020-04-13 10:11:00,34.177570248
2020-04-13 10:12:00,34.20718686
2020-04-13 10:13:00,34.123273126
2020-04-13 10:14:00,34.08378431
2020-04-13 10:15:00,34.098592616
2020-04-13 10:16:00,33.91102074
2020-04-13 10:17:00,33.841915312
2020-04-13 10:18:00,33.8122987
2020-04-13 10:19:00,33.83697921
2020-04-13 10:20:00,33.792554292
2020-04-13 10:21:00,33.674087844
2020-04-13 10:22:00,33.693832252
2020-04-13 10:23:00,33.733321068
2020-04-13 10:24:00,33.72236292156
2020-04-13 10:25:00,33.68889615
2020-04-13 10:26:00,33.703704456
2020-04-13 10:27:00,33.703704456
2020-04-13 10:28:00,33.703704456
2020-04-13 10:29:00,33.748129374
2020-04-13 10:30:00,33.71357666
2020-04-13 10:31:00,33.71357666
2020-04-13 10:32:00,33.693832252
2020-04-13 10:33:00,33.758001578
2020-04-13 10:34:00,33.743193272
2020-04-13 10:35:00,33.758001578
2020-04-13 10:36:00,33.728384966
2020-04-13 10:37:00,33.723448864
2020-04-13 10:38:00,33.72354758604
2020-04-13 10:39:00,33.69985429644
2020-04-13 10:40:00,33.703704456
2020-04-13 10:41:00,33.71357666
2020-04-13 10:42:00,33.723448864
2020-04-13 10:43:00,33.772809884
2020-04-13 10:44:00,33.772809884
2020-04-13 10:45:00,33.7663929514
2020-04-13 10:46:00,33.866595822
2020-04-13 10:47:00,33.832043108
2020-04-13 10:48:00,33.846851414
2020-04-13 10:49:00,33.822170904
2020-04-13 10:50:00,33.777745986
2020-04-13 10:51:00,33.792554292
2020-04-13 10:52:00,33.856723618
2020-04-13 10:53:00,33.896212434
2020-04-13 10:54:00,33.866595822
2020-04-13 10:55:00,33.802426496
2020-04-13 10:56:00,33.802426496
2020-04-13 10:57:00,33.906084638
2020-04-13 10:58:00,33.930765148
2020-04-13 10:59:00,33.901148536
2020-04-13 11:00:00,33.901148536
2020-04-13 11:01:00,33.792554292
2020-04-13 11:02:00,33.817234802
2020-04-13 11:03:00,33.723448864
2020-04-13 11:04:00,33.63953513
2020-04-13 11:05:00,33.703704456
2020-04-13 11:06:00,33.659279538
2020-04-13 11:07:00,33.595110212
2020-04-13 11:08:00,33.644471232
2020-04-13 11:09:00,33.624726824
2020-04-13 11:10:00,33.553153345
2020-04-13 11:11:00,33.535876988
2020-04-13 11:12:00,33.644471232
2020-04-13 11:13:00,33.644471232
2020-04-13 11:14:00,33.61485462
2020-04-13 11:15:00,33.649407334
2020-04-13 11:16:00,33.728384966
2020-04-13 11:17:00,33.777745986
2020-04-13 11:18:00,33.83697921
2020-04-13 11:19:00,33.8122987
2020-04-13 11:20:00,33.822170904
2020-04-13 11:21:00,33.906084638
2020-04-13 11:22:00,33.989998372
2020-04-13 11:23:00,33.920892944
2020-04-13 11:24:00,33.970253964
2020-04-13 11:25:00,34.049231596
2020-04-13 11:26:00,33.96038176
2020-04-13 11:27:00,34.03442329
2020-04-13 11:28:00,34.054167698
2020-04-13 11:29:00,34.029487188
2020-04-13 11:30:00,34.08862168996
2020-04-13 11:31:00,34.113400922
2020-04-13 11:32:00,34.147953636
2020-04-13 11:33:00,34.143017534
2020-04-13 11:34:00,34.12811050596
2020-04-13 11:35:00,34.14884213436
2020-04-13 11:36:00,34.147953636
2020-04-13 11:37:00,34.147953636
2020-04-13 11:38:00,34.128209228
2020-04-13 11:39:00,34.147953636
2020-04-13 11:40:00,34.143017534
2020-04-13 11:41:00,34.098592616
2020-04-13 11:42:00,34.098592616
2020-04-13 11:43:00,34.15782584
2020-04-13 11:44:00,34.167698044
2020-04-13 11:45:00,34.143017534
2020-04-13 11:46:00,34.138081432
2020-04-13 11:47:00,34.118337024
2020-04-13 11:48:00,34.147953636
2020-04-13 11:49:00,34.172634146
2020-04-13 11:50:00,34.187442452
2020-04-13 11:51:00,34.15782584
2020-04-13 11:52:00,34.197314656
2020-04-13 11:53:00,34.18250635
2020-04-13 11:54:00,34.197314656
2020-04-13 11:55:00,34.192378554
2020-04-13 11:56:00,34.123273126
2020-04-13 11:57:00,34.167698044
2020-04-13 11:58:00,34.167698044
2020-04-13 11:59:00,34.162761942
2020-04-13 12:00:00,34.147953636
2020-04-13 12:01:00,34.197314656
2020-04-13 12:02:00,34.26622263992
2020-04-13 12:03:00,34.221995166
2020-04-13 12:04:00,34.310845002
2020-04-13 12:05:00,34.320717206
2020-04-13 12:06:00,34.34026416992
2020-04-13 12:07:00,34.300972798
2020-04-13 12:08:00,34.251611778
2020-04-13 12:09:00,34.261483982
2020-04-13 12:10:00,34.251611778
2020-04-13 12:11:00,34.21715778604
2020-04-13 12:12:00,34.23186737
2020-04-13 12:13:00,34.286164492
2020-04-13 12:14:00,34.3059089
2020-04-13 12:15:00,34.3059089
2020-04-13 12:16:00,34.251611778
2020-04-13 12:17:00,34.266420084
2020-04-13 12:18:00,34.32555458596
2020-04-13 12:19:00,34.34756960088
2020-04-13 12:20:00,34.35526992
2020-04-13 12:21:00,34.365142124
2020-04-13 12:22:00,34.296036696
2020-04-13 12:23:00,34.300972798
2020-04-13 12:24:00,34.3059089
2020-04-13 12:25:00,34.31153605628
2020-04-13 12:26:00,34.266420084
2020-04-13 12:27:00,34.276292288
2020-04-13 12:28:00,34.217059064
2020-04-13 12:29:00,34.1992890968
2020-04-13 12:30:00,34.2570414902
2020-04-13 12:31:00,34.177570248
2020-04-13 12:32:00,34.138081432
2020-04-13 12:33:00,34.118337024
2020-04-13 12:34:00,34.098592616
2020-04-13 12:35:00,34.143017534
2020-04-13 12:36:00,34.15782584
2020-04-13 12:37:00,34.14321497808
2020-04-13 12:38:00,34.17766897004
2020-04-13 12:39:00,34.187442452
2020-04-13 12:40:00,34.172634146
2020-04-13 12:41:00,34.187442452
2020-04-13 12:42:00,34.226931268
2020-04-13 12:43:00,34.251611778
2020-04-13 12:44:00,34.276292288
2020-04-13 12:45:00,34.276292288
2020-04-13 12:46:00,34.261483982
2020-04-13 12:47:00,34.25654788
2020-04-13 12:48:00,34.236803472
2020-04-13 12:49:00,34.221995166
2020-04-13 12:50:00,34.246675676
2020-04-13 12:51:00,34.226931268
2020-04-13 12:52:00,34.167698044
2020-04-13 12:53:00,34.197314656
2020-04-13 12:54:00,34.20718686
2020-04-13 12:55:00,34.167698044
2020-04-13 12:56:00,34.167698044
2020-04-13 12:57:00,34.197314656
2020-04-13 12:58:00,34.25654788
2020-04-13 12:59:00,34.276292288
2020-04-13 13:00:00,34.251611778
2020-04-13 13:01:00,34.2377906924
2020-04-13 13:02:00,34.251611778
2020-04-13 13:03:00,34.221995166
2020-04-13 13:04:00,34.15782584
2020-04-13 13:05:00,34.167698044
2020-04-13 13:06:00,34.192378554
2020-04-13 13:07:00,34.202250758
2020-04-13 13:08:00,34.187442452
2020-04-13 13:09:00,34.217059064
2020-04-13 13:10:00,34.25654788
2020-04-13 13:11:00,34.20718686
2020-04-13 13:12:00,34.177570248
2020-04-13 13:13:00,34.187442452
2020-04-13 13:14:00,34.187442452
2020-04-13 13:15:00,34.15782584
2020-04-13 13:16:00,34.177570248
2020-04-13 13:17:00,34.177570248
2020-04-13 13:18:00,34.172634146
2020-04-13 13:19:00,34.177570248
2020-04-13 13:20:00,34.212122962
2020-04-13 13:21:00,34.167698044
2020-04-13 13:22:00,34.18250635
2020-04-13 13:23:00,34.162761942
2020-04-13 13:24:00,34.15644373144
2020-04-13 13:25:00,34.152889738
2020-04-13 13:26:00,34.167698044
2020-04-13 13:27:00,34.143017534
2020-04-13 13:28:00,34.20718686
2020-04-13 13:29:00,34.18250635
2020-04-13 13:30:00,34.20718686
2020-04-13 13:31:00,34.212122962
2020-04-13 13:32:00,34.226931268
2020-04-13 13:33:00,34.271356186
2020-04-13 13:34:00,34.286164492
2020-04-13 13:35:00,34.25644915796
2020-04-13 13:36:00,34.23463158712
2020-04-13 13:37:00,34.25654788
2020-04-13 13:38:00,34.2609903718
2020-04-13 13:39:00,34.271356186
2020-04-13 13:40:00,34.25654788
2020-04-13 13:41:00,34.286164492
2020-04-13 13:42:00,34.31587982604
2020-04-13 13:43:00,34.394758736
2020-04-13 13:44:00,34.414503144
2020-04-13 13:45:00,34.370078226
2020-04-13 13:46:00,34.419439246
2020-04-13 13:47:00,34.414503144
2020-04-13 13:48:00,34.414503144
2020-04-13 13:49:00,34.384886532
2020-04-13 13:50:00,34.350333818
2020-04-13 13:51:00,34.360206022
2020-04-13 13:52:00,34.384886532
2020-04-13 13:53:00,34.370078226
2020-04-13 13:54:00,34.340461614
2020-04-13 13:55:00,34.360206022
2020-04-13 13:56:00,34.375014328
2020-04-13 13:57:00,34.35526992
2020-04-13 13:58:00,34.35526992
2020-04-13 13:59:00,34.33868461728
2020-04-13 14:00:00,34.335525512
2020-04-13 14:01:00,34.35526992
2020-04-13 14:02:00,34.2915942042
2020-04-13 14:03:00,34.3059089
2020-04-13 14:04:00,34.315781104
2020-04-13 14:05:00,34.340461614
2020-04-13 14:06:00,34.35526992
2020-04-13 14:07:00,34.360206022
2020-04-13 14:08:00,34.3059089
2020-04-13 14:09:00,34.28122839
2020-04-13 14:10:00,34.3315766304
2020-04-13 14:11:00,34.236803472
2020-04-13 14:12:00,34.25654788
2020-04-13 14:13:00,34.236803472
2020-04-13 14:14:00,34.221995166
2020-04-13 14:15:00,34.20718686
2020-04-13 14:16:00,34.212122962
2020-04-13 14:17:00,34.236803472
2020-04-13 14:18:00,34.246675676
2020-04-13 14:19:00,34.251611778
2020-04-13 14:20:00,34.271356186
2020-04-13 14:21:00,34.25654788
2020-04-13 14:22:00,34.23186737
2020-04-13 14:23:00,34.236803472
2020-04-13 14:24:00,34.226931268
2020-04-13 14:25:00,34.236803472
2020-04-13 14:26:00,34.21715778604
2020-04-13 14:27:00,34.177570248
2020-04-13 14:28:00,34.20718686
2020-04-13 14:29:00,34.2180462844
2020-04-13 14:30:00,34.20392903268
2020-04-13 14:31:00,34.3014664082
2020-04-13 14:32:00,34.283696441
2020-04-13 14:33:00,34.286164492
2020-04-13 14:34:00,34.296036696
2020-04-13 14:35:00,34.286164492
2020-04-13 14:36:00,34.276292288
2020-04-13 14:37:00,34.251611778
2020-04-13 14:38:00,34.286164492
2020-04-13 14:39:00,34.300972798
2020-04-13 14:40:00,34.28122839
2020-04-13 14:41:00,34.271356186
2020-04-13 14:42:00,34.20718686
2020-04-13 14:43:00,34.25654788
2020-04-13 14:44:00,34.261483982
2020-04-13 14:45:00,34.226931268
2020-04-13 14:46:00,34.25654788
2020-04-13 14:47:00,34.221995166
2020-04-13 14:48:00,34.24094979768
2020-04-13 14:49:00,34.276292288
2020-04-13 14:50:00,34.291100594
2020-04-13 14:51:00,34.276292288
2020-04-13 14:52:00,34.29564180784
2020-04-13 14:53:00,34.296036696
2020-04-13 14:54:00,34.28300538672
2020-04-13 14:55:00,34.286164492
2020-04-13 14:56:00,34.286164492
2020-04-13 14:57:00,34.340461614
2020-04-13 14:58:00,34.315781104
2020-04-13 14:59:00,34.310845002
2020-04-13 15:00:00,34.310845002
2020-04-13 15:01:00,34.2580287106
2020-04-13 15:02:00,34.266420084
2020-04-13 15:03:00,34.23522391936
2020-04-13 15:04:00,34.197314656
2020-04-13 15:05:00,34.177570248
2020-04-13 15:06:00,34.202250758
2020-04-13 15:07:00,34.202250758
2020-04-13 15:08:00,34.217059064
2020-04-13 15:09:00,34.20718686
2020-04-13 15:10:00,34.184974401
2020-04-13 15:11:00,34.197314656
2020-04-13 15:12:00,34.246675676
2020-04-13 15:13:00,34.226931268
2020-04-13 15:14:00,34.212122962
2020-04-13 15:15:00,34.192378554
2020-04-13 15:16:00,34.20718686
2020-04-13 15:17:00,34.296036696
2020-04-13 15:18:00,34.2476628964
2020-04-13 15:19:00,34.28122839
2020-04-13 15:20:00,34.300972798
2020-04-13 15:21:00,34.310845002
2020-04-13 15:22:00,34.3128194428
2020-04-13 15:23:00,34.2708625758
2020-04-13 15:24:00,34.3059089
2020-04-13 15:25:00,34.3059089
2020-04-13 15:26:00,34.25654788
2020-04-13 15:27:00,34.271356186
2020-04-13 15:28:00,34.25654788
2020-04-13 15:29:00,34.25654788
2020-04-13 15:30:00,34.296036696
2020-04-13 15:31:00,34.315781104
2020-04-13 15:32:00,34.35526992
2020-04-13 15:33:00,34.384886532
2020-04-13 15:34:00,34.394758736
2020-04-13 15:35:00,34.444119756
2020-04-13 15:36:00,34.42931145
2020-04-13 15:37:00,34.439183654
2020-04-13 15:38:00,34.40463094
2020-04-13 15:39:00,34.4401708744
2020-04-13 15:40:00,34.444119756
2020-04-13 15:41:00,34.370078226
2020-04-13 15:42:00,34.414503144
2020-04-13 15:43:00,34.4041373298
2020-04-13 15:44:00,34.42931145
2020-04-13 15:45:00,34.449055858
2020-04-13 15:46:00,34.439183654
2020-04-13 15:47:00,34.444119756
2020-04-13 15:48:00,34.439183654
2020-04-13 15:49:00,34.45399196
2020-04-13 15:50:00,34.439183654
2020-04-13 15:51:00,34.28122839
2020-04-13 15:52:00,34.25654788
2020-04-13 15:53:00,34.276292288
2020-04-13 15:54:00,34.291100594
2020-04-13 15:55:00,34.325653308
2020-04-13 15:56:00,34.315781104
2020-04-13 15:57:00,34.320717206
2020-04-13 15:58:00,34.365142124
2020-04-13 15:59:00,34.345397716
2020-04-13 16:00:00,34.315781104
2020-04-14 09:31:00,34.927857752
2020-04-14 09:32:00,34.82419961
2020-04-14 09:33:00,34.8602331546
2020-04-14 09:34:00,34.917985548
2020-04-14 09:35:00,35.02164369
2020-04-14 09:36:00,35.115429628
2020-04-14 09:37:00,35.154918444
2020-04-14 09:38:00,35.174662852
2020-04-14 09:39:00,35.273384892
2020-04-14 09:40:00,35.307937606
2020-04-14 09:41:00,35.312873708
2020-04-14 09:42:00,35.224023872
2020-04-14 09:43:00,35.19440726
2020-04-14 09:44:00,35.258576586
2020-04-14 09:45:00,35.303001504
2020-04-14 09:46:00,35.214151668
2020-04-14 09:47:00,35.204279464
2020-04-14 09:48:00,35.23517946252
2020-04-14 09:49:00,35.263512688
2020-04-14 09:50:00,35.337554218
2020-04-14 09:51:00,35.332618116
2020-04-14 09:52:00,35.40182226604
2020-04-14 09:53:00,35.381979136
2020-04-14 09:54:00,35.352362524
2020-04-14 09:55:00,35.303001504
2020-04-14 09:56:00,35.332618116
2020-04-14 09:57:00,35.352362524
2020-04-14 09:58:00,35.352362524
2020-04-14 09:59:00,35.352362524
2020-04-14 10:00:00,35.411595748
2020-04-14 10:01:00,35.352362524
2020-04-14 10:02:00,35.3084312162
2020-04-14 10:03:00,35.312873708
2020-04-14 10:04:00,35.303001504
2020-04-14 10:05:00,35.258576586
2020-04-14 10:06:00,35.26844879
2020-04-14 10:07:00,35.298065402
2020-04-14 10:08:00,35.312873708
2020-04-14 10:09:00,35.372106932
2020-04-14 10:10:00,35.362234728
2020-04-14 10:11:00,35.352362524
2020-04-14 10:12:00,35.327682014
2020-04-14 10:13:00,35.34249032
2020-04-14 10:14:00,35.381979136
2020-04-14 10:15:00,35.352362524
2020-04-14 10:16:00,35.401723544
2020-04-14 10:17:00,35.431340156
2020-04-14 10:18:00,35.421467952
2020-04-14 10:19:00,35.39185134
2020-04-14 10:20:00,35.426404054
2020-04-14 10:21:00,35.421467952
2020-04-14 10:22:00,35.421467952
2020-04-14 10:23:00,35.46589287
2020-04-14 10:24:00,35.505381686
2020-04-14 10:25:00,35.470828972
2020-04-14 10:26:00,35.426404054
2020-04-14 10:27:00,35.421467952
2020-04-14 10:28:00,35.362234728
2020-04-14 10:29:00,35.303001504
2020-04-14 10:30:00,35.332618116
2020-04-14 10:31:00,35.332618116
2020-04-14 10:32:00,35.36717083
2020-04-14 10:33:00,35.386915238
2020-04-14 10:34:00,35.34041715716
2020-04-14 10:35:00,35.322745912
2020-04-14 10:36:00,35.307937606
2020-04-14 10:37:00,35.36085261944
2020-04-14 10:38:00,35.332618116
2020-04-14 10:39:00,35.298065402
2020-04-14 10:40:00,35.26844879
2020-04-14 10:41:00,35.24376828
2020-04-14 10:42:00,35.2699296206
2020-04-14 10:43:00,35.322745912
2020-04-14 10:44:00,35.347426422
2020-04-14 10:45:00,35.34041715716
2020-04-14 10:46:00,35.332618116
2020-04-14 10:47:00,35.307937606
2020-04-14 10:48:00,35.263512688
2020-04-14 10:49:00,35.204279464
2020-04-14 10:50:00,35.258576586
2020-04-14 10:51:00,35.224023872
2020-04-14 10:52:00,35.263512688
2020-04-14 10:53:00,35.253640484
2020-04-14 10:54:00,35.303001504
2020-04-14 10:55:00,35.2931293
2020-04-14 10:56:00,35.248704382
2020-04-14 10:57:00,35.31780981
2020-04-14 10:58:00,35.3217586916
2020-04-14 10:59:00,35.327682014
2020-04-14 11:00:00,35.322745912
2020-04-14 11:01:00,35.2931293
2020-04-14 11:02:00,35.283257096
2020-04-14 11:03:00,35.278320994
2020-04-14 11:04:00,35.248704382
2020-04-14 11:05:00,35.233896076
2020-04-14 11:06:00,35.224023872
2020-04-14 11:07:00,35.238832178
2020-04-14 11:08:00,35.184535056
2020-04-14 11:09:00,35.2003305824
2020-04-14 11:10:00,35.199343362
2020-04-14 11:11:00,35.135174036
2020-04-14 11:12:00,35.02164369
2020-04-14 11:13:00,35.016707588
2020-04-14 11:14:00,35.056196404
2020-04-14 11:15:00,35.135174036
2020-04-14 11:16:00,35.140110138
2020-04-14 11:17:00,35.179598954
2020-04-14 11:18:00,35.154918444
2020-04-14 11:19:00,35.14504624
2020-04-14 11:20:00,35.135174036
2020-04-14 11:21:00,35.159854546
2020-04-14 11:22:00,35.174662852
2020-04-14 11:23:00,35.184535056
2020-04-14 11:24:00,35.199343362
2020-04-14 11:25:00,35.19440726
2020-04-14 11:26:00,35.228959974
2020-04-14 11:27:00,35.204279464
2020-04-14 11:28:00,35.16972675
2020-04-14 11:29:00,35.159854546
2020-04-14 11:30:00,35.204279464
2020-04-14 11:31:00,35.273384892
2020-04-14 11:32:00,35.31780981
2020-04-14 11:33:00,35.332618116
2020-04-14 11:34:00,35.332618116
2020-04-14 11:35:00,35.263512688
2020-04-14 11:36:00,35.258576586
2020-04-14 11:37:00,35.204279464
2020-04-14 11:38:00,35.24376828
2020-04-14 11:39:00,35.253640484
2020-04-14 11:40:00,35.224023872
2020-04-14 11:41:00,35.224023872
2020-04-14 11:42:00,35.278320994
2020-04-14 11:43:00,35.228959974
2020-04-14 11:44:00,35.233896076
2020-04-14 11:45:00,35.253640484
2020-04-14 11:46:00,35.228959974
2020-04-14 11:47:00,35.204279464
2020-04-14 11:48:00,35.228959974
2020-04-14 11:49:00,35.189471158
2020-04-14 11:50:00,35.228959974
2020-04-14 11:51:00,35.21908777
2020-04-14 11:52:00,35.19440726
2020-04-14 11:53:00,35.189471158
2020-04-14 11:54:00,35.238832178
2020-04-14 11:55:00,35.24376828
2020-04-14 11:56:00,35.224023872
2020-04-14 11:57:00,35.19440726
2020-04-14 11:58:00,35.164790648
2020-04-14 11:59:00,35.154918444
2020-04-14 12:00:00,35.154918444
2020-04-14 12:01:00,35.233896076
2020-04-14 12:02:00,35.26341396596
2020-04-14 12:03:00,35.2501852126
2020-04-14 12:04:00,35.238832178
2020-04-14 12:05:00,35.263512688
2020-04-14 12:06:00,35.233896076
2020-04-14 12:07:00,35.24376828
2020-04-14 12:08:00,35.228959974
2020-04-14 12:09:00,35.253640484
2020-04-14 12:10:00,35.233896076
2020-04-14 12:11:00,35.24376828
2020-04-14 12:12:00,35.253640484
2020-04-14 12:13:00,35.283257096
2020-04-14 12:14:00,35.253640484
2020-04-14 12:15:00,35.248704382
2020-04-14 12:16:00,35.263512688
2020-04-14 12:17:00,35.322745912
2020-04-14 12:18:00,35.34249032
2020-04-14 12:19:00,35.337554218
2020-04-14 12:20:00,35.352362524
2020-04-14 12:21:00,35.377043034
2020-04-14 12:22:00,35.372106932
2020-04-14 12:23:00,35.386915238
2020-04-14 12:24:00,35.39185134
2020-04-14 12:25:00,35.332618116
2020-04-14 12:26:00,35.31780981
2020-04-14 12:27:00,35.322745912
2020-04-14 12:28:00,35.2931293
2020-04-14 12:29:00,35.303001504
2020-04-14 12:30:00,35.322745912
2020-04-14 12:31:00,35.312873708
2020-04-14 12:32:00,35.307937606
2020-04-14 12:33:00,35.327682014
2020-04-14 12:34:00,35.322745912
2020-04-14 12:35:00,35.32432546464
2020-04-14 12:36:00,35.332618116
2020-04-14 12:37:00,35.312873708
2020-04-14 12:38:00,35.3217586916
2020-04-14 12:39:00,35.352362524
2020-04-14 12:40:00,35.327682014
2020-04-14 12:41:00,35.337554218
2020-04-14 12:42:00,35.332618116
2020-04-14 12:43:00,35.357298626
2020-04-14 12:44:00,35.352362524
2020-04-14 12:45:00,35.312873708
2020-04-14 12:46:00,35.347426422
2020-04-14 12:47:00,35.32284463404
2020-04-14 12:48:00,35.31780981
2020-04-14 12:49:00,35.327682014
2020-04-14 12:50:00,35.337554218
2020-04-14 12:51:00,35.34713025588
2020-04-14 12:52:00,35.32057402712
2020-04-14 12:53:00,35.34249032
2020-04-14 12:54:00,35.372106932
2020-04-14 12:55:00,35.41149702596
2020-04-14 12:56:00,35.44121236
2020-04-14 12:57:00,35.456020666
2020-04-14 12:58:00,35.460956768
2020-04-14 12:59:00,35.451084564
2020-04-14 13:00:00,35.401723544
2020-04-14 13:01:00,35.372106932
2020-04-14 13:02:00,35.431340156
2020-04-14 13:03:00,35.436276258
2020-04-14 13:04:00,35.451084564
2020-04-14 13:05:00,35.431340156
2020-04-14 13:06:00,35.436276258
2020-04-14 13:07:00,35.436276258
2020-04-14 13:08:00,35.43884303104
2020-04-14 13:09:00,35.421467952
2020-04-14 13:10:00,35.44121236
2020-04-14 13:11:00,35.44121236
2020-04-14 13:12:00,35.436276258
2020-04-14 13:13:00,35.44121236
2020-04-14 13:14:00,35.431340156
2020-04-14 13:15:00,35.431340156
2020-04-14 13:16:00,35.381979136
2020-04-14 13:17:00,35.39185134
2020-04-14 13:18:00,35.39185134
2020-04-14 13:19:00,35.401723544
2020-04-14 13:20:00,35.421467952
2020-04-14 13:21:00,35.40330309664
2020-04-14 13:22:00,35.411595748
2020-04-14 13:23:00,35.44121236
2020-04-14 13:24:00,35.42620660992
2020-04-14 13:25:00,35.426404054
2020-04-14 13:26:00,35.44121236
2020-04-14 13:27:00,35.421467952
2020-04-14 13:28:00,35.431340156
2020-04-14 13:29:00,35.411595748
2020-04-14 13:30:00,35.426404054
2020-04-14 13:31:00,35.421467952
2020-04-14 13:32:00,35.438744309
2020-04-14 13:33:00,35.44121236
2020-04-14 13:34:00,35.41169447004
2020-04-14 13:35:00,35.44121236
2020-04-14 13:36:00,35.41653185
2020-04-14 13:37:00,35.426404054
2020-04-14 13:38:00,35.41653185
2020-04-14 13:39:00,35.41653185
2020-04-14 13:40:00,35.36717083
2020-04-14 13:41:00,35.322745912
2020-04-14 13:42:00,35.372106932
2020-04-14 13:43:00,35.357298626
2020-04-14 13:44:00,35.381979136
2020-04-14 13:45:00,35.377043034
2020-04-14 13:46:00,35.39185134
2020-04-14 13:47:00,35.39185134
2020-04-14 13:48:00,35.401723544
2020-04-14 13:49:00,35.39185134
2020-04-14 13:50:00,35.396787442
2020-04-14 13:51:00,35.40014399136
2020-04-14 13:52:00,35.377043034
2020-04-14 13:53:00,35.41653185
2020-04-14 13:54:00,35.41653185
2020-04-14 13:55:00,35.41653185
2020-04-14 13:56:00,35.396787442
2020-04-14 13:57:00,35.401723544
2020-04-14 13:58:00,35.36361683656
2020-04-14 13:59:00,35.36717083
2020-04-14 14:00:00,35.307937606
2020-04-14 14:01:00,35.283257096
2020-04-14 14:02:00,35.273384892
2020-04-14 14:03:00,35.248704382
2020-04-14 14:04:00,35.233896076
2020-04-14 14:05:00,35.214151668
2020-04-14 14:06:00,35.09568522
2020-04-14 14:07:00,35.174662852
2020-04-14 14:08:00,35.164790648
2020-04-14 14:09:00,35.224023872
2020-04-14 14:10:00,35.312873708
2020-04-14 14:11:00,35.263512688
2020-04-14 14:12:00,35.24376828
2020-04-14 14:13:00,35.204279464
2020-04-14 14:14:00,35.24376828
2020-04-14 14:15:00,35.24376828
2020-04-14 14:16:00,35.25600981296
2020-04-14 14:17:00,35.322745912
2020-04-14 14:18:00,35.312873708
2020-04-14 14:19:00,35.322745912
2020-04-14 14:20:00,35.41929606712
2020-04-14 14:21:00,35.421467952
2020-04-14 14:22:00,35.421467952
2020-04-14 14:23:00,35.4125829684
2020-04-14 14:24:00,35.421467952
2020-04-14 14:25:00,35.406659646
2020-04-14 14:26:00,35.39185134
2020-04-14 14:27:00,35.39402322488
2020-04-14 14:28:00,35.41653185
2020-04-14 14:29:00,35.42363983688
2020-04-14 14:30:00,35.411595748
2020-04-14 14:31:00,35.396787442
2020-04-14 14:32:00,35.36717083
2020-04-14 14:33:00,35.362234728
2020-04-14 14:34:00,35.377043034
2020-04-14 14:35:00,35.411595748
2020-04-14 14:36:00,35.396787442
2020-04-14 14:37:00,35.38168296988
2020-04-14 14:38:00,35.406659646
2020-04-14 14:39:00,35.377043034
2020-04-14 14:40:00,35.381979136
2020-04-14 14:41:00,35.421467952
2020-04-14 14:42:00,35.381979136
2020-04-14 14:43:00,35.421467952
2020-04-14 14:44:00,35.406659646
2020-04-14 14:45:00,35.426404054
2020-04-14 14:46:00,35.43124143396
2020-04-14 14:47:00,35.386915238
2020-04-14 14:48:00,35.372106932
2020-04-14 14:49:00,35.332618116
2020-04-14 14:50:00,35.34249032
2020-04-14 14:51:00,35.362234728
2020-04-14 14:52:00,35.38188041396
2020-04-14 14:53:00,35.381979136
2020-04-14 14:54:00,35.347426422
2020-04-14 14:55:00,35.357298626
2020-04-14 14:56:00,35.36717083
2020-04-14 14:57:00,35.37724047808
2020-04-14 14:58:00,35.34249032
2020-04-14 14:59:00,35.352362524
2020-04-14 15:00:00,35.34249032
2020-04-14 15:01:00,35.347426422
2020-04-14 15:02:00,35.303001504
2020-04-14 15:03:00,35.2931293
2020-04-14 15:04:00,35.332618116
2020-04-14 15:05:00,35.283257096
2020-04-14 15:06:00,35.26844879
2020-04-14 15:07:00,35.253640484
2020-04-14 15:08:00,35.258576586
2020-04-14 15:09:00,35.2383385678
2020-04-14 15:10:00,35.26953473244
2020-04-14 15:11:00,35.24376828
2020-04-14 15:12:00,35.26844879
2020-04-14 15:13:00,35.283257096
2020-04-14 15:14:00,35.34249032
2020-04-14 15:15:00,35.362234728
2020-04-14 15:16:00,35.283257096
2020-04-14 15:17:00,35.288193198
2020-04-14 15:18:00,35.327682014
2020-04-14 15:19:00,35.337554218
2020-04-14 15:20:00,35.2931293
2020-04-14 15:21:00,35.248704382
2020-04-14 15:22:00,35.298065402
2020-04-14 15:23:00,35.26844879
2020-04-14 15:24:00,35.278320994
2020-04-14 15:25:00,35.224023872
2020-04-14 15:26:00,35.24376828
2020-04-14 15:27:00,35.238832178
2020-04-14 15:28:00,35.228959974
2020-04-14 15:29:00,35.21908777
2020-04-14 15:30:00,35.24376828
2020-04-14 15:31:00,35.263512688
2020-04-14 15:32:00,35.258576586
2020-04-14 15:33:00,35.283257096
2020-04-14 15:34:00,35.31652642348
2020-04-14 15:35:00,35.337554218
2020-04-14 15:36:00,35.322745912
2020-04-14 15:37:00,35.31780981
2020-04-14 15:38:00,35.273384892
2020-04-14 15:39:00,35.303001504
2020-04-14 15:40:00,35.322745912
2020-04-14 15:41:00,35.34258904204
2020-04-14 15:42:00,35.31780981
2020-04-14 15:43:00,35.332618116
2020-04-14 15:44:00,35.298065402
2020-04-14 15:45:00,35.228959974
2020-04-14 15:46:00,35.238832178
2020-04-14 15:47:00,35.307937606
2020-04-14 15:48:00,35.347426422
2020-04-14 15:49:00,35.337554218
2020-04-14 15:50:00,35.401723544
2020-04-14 15:51:00,35.258576586
2020-04-14 15:52:00,35.253640484
2020-04-14 15:53:00,35.2931293
2020-04-14 15:54:00,35.307937606
2020-04-14 15:55:00,35.303001504
2020-04-14 15:56:00,35.307937606
2020-04-14 15:57:00,35.303001504
2020-04-14 15:58:00,35.307937606
2020-04-14 15:59:00,35.258576586
2020-04-14 16:00:00,35.283257096
2020-04-15 09:31:00,34.70079706
2020-04-15 09:32:00,34.641563836
2020-04-15 09:33:00,34.760030284
2020-04-15 09:34:00,34.7995191
2020-04-15 09:35:00,34.81659801292
2020-04-15 09:36:00,34.883432834
2020-04-15 09:37:00,34.740285876
2020-04-15 09:38:00,34.760030284
2020-04-15 09:39:00,34.819263508
2020-04-15 09:40:00,34.908113344
2020-04-15 09:41:00,34.868624528
2020-04-15 09:42:00,34.888368936
2020-04-15 09:43:00,34.868624528
2020-04-15 09:44:00,34.87356063
2020-04-15 09:45:00,34.829135712
2020-04-15 09:46:00,34.839007916
2020-04-15 09:47:00,34.927857752
2020-04-15 09:48:00,34.903177242
2020-04-15 09:49:00,34.927857752
2020-04-15 09:50:00,35.006835384
2020-04-15 09:51:00,34.99696318
2020-04-15 09:52:00,34.967346568
2020-04-15 09:53:00,34.987090976
2020-04-15 09:54:00,35.016707588
2020-04-15 09:55:00,34.977218772
2020-04-15 09:56:00,34.888368936
2020-04-15 09:57:00,34.89824114
2020-04-15 09:58:00,34.962410466
2020-04-15 09:59:00,34.962410466
2020-04-15 10:00:00,34.94760216
2020-04-15 10:01:00,34.932793854
2020-04-15 10:02:00,34.962410466
2020-04-15 10:03:00,34.927857752
2020-04-15 10:04:00,34.94760216
2020-04-15 10:05:00,34.967346568
2020-04-15 10:06:00,34.99696318
2020-04-15 10:07:00,35.09568522
2020-04-15 10:08:00,35.105557424
2020-04-15 10:09:00,35.125301832
2020-04-15 10:10:00,35.15501716604
2020-04-15 10:11:00,35.154918444
2020-04-15 10:12:00,35.204279464
2020-04-15 10:13:00,35.159854546
2020-04-15 10:14:00,35.14504624
2020-04-15 10:15:00,35.036451996
2020-04-15 10:16:00,35.036451996
2020-04-15 10:17:00,35.056196404
2020-04-15 10:18:00,35.036451996
2020-04-15 10:19:00,35.0547155734
2020-04-15 10:20:00,35.0463242
2020-04-15 10:21:00,34.977218772
2020-04-15 10:22:00,35.031515894
2020-04-15 10:23:00,35.016707588
2020-04-15 10:24:00,35.026579792
2020-04-15 10:25:00,35.0463242
2020-04-15 10:26:00,35.056196404
2020-04-15 10:27:00,35.036451996
2020-04-15 10:28:00,35.056196404
2020-04-15 10:29:00,35.036451996
2020-04-15 10:30:00,35.056196404
2020-04-15 10:31:00,35.140110138
2020-04-15 10:32:00,35.115429628
2020-04-15 10:33:00,35.105557424
2020-04-15 10:34:00,35.066068608
2020-04-15 10:35:00,34.9594488048
2020-04-15 10:36:00,34.99696318
2020-04-15 10:37:00,34.917985548
2020-04-15 10:38:00,34.893305038
2020-04-15 10:39:00,34.858752324
2020-04-15 10:40:00,34.893305038
2020-04-15 10:41:00,34.903177242
2020-04-15 10:42:00,34.88264305768
2020-04-15 10:43:00,34.942666058
2020-04-15 10:44:00,34.927857752
2020-04-15 10:45:00,34.908113344
2020-04-15 10:46:00,34.967346568
2020-04-15 10:47:00,35.016707588
2020-04-15 10:48:00,35.036451996
2020-04-15 10:49:00,35.061132506
2020-04-15 10:50:00,35.090749118
2020-04-15 10:51:00,35.066068608
2020-04-15 10:52:00,35.061132506
2020-04-15 10:53:00,35.075940812
2020-04-15 10:54:00,35.135174036
2020-04-15 10:55:00,35.115429628
2020-04-15 10:56:00,35.140110138
2020-04-15 10:57:00,35.184535056
2020-04-15 10:58:00,35.184535056
2020-04-15 10:59:00,35.19440726
2020-04-15 11:00:00,35.184535056
2020-04-15 11:01:00,35.184535056
2020-04-15 11:02:00,35.164790648
2020-04-15 11:03:00,35.12036573
2020-04-15 11:04:00,35.12036573
2020-04-15 11:05:00,35.125301832
2020-04-15 11:06:00,35.066068608
2020-04-15 11:07:00,35.100621322
2020-04-15 11:08:00,35.135174036
2020-04-15 11:09:00,35.149982342
2020-04-15 11:10:00,35.16972675
2020-04-15 11:11:00,35.154918444
2020-04-15 11:12:00,35.238832178
2020-04-15 11:13:00,35.3025078938
2020-04-15 11:14:00,35.3084312162
2020-04-15 11:15:00,35.263512688
2020-04-15 11:16:00,35.278320994
2020-04-15 11:17:00,35.283257096
2020-04-15 11:18:00,35.273384892
2020-04-15 11:19:00,35.263512688
2020-04-15 11:20:00,35.278320994
2020-04-15 11:21:00,35.21908777
2020-04-15 11:22:00,35.21395422392
2020-04-15 11:23:00,35.164790648
2020-04-15 11:24:00,35.14001141596
2020-04-15 11:25:00,35.061132506
2020-04-15 11:26:00,35.115429628
2020-04-15 11:27:00,35.135174036
2020-04-15 11:28:00,35.09568522
2020-04-15 11:29:00,35.090749118
2020-04-15 11:30:00,35.14504624
2020-04-15 11:31:00,35.174662852
2020-04-15 11:32:00,35.214151668
2020-04-15 11:33:00,35.253640484
2020-04-15 11:34:00,35.273384892
2020-04-15 11:35:00,35.199343362
2020-04-15 11:36:00,35.238832178
2020-04-15 11:37:00,35.253640484
2020-04-15 11:38:00,35.233896076
2020-04-15 11:39:00,35.263512688
2020-04-15 11:40:00,35.248704382
2020-04-15 11:41:00,35.214151668
2020-04-15 11:42:00,35.19440726
2020-04-15 11:43:00,35.154918444
2020-04-15 11:44:00,35.174662852
2020-04-15 11:45:00,35.159854546
2020-04-15 11:46:00,35.15649799664
2020-04-15 11:47:00,35.174662852
2020-04-15 11:48:00,35.125301832
2020-04-15 11:49:00,35.075940812
2020-04-15 11:50:00,35.0868002364
2020-04-15 11:51:00,35.12036573
2020-04-15 11:52:00,35.14504624
2020-04-15 11:53:00,35.130237934
2020-04-15 11:54:00,35.154918444
2020-04-15 11:55:00,35.14504624
2020-04-15 11:56:00,35.174662852
2020-04-15 11:57:00,35.174662852
2020-04-15 11:58:00,35.17486029608
2020-04-15 11:59:00,35.154918444
2020-04-15 12:00:00,35.164790648
2020-04-15 12:01:00,35.164790648
2020-04-15 12:02:00,35.16972675
2020-04-15 12:03:00,35.209215566
2020-04-15 12:04:00,35.224023872
2020-04-15 12:05:00,35.199343362
2020-04-15 12:06:00,35.174662852
2020-04-15 12:07:00,35.184535056
2020-04-15 12:08:00,35.19440726
2020-04-15 12:09:00,35.19440726
2020-04-15 12:10:00,35.184535056
2020-04-15 12:11:00,35.179598954
2020-04-15 12:12:00,35.238832178
2020-04-15 12:13:00,35.23606796088
2020-04-15 12:14:00,35.26844879
2020-04-15 12:15:00,35.2931293
2020-04-15 12:16:00,35.2931293
2020-04-15 12:17:00,35.298065402
2020-04-15 12:18:00,35.288193198
2020-04-15 12:19:00,35.2886868082
2020-04-15 12:20:00,35.2788146042
2020-04-15 12:21:00,35.303001504
2020-04-15 12:22:00,35.31780981
2020-04-15 12:23:00,35.362234728
2020-04-15 12:24:00,35.357298626
2020-04-15 12:25:00,35.29303057796
2020-04-15 12:26:00,35.312873708
2020-04-15 12:27:00,35.283257096
2020-04-15 12:28:00,35.2931293
2020-04-15 12:29:00,35.2931293
2020-04-15 12:30:00,35.327682014
2020-04-15 12:31:00,35.322745912
2020-04-15 12:32:00,35.322745912
2020-04-15 12:33:00,35.337554218
2020-04-15 12:34:00,35.41653185
2020-04-15 12:35:00,35.372106932
2020-04-15 12:36:00,35.406659646
2020-04-15 12:37:00,35.406659646
2020-04-15 12:38:00,35.44121236
2020-04-15 12:39:00,35.446148462
2020-04-15 12:40:00,35.460956768
2020-04-15 12:41:00,35.460956768
2020-04-15 12:42:00,35.45325644888
2020-04-15 12:43:00,35.470828972
2020-04-15 12:44:00,35.505381686
2020-04-15 12:45:00,35.5399344
2020-04-15 12:46:00,35.500445584
2020-04-15 12:47:00,35.510317788
2020-04-15 12:48:00,35.475765074
2020-04-15 12:49:00,35.49057338
2020-04-15 12:50:00,35.451084564
2020-04-15 12:51:00,35.480701176
2020-04-15 12:52:00,35.470828972
2020-04-15 12:53:00,35.475765074
2020-04-15 12:54:00,35.49057338
2020-04-15 12:55:00,35.49057338
2020-04-15 12:56:00,35.480701176
2020-04-15 12:57:00,35.48287306088
2020-04-15 12:58:00,35.510317788
2020-04-15 12:59:00,35.510317788
2020-04-15 13:00:00,35.520189992
2020-04-15 13:01:00,35.51525389
2020-04-15 13:02:00,35.534998298
2020-04-15 13:03:00,35.559678808
2020-04-15 13:04:00,35.569551012
2020-04-15 13:05:00,35.53983567796
2020-04-15 13:06:00,35.5399344
2020-04-15 13:07:00,35.54575900036
2020-04-15 13:08:00,35.554742706
2020-04-15 13:09:00,35.618912032
2020-04-15 13:10:00,35.618912032
2020-04-15 13:11:00,35.623848134
2020-04-15 13:12:00,35.60894110596
2020-04-15 13:13:00,35.66333695
2020-04-15 13:14:00,35.66333695
2020-04-15 13:15:00,35.66333695
2020-04-15 13:16:00,35.63865644
2020-04-15 13:17:00,35.643592542
2020-04-15 13:18:00,35.643592542
2020-04-15 13:19:00,35.66333695
2020-04-15 13:20:00,35.66333695
2020-04-15 13:21:00,35.594231522
2020-04-15 13:22:00,35.5606660284
2020-04-15 13:23:00,35.5399344
2020-04-15 13:24:00,35.5399344
2020-04-15 13:25:00,35.549806604
2020-04-15 13:26:00,35.574487114
2020-04-15 13:27:00,35.559678808
2020-04-15 13:28:00,35.559678808
2020-04-15 13:29:00,35.579423216
2020-04-15 13:30:00,35.609039828
2020-04-15 13:31:00,35.599167624
2020-04-15 13:32:00,35.599167624
2020-04-15 13:33:00,35.618912032
2020-04-15 13:34:00,35.616443981
2020-04-15 13:35:00,35.594231522
2020-04-15 13:36:00,35.58929542
2020-04-15 13:37:00,35.6055845566
2020-04-15 13:38:00,35.623848134
2020-04-15 13:39:00,35.569551012
2020-04-15 13:40:00,35.520189992
2020-04-15 13:41:00,35.56461491
2020-04-15 13:42:00,35.53835484736
2020-04-15 13:43:00,35.5399344
2020-04-15 13:44:00,35.574487114
2020-04-15 13:45:00,35.5399344
2020-04-15 13:46:00,35.5399344
2020-04-15 13:47:00,35.569551012
2020-04-15 13:48:00,35.594231522
2020-04-15 13:49:00,35.604103726
2020-04-15 13:50:00,35.604103726
2020-04-15 13:51:00,35.618912032
2020-04-15 13:52:00,35.599167624
2020-04-15 13:53:00,35.609039828
2020-04-15 13:54:00,35.609039828
2020-04-15 13:55:00,35.584359318
2020-04-15 13:56:00,35.599167624
2020-04-15 13:57:00,35.579423216
2020-04-15 13:58:00,35.599167624
2020-04-15 13:59:00,35.58929542
2020-04-15 14:00:00,35.599167624
2020-04-15 14:01:00,35.58929542
2020-04-15 14:02:00,35.61733247936
2020-04-15 14:03:00,35.66333695
2020-04-15 14:04:00,35.678145256
2020-04-15 14:05:00,35.653464746
2020-04-15 14:06:00,35.653464746
2020-04-15 14:07:00,35.653464746
2020-04-15 14:08:00,35.673209154
2020-04-15 14:09:00,35.683081358
2020-04-15 14:10:00,35.707761868
2020-04-15 14:11:00,35.68801746
2020-04-15 14:12:00,35.702825766
2020-04-15 14:13:00,35.727506276
2020-04-15 14:14:00,35.757122888
2020-04-15 14:15:00,35.75968966104
2020-04-15 14:16:00,35.771931194
2020-04-15 14:17:00,35.776867296
2020-04-15 14:18:00,35.781803398
2020-04-15 14:19:00,35.796611704
2020-04-15 14:20:00,35.796611704
2020-04-15 14:21:00,35.816356112
2020-04-15 14:22:00,35.831164418
2020-04-15 14:23:00,35.826228316
2020-04-15 14:24:00,35.845972724
2020-04-15 14:25:00,35.796611704
2020-04-15 14:26:00,35.747250684
2020-04-15 14:27:00,35.7867395
2020-04-15 14:28:00,35.776867296
2020-04-15 14:29:00,35.7867395
2020-04-15 14:30:00,35.806483908
2020-04-15 14:31:00,35.826228316
2020-04-15 14:32:00,35.816356112
2020-04-15 14:33:00,35.87549061396
2020-04-15 14:34:00,35.8839807094
2020-04-15 14:35:00,35.875589336
2020-04-15 14:36:00,35.924950356
2020-04-15 14:37:00,35.905205948
2020-04-15 14:38:00,35.905205948
2020-04-15 14:39:00,35.905205948
2020-04-15 14:40:00,35.91014205
2020-04-15 14:41:00,35.92870179352
2020-04-15 14:42:00,35.93482256
2020-04-15 14:43:00,35.93472383796
2020-04-15 14:44:00,35.93482256
2020-04-15 14:45:00,35.93482256
2020-04-15 14:46:00,35.900269846
2020-04-15 14:47:00,35.895333744
2020-04-15 14:48:00,35.905205948
2020-04-15 14:49:00,35.900269846
2020-04-15 14:50:00,35.895333744
2020-04-15 14:51:00,35.816356112
2020-04-15 14:52:00,35.816356112
2020-04-15 14:53:00,35.88546154
2020-04-15 14:54:00,35.890397642
2020-04-15 14:55:00,35.8563385382
2020-04-15 14:56:00,35.83610052
2020-04-15 14:57:00,35.855844928
2020-04-15 14:58:00,35.890397642
2020-04-15 14:59:00,35.890397642
2020-04-15 15:00:00,35.890397642
2020-04-15 15:01:00,35.915078152
2020-04-15 15:02:00,35.929886458
2020-04-15 15:03:00,35.929886458
2020-04-15 15:04:00,35.93482256
2020-04-15 15:05:00,35.924950356
2020-04-15 15:06:00,35.92929412576
2020-04-15 15:07:00,35.920014254
2020-04-15 15:08:00,35.83610052
2020-04-15 15:09:00,35.845972724
2020-04-15 15:10:00,35.890397642
2020-04-15 15:11:00,35.831164418
2020-04-15 15:12:00,35.80756985044
2020-04-15 15:13:00,35.826228316
2020-04-15 15:14:00,35.826228316
2020-04-15 15:15:00,35.83610052
2020-04-15 15:16:00,35.821292214
2020-04-15 15:17:00,35.855844928
2020-04-15 15:18:00,35.855844928
2020-04-15 15:19:00,35.895333744
2020-04-15 15:20:00,35.88536281796
2020-04-15 15:21:00,35.875589336
2020-04-15 15:22:00,35.89523502196
2020-04-15 15:23:00,35.880525438
2020-04-15 15:24:00,35.88546154
2020-04-15 15:25:00,35.900269846
2020-04-15 15:26:00,35.83610052
2020-04-15 15:27:00,35.821292214
2020-04-15 15:28:00,35.83610052
2020-04-15 15:29:00,35.83610052
2020-04-15 15:30:00,35.875589336
2020-04-15 15:31:00,35.875589336
2020-04-15 15:32:00,35.826228316
2020-04-15 15:33:00,35.831164418
2020-04-15 15:34:00,35.7867395
2020-04-15 15:35:00,35.816356112
2020-04-15 15:36:00,35.7867395
2020-04-15 15:37:00,35.7867395
2020-04-15 15:38:00,35.796611704
2020-04-15 15:39:00,35.781803398
2020-04-15 15:40:00,35.76205899
2020-04-15 15:41:00,35.702825766
2020-04-15 15:42:00,35.717634072
2020-04-15 15:43:00,35.717634072
2020-04-15 15:44:00,35.7467570738
2020-04-15 15:45:00,35.727506276
2020-04-15 15:46:00,35.791675602
2020-04-15 15:47:00,35.806483908
2020-04-15 15:48:00,35.806483908
2020-04-15 15:49:00,35.801547806
2020-04-15 15:50:00,35.796611704
2020-04-15 15:51:00,35.757122888
2020-04-15 15:52:00,35.73737848
2020-04-15 15:53:00,35.752186786
2020-04-15 15:54:00,35.71269797
2020-04-15 15:55:00,35.683081358
2020-04-15 15:56:00,35.747250684
2020-04-15 15:57:00,35.776867296
2020-04-15 15:58:00,35.7590973288
2020-04-15 15:59:00,35.752186786
2020-04-15 16:00:00,35.727506276
2020-04-16 09:31:00,36.122394436
2020-04-16 09:32:00,36.23098868
2020-04-16 09:33:00,36.398816148
2020-04-16 09:34:00,36.487665984
2020-04-16 09:35:00,36.37907174
2020-04-16 09:36:00,36.176691558
2020-04-16 09:37:00,36.161883252
2020-04-16 09:38:00,36.097713926
2020-04-16 09:39:00,36.073033416
2020-04-16 09:40:00,36.0335446
2020-04-16 09:41:00,36.117458334
2020-04-16 09:42:00,36.13226664
2020-04-16 09:43:00,36.250733088
2020-04-16 09:44:00,36.235924782
2020-04-16 09:45:00,36.359327332
2020-04-16 09:46:00,36.309966312
2020-04-16 09:47:00,36.314902414
2020-04-16 09:48:00,36.285285802
2020-04-16 09:49:00,36.349455128
2020-04-16 09:50:00,36.37907174
2020-04-16 09:51:00,36.309966312
2020-04-16 09:52:00,36.2803497
2020-04-16 09:53:00,36.201372068
2020-04-16 09:54:00,36.176691558
2020-04-16 09:55:00,36.221116476
2020-04-16 09:56:00,36.23098868
2020-04-16 09:57:00,36.191499864
2020-04-16 09:58:00,36.176691558
2020-04-16 09:59:00,36.211244272
2020-04-16 10:00:00,36.186563762
2020-04-16 10:01:00,36.211244272
2020-04-16 10:02:00,36.161883252
2020-04-16 10:03:00,36.112522232
2020-04-16 10:04:00,36.028608498
2020-04-16 10:05:00,36.0335446
2020-04-16 10:06:00,36.063161212
2020-04-16 10:07:00,36.063161212
2020-04-16 10:08:00,36.127330538
2020-04-16 10:09:00,36.161883252
2020-04-16 10:10:00,36.073033416
2020-04-16 10:11:00,35.994055784
2020-04-16 10:12:00,35.9812219188
2020-04-16 10:13:00,35.949630866
2020-04-16 10:14:00,35.964439172
2020-04-16 10:15:00,35.929886458
2020-04-16 10:16:00,35.92485163396
2020-04-16 10:17:00,35.895333744
2020-04-16 10:18:00,35.88546154
2020-04-16 10:19:00,35.870653234
2020-04-16 10:20:00,35.91882958952
2020-04-16 10:21:00,35.954566968
2020-04-16 10:22:00,35.98418358
2020-04-16 10:23:00,35.989119682
2020-04-16 10:24:00,35.98418358
2020-04-16 10:25:00,35.98418358
2020-04-16 10:26:00,35.98418358
2020-04-16 10:27:00,36.05704044552
2020-04-16 10:28:00,36.171755456
2020-04-16 10:29:00,36.19159858604
2020-04-16 10:30:00,36.226052578
2020-04-16 10:31:00,36.1929806946
2020-04-16 10:32:00,36.18162766
2020-04-16 10:33:00,36.196435966
2020-04-16 10:34:00,36.221116476
2020-04-16 10:35:00,36.201372068
2020-04-16 10:36:00,36.171755456
2020-04-16 10:37:00,36.191499864
2020-04-16 10:38:00,36.147074946
2020-04-16 10:39:00,36.142138844
2020-04-16 10:40:00,36.142138844
2020-04-16 10:41:00,36.137202742
2020-04-16 10:42:00,36.13226664
2020-04-16 10:43:00,36.152011048
2020-04-16 10:44:00,36.216180374
2020-04-16 10:45:00,36.201372068
2020-04-16 10:46:00,36.191499864
2020-04-16 10:47:00,36.179159609
2020-04-16 10:48:00,36.191499864
2020-04-16 10:49:00,36.23098868
2020-04-16 10:50:00,36.211244272
2020-04-16 10:51:00,36.171755456
2020-04-16 10:52:00,36.152011048
2020-04-16 10:53:00,36.152011048
2020-04-16 10:54:00,36.211244272
2020-04-16 10:55:00,36.161883252
2020-04-16 10:56:00,36.166819354
2020-04-16 10:57:00,36.240860884
2020-04-16 10:58:00,36.349455128
2020-04-16 10:59:00,36.388943944
2020-04-16 11:00:00,36.339582924
2020-04-16 11:01:00,36.300094108
2020-04-16 11:02:00,36.300094108
2020-04-16 11:03:00,36.265541394
2020-04-16 11:04:00,36.324774618
2020-04-16 11:05:00,36.37907174
2020-04-16 11:06:00,36.393880046
2020-04-16 11:07:00,36.418560556
2020-04-16 11:08:00,36.416092505
2020-04-16 11:09:00,36.438304964
2020-04-16 11:10:00,36.37907174
2020-04-16 11:11:00,36.369199536
2020-04-16 11:12:00,36.37907174
2020-04-16 11:13:00,36.359327332
2020-04-16 11:14:00,36.438304964
2020-04-16 11:15:00,36.35439123
2020-04-16 11:16:00,36.37907174
2020-04-16 11:17:00,36.398816148
2020-04-16 11:18:00,36.47779378
2020-04-16 11:19:00,36.46950112864
2020-04-16 11:20:00,36.458049372
2020-04-16 11:21:00,36.448177168
2020-04-16 11:22:00,36.472857678
2020-04-16 11:23:00,36.497538188
2020-04-16 11:24:00,36.5271548
2020-04-16 11:25:00,36.47779378
2020-04-16 11:26:00,36.497538188
2020-04-16 11:27:00,36.5271548
2020-04-16 11:28:00,36.507410392
2020-04-16 11:29:00,36.462985474
2020-04-16 11:30:00,36.458049372
2020-04-16 11:31:00,36.443241066
2020-04-16 11:32:00,36.433368862
2020-04-16 11:33:00,36.40375225
2020-04-16 11:34:00,36.37907174
2020-04-16 11:35:00,36.369199536
2020-04-16 11:36:00,36.388943944
2020-04-16 11:37:00,36.413624454
2020-04-16 11:38:00,36.40375225
2020-04-16 11:39:00,36.408688352
2020-04-16 11:40:00,36.448177168
2020-04-16 11:41:00,36.467921576
2020-04-16 11:42:00,36.443241066
2020-04-16 11:43:00,36.45311327
2020-04-16 11:44:00,36.438304964
2020-04-16 11:45:00,36.423496658
2020-04-16 11:46:00,36.45311327
2020-04-16 11:47:00,36.418560556
2020-04-16 11:48:00,36.408688352
2020-04-16 11:49:00,36.418560556
2020-04-16 11:50:00,36.423496658
2020-04-16 11:51:00,36.413624454
2020-04-16 11:52:00,36.42843276
2020-04-16 11:53:00,36.458049372
2020-04-16 11:54:00,36.517282596
2020-04-16 11:55:00,36.546899208
2020-04-16 11:56:00,36.566643616
2020-04-16 11:57:00,36.571579718
2020-04-16 11:58:00,36.566643616
2020-04-16 11:59:00,36.556771412
2020-04-16 12:00:00,36.57651582
2020-04-16 12:01:00,36.556771412
2020-04-16 12:02:00,36.512346494
2020-04-16 12:03:00,36.556771412
2020-04-16 12:04:00,36.57651582
2020-04-16 12:05:00,36.58628930196
2020-04-16 12:06:00,36.556771412
2020-04-16 12:07:00,36.5355461734
2020-04-16 12:08:00,36.556771412
2020-04-16 12:09:00,36.546899208
2020-04-16 12:10:00,36.546899208
2020-04-16 12:11:00,36.492602086
2020-04-16 12:12:00,36.487665984
2020-04-16 12:13:00,36.5271548
2020-04-16 12:14:00,36.546899208
2020-04-16 12:15:00,36.507410392
2020-04-16 12:16:00,36.487665984
2020-04-16 12:17:00,36.448177168
2020-04-16 12:18:00,36.398816148
2020-04-16 12:19:00,36.41846183396
2020-04-16 12:20:00,36.418560556
2020-04-16 12:21:00,36.369199536
2020-04-16 12:22:00,36.413624454
2020-04-16 12:23:00,36.487665984
2020-04-16 12:24:00,36.507410392
2020-04-16 12:25:00,36.438304964
2020-04-16 12:26:00,36.413624454
2020-04-16 12:27:00,36.369199536
2020-04-16 12:28:00,36.423496658
2020-04-16 12:29:00,36.408688352
2020-04-16 12:30:00,36.408688352
2020-04-16 12:31:00,36.324774618
2020-04-16 12:32:00,36.300094108
2020-04-16 12:33:00,36.31154586464
2020-04-16 12:34:00,36.270477496
2020-04-16 12:35:00,36.2803497
2020-04-16 12:36:00,36.319838516
2020-04-16 12:37:00,36.270477496
2020-04-16 12:38:00,36.295158006
2020-04-16 12:39:00,36.309966312
2020-04-16 12:40:00,36.339582924
2020-04-16 12:41:00,36.349455128
2020-04-16 12:42:00,36.369199536
2020-04-16 12:43:00,36.398816148
2020-04-16 12:44:00,36.438304964
2020-04-16 12:45:00,36.438304964
2020-04-16 12:46:00,36.40375225
2020-04-16 12:47:00,36.398816148
2020-04-16 12:48:00,36.398816148
2020-04-16 12:49:00,36.359327332
2020-04-16 12:50:00,36.398816148
2020-04-16 12:51:00,36.37907174
2020-04-16 12:52:00,36.408688352
2020-04-16 12:53:00,36.413624454
2020-04-16 12:54:00,36.448177168
2020-04-16 12:55:00,36.433368862
2020-04-16 12:56:00,36.359327332
2020-04-16 12:57:00,36.408688352
2020-04-16 12:58:00,36.423496658
2020-04-16 12:59:00,36.408688352
2020-04-16 13:00:00,36.438304964
2020-04-16 13:01:00,36.462985474
2020-04-16 13:02:00,36.487665984
2020-04-16 13:03:00,36.467921576
2020-04-16 13:04:00,36.497538188
2020-04-16 13:05:00,36.438304964
2020-04-16 13:06:00,36.467921576
2020-04-16 13:07:00,36.467921576
2020-04-16 13:08:00,36.467921576
2020-04-16 13:09:00,36.438304964
2020-04-16 13:10:00,36.42626087512
2020-04-16 13:11:00,36.408688352
2020-04-16 13:12:00,36.37897301796
2020-04-16 13:13:00,36.369199536
2020-04-16 13:14:00,36.369199536
2020-04-16 13:15:00,36.438304964
2020-04-16 13:16:00,36.438304964
2020-04-16 13:17:00,36.374135638
2020-04-16 13:18:00,36.3721611972
2020-04-16 13:19:00,36.369199536
2020-04-16 13:20:00,36.408688352
2020-04-16 13:21:00,36.42843276
2020-04-16 13:22:00,36.433368862
2020-04-16 13:23:00,36.398816148
2020-04-16 13:24:00,36.388943944
2020-04-16 13:25:00,36.37907174
2020-04-16 13:26:00,36.359327332
2020-04-16 13:27:00,36.393880046
2020-04-16 13:28:00,36.40375225
2020-04-16 13:29:00,36.433368862
2020-04-16 13:30:00,36.467921576
2020-04-16 13:31:00,36.47779378
2020-04-16 13:32:00,36.507410392
2020-04-16 13:33:00,36.5271548
2020-04-16 13:34:00,36.522218698
2020-04-16 13:35:00,36.5271548
2020-04-16 13:36:00,36.5271548
2020-04-16 13:37:00,36.517282596
2020-04-16 13:38:00,36.517282596
2020-04-16 13:39:00,36.472857678
2020-04-16 13:40:00,36.448177168
2020-04-16 13:41:00,36.472857678
2020-04-16 13:42:00,36.487665984
2020-04-16 13:43:00,36.497538188
2020-04-16 13:44:00,36.45814809404
2020-04-16 13:45:00,36.497538188
2020-04-16 13:46:00,36.50247429
2020-04-16 13:47:00,36.49536630312
2020-04-16 13:48:00,36.480261831
2020-04-16 13:49:00,36.467921576
2020-04-16 13:50:00,36.448177168
2020-04-16 13:51:00,36.46170208748
2020-04-16 13:52:00,36.398816148
2020-04-16 13:53:00,36.398816148
2020-04-16 13:54:00,36.388943944
2020-04-16 13:55:00,36.408688352
2020-04-16 13:56:00,36.42685320736
2020-04-16 13:57:00,36.413624454
2020-04-16 13:58:00,36.40552924672
2020-04-16 13:59:00,36.42833403796
2020-04-16 14:00:00,36.4274455396
2020-04-16 14:01:00,36.334646822
2020-04-16 14:02:00,36.364263434
2020-04-16 14:03:00,36.384007842
2020-04-16 14:04:00,36.384007842
2020-04-16 14:05:00,36.388943944
2020-04-16 14:06:00,36.37907174
2020-04-16 14:07:00,36.374135638
2020-04-16 14:08:00,36.413624454
2020-04-16 14:09:00,36.433368862
2020-04-16 14:10:00,36.462985474
2020-04-16 14:11:00,36.467921576
2020-04-16 14:12:00,36.443241066
2020-04-16 14:13:00,36.472857678
2020-04-16 14:14:00,36.458049372
2020-04-16 14:15:00,36.47779378
2020-04-16 14:16:00,36.5271548
2020-04-16 14:17:00,36.507410392
2020-04-16 14:18:00,36.482729882
2020-04-16 14:19:00,36.51155671768
2020-04-16 14:20:00,36.50158579164
2020-04-16 14:21:00,36.497538188
2020-04-16 14:22:00,36.462985474
2020-04-16 14:23:00,36.443241066
2020-04-16 14:24:00,36.45311327
2020-04-16 14:25:00,36.443241066
2020-04-16 14:26:00,36.448177168
2020-04-16 14:27:00,36.482729882
2020-04-16 14:28:00,36.507410392
2020-04-16 14:29:00,36.507410392
2020-04-16 14:30:00,36.5271548
2020-04-16 14:31:00,36.546899208
2020-04-16 14:32:00,36.556771412
2020-04-16 14:33:00,36.5271548
2020-04-16 14:34:00,36.5271548
2020-04-16 14:35:00,36.5271548
2020-04-16 14:36:00,36.52458802696
2020-04-16 14:37:00,36.546899208
2020-04-16 14:38:00,36.611068534
2020-04-16 14:39:00,36.611068534
2020-04-16 14:40:00,36.591324126
2020-04-16 14:41:00,36.616004636
2020-04-16 14:42:00,36.616004636
2020-04-16 14:43:00,36.596260228
2020-04-16 14:44:00,36.566643616
2020-04-16 14:45:00,36.60524393364
2020-04-16 14:46:00,36.57651582
2020-04-16 14:47:00,36.57651582
2020-04-16 14:48:00,36.57651582
2020-04-16 14:49:00,36.556771412
2020-04-16 14:50:00,36.561707514
2020-04-16 14:51:00,36.532090902
2020-04-16 14:52:00,36.537027004
2020-04-16 14:53:00,36.566643616
2020-04-16 14:54:00,36.566643616
2020-04-16 14:55:00,36.586388024
2020-04-16 14:56:00,36.61018003564
2020-04-16 14:57:00,36.59783978064
2020-04-16 14:58:00,36.616004636
2020-04-16 14:59:00,36.616004636
2020-04-16 15:00:00,36.60119633
2020-04-16 15:01:00,36.61225319848
2020-04-16 15:02:00,36.57651582
2020-04-16 15:03:00,36.581451922
2020-04-16 15:04:00,36.61324041888
2020-04-16 15:05:00,36.6120557544
2020-04-16 15:06:00,36.556771412
2020-04-16 15:07:00,36.591324126
2020-04-16 15:08:00,36.561707514
2020-04-16 15:09:00,36.561707514
2020-04-16 15:10:00,36.556771412
2020-04-16 15:11:00,36.5271548
2020-04-16 15:12:00,36.532090902
2020-04-16 15:13:00,36.546899208
2020-04-16 15:14:00,36.532090902
2020-04-16 15:15:00,36.5271548
2020-04-16 15:16:00,36.546899208
2020-04-16 15:17:00,36.561707514
2020-04-16 15:18:00,36.556771412
2020-04-16 15:19:00,36.566643616
2020-04-16 15:20:00,36.606132432
2020-04-16 15:21:00,36.616004636
2020-04-16 15:22:00,36.62587684
2020-04-16 15:23:00,36.61018003564
2020-04-16 15:24:00,36.620940738
2020-04-16 15:25:00,36.62587684
2020-04-16 15:26:00,36.571579718
2020-04-16 15:27:00,36.616004636
2020-04-16 15:28:00,36.606132432
2020-04-16 15:29:00,36.630812942
2020-04-16 15:30:00,36.65055735
2020-04-16 15:31:00,36.670301758
2020-04-16 15:32:00,36.67523786
2020-04-16 15:33:00,36.685110064
2020-04-16 15:34:00,36.764087696
2020-04-16 15:35:00,36.72459888
2020-04-16 15:36:00,36.72183466288
2020-04-16 15:37:00,36.808512614
2020-04-16 15:38:00,36.81334999396
2020-04-16 15:39:00,36.783832104
2020-04-16 15:40:00,36.838129226
2020-04-16 15:41:00,36.783832104
2020-04-16 15:42:00,36.813448716
2020-04-16 15:43:00,36.84800143
2020-04-16 15:44:00,36.857873634
2020-04-16 15:45:00,36.82332092
2020-04-16 15:46:00,36.813448716
2020-04-16 15:47:00,36.828257022
2020-04-16 15:48:00,36.828257022
2020-04-16 15:49:00,36.79864041
2020-04-16 15:50:00,36.793704308
2020-04-16 15:51:00,36.87268194
2020-04-16 15:52:00,36.828257022
2020-04-16 15:53:00,36.813448716
2020-04-16 15:54:00,36.808512614
2020-04-16 15:55:00,36.808512614
2020-04-16 15:56:00,36.813448716
2020-04-16 15:57:00,36.813448716
2020-04-16 15:58:00,36.803576512
2020-04-16 15:59:00,36.813448716
2020-04-16 16:00:00,36.744343288
2020-04-17 09:31:00,36.833193124
2020-04-17 09:32:00,36.714726676
2020-04-17 09:33:00,36.7739599
2020-04-17 09:34:00,36.68817044724
2020-04-17 09:35:00,36.69991837
2020-04-17 09:36:00,36.69991837
2020-04-17 09:37:00,36.803576512
2020-04-17 09:38:00,36.719662778
2020-04-17 09:39:00,36.72459888
2020-04-17 09:40:00,36.759151594
2020-04-17 09:41:00,36.665365656
2020-04-17 09:42:00,36.596260228
2020-04-17 09:43:00,36.635749044
2020-04-17 09:44:00,36.734471084
2020-04-17 09:45:00,36.7448368982
2020-04-17 09:46:00,36.714726676
2020-04-17 09:47:00,36.769023798
2020-04-17 09:48:00,36.79864041
2020-04-17 09:49:00,36.892426348
2020-04-17 09:50:00,36.867745838
2020-04-17 09:51:00,36.902298552
2020-04-17 09:52:00,36.892426348
2020-04-17 09:53:00,36.907234654
2020-04-17 09:54:00,36.931915164
2020-04-17 09:55:00,36.94672347
2020-04-17 09:56:00,37.035573306
2020-04-17 09:57:00,37.089870428
2020-04-17 09:58:00,37.084934326
2020-04-17 09:59:00,37.079998224
2020-04-17 10:00:00,37.099742632
2020-04-17 10:01:00,37.07012602
2020-04-17 10:02:00,37.075062122
2020-04-17 10:03:00,37.04544551
2020-04-17 10:04:00,37.035573306
2020-04-17 10:05:00,37.040509408
2020-04-17 10:06:00,37.030637204
2020-04-17 10:07:00,37.099742632
2020-04-17 10:08:00,37.07012602
2020-04-17 10:09:00,37.158975856
2020-04-17 10:10:00,37.109614836
2020-04-17 10:11:00,37.06035253804
2020-04-17 10:12:00,37.065189918
2020-04-17 10:13:00,37.010892796
2020-04-17 10:14:00,37.001020592
2020-04-17 10:15:00,37.001020592
2020-04-17 10:16:00,36.951659572
2020-04-17 10:17:00,36.961531776
2020-04-17 10:18:00,36.97140398
2020-04-17 10:19:00,36.931915164
2020-04-17 10:20:00,36.92668289588
2020-04-17 10:21:00,36.902298552
2020-04-17 10:22:00,36.907234654
2020-04-17 10:23:00,36.783832104
2020-04-17 10:24:00,36.833193124
2020-04-17 10:25:00,36.82332092
2020-04-17 10:26:00,36.89736245
2020-04-17 10:27:00,36.92204296
2020-04-17 10:28:00,36.92460973304
2020-04-17 10:29:00,36.956595674
2020-04-17 10:30:00,36.951659572
2020-04-17 10:31:00,36.92204296
2020-04-17 10:32:00,36.892426348
2020-04-17 10:33:00,36.882554144
2020-04-17 10:34:00,36.84484232472
2020-04-17 10:35:00,36.783832104
2020-04-17 10:36:00,36.759151594
2020-04-17 10:37:00,36.754215492
2020-04-17 10:38:00,36.744343288
2020-04-17 10:39:00,36.719662778
2020-04-17 10:40:00,36.759151594
2020-04-17 10:41:00,36.843065328
2020-04-17 10:42:00,36.843065328
2020-04-17 10:43:00,36.793704308
2020-04-17 10:44:00,36.788768206
2020-04-17 10:45:00,36.783832104
2020-04-17 10:46:00,36.739407186
2020-04-17 10:47:00,36.783832104
2020-04-17 10:48:00,36.754215492
2020-04-17 10:49:00,36.67523786
2020-04-17 10:50:00,36.628344891
2020-04-17 10:51:00,36.68797300316
2020-04-17 10:52:00,36.67523786
2020-04-17 10:53:00,36.670301758
2020-04-17 10:54:00,36.685110064
2020-04-17 10:55:00,36.739407186
2020-04-17 10:56:00,36.69991837
2020-04-17 10:57:00,36.72459888
2020-04-17 10:58:00,36.764087696
2020-04-17 10:59:00,36.744343288
2020-04-17 11:00:00,36.685110064
2020-04-17 11:01:00,36.714726676
2020-04-17 11:02:00,36.783832104
2020-04-17 11:03:00,36.803576512
2020-04-17 11:04:00,36.7739599
2020-04-17 11:05:00,36.734471084
2020-04-17 11:06:00,36.714726676
2020-04-17 11:07:00,36.7315094228
2020-04-17 11:08:00,36.719662778
2020-04-17 11:09:00,36.734471084
2020-04-17 11:10:00,36.719662778
2020-04-17 11:11:00,36.719662778
2020-04-17 11:12:00,36.685110064
2020-04-17 11:13:00,36.680173962
2020-04-17 11:14:00,36.694982268
2020-04-17 11:15:00,36.744343288
2020-04-17 11:16:00,36.803576512
2020-04-17 11:17:00,36.75530143444
2020-04-17 11:18:00,36.759151594
2020-04-17 11:19:00,36.788768206
2020-04-17 11:20:00,36.78393082604
2020-04-17 11:21:00,36.82332092
2020-04-17 11:22:00,36.7739599
2020-04-17 11:23:00,36.82332092
2020-04-17 11:24:00,36.852937532
2020-04-17 11:25:00,36.82332092
2020-04-17 11:26:00,36.813448716
2020-04-17 11:27:00,36.739407186
2020-04-17 11:28:00,36.690046166
2020-04-17 11:29:00,36.694982268
2020-04-17 11:30:00,36.68965127784
2020-04-17 11:31:00,36.694982268
2020-04-17 11:32:00,36.670301758
2020-04-17 11:33:00,36.63565032196
2020-04-17 11:34:00,36.665365656
2020-04-17 11:35:00,36.729534982
2020-04-17 11:36:00,36.74927939
2020-04-17 11:37:00,36.734471084
2020-04-17 11:38:00,36.709790574
2020-04-17 11:39:00,36.72459888
2020-04-17 11:40:00,36.67523786
2020-04-17 11:41:00,36.67523786
2020-04-17 11:42:00,36.685110064
2020-04-17 11:43:00,36.67849568732
2020-04-17 11:44:00,36.68175351464
2020-04-17 11:45:00,36.660429554
2020-04-17 11:46:00,36.704854472
2020-04-17 11:47:00,36.685110064
2020-04-17 11:48:00,36.7739599
2020-04-17 11:49:00,36.72459888
2020-04-17 11:50:00,36.694982268
2020-04-17 11:51:00,36.660429554
2020-04-17 11:52:00,36.685110064
2020-04-17 11:53:00,36.769023798
2020-04-17 11:54:00,36.778896002
2020-04-17 11:55:00,36.754215492
2020-04-17 11:56:00,36.764087696
2020-04-17 11:57:00,36.7384199656
2020-04-17 11:58:00,36.685110064
2020-04-17 11:59:00,36.714726676
2020-04-17 12:00:00,36.714726676
2020-04-17 12:01:00,36.665365656
2020-04-17 12:02:00,36.640685146
2020-04-17 12:03:00,36.660429554
2020-04-17 12:04:00,36.67523786
2020-04-17 12:05:00,36.660429554
2020-04-17 12:06:00,36.685110064
2020-04-17 12:07:00,36.67217747676
2020-04-17 12:08:00,36.645621248
2020-04-17 12:09:00,36.670301758
2020-04-17 12:10:00,36.665365656
2020-04-17 12:11:00,36.665365656
2020-04-17 12:12:00,36.655493452
2020-04-17 12:13:00,36.67523786
2020-04-17 12:14:00,36.63841453908
2020-04-17 12:15:00,36.640685146
2020-04-17 12:16:00,36.630812942
2020-04-17 12:17:00,36.67523786
2020-04-17 12:18:00,36.6742506396
2020-04-17 12:19:00,36.655493452
2020-04-17 12:20:00,36.680173962
2020-04-17 12:21:00,36.665365656
2020-04-17 12:22:00,36.62587684
2020-04-17 12:23:00,36.630812942
2020-04-17 12:24:00,36.596260228
2020-04-17 12:25:00,36.596260228
2020-04-17 12:26:00,36.55183531
2020-04-17 12:27:00,36.586388024
2020-04-17 12:28:00,36.581451922
2020-04-17 12:29:00,36.62587684
2020-04-17 12:30:00,36.616004636
2020-04-17 12:31:00,36.616004636
2020-04-17 12:32:00,36.62587684
2020-04-17 12:33:00,36.66378610336
2020-04-17 12:34:00,36.620940738
2020-04-17 12:35:00,36.62587684
2020-04-17 12:36:00,36.62587684
2020-04-17 12:37:00,36.635749044
2020-04-17 12:38:00,36.65055735
2020-04-17 12:39:00,36.709790574
2020-04-17 12:40:00,36.690046166
2020-04-17 12:41:00,36.694982268
2020-04-17 12:42:00,36.72459888
2020-04-17 12:43:00,36.719662778
2020-04-17 12:44:00,36.714726676
2020-04-17 12:45:00,36.680173962
2020-04-17 12:46:00,36.665365656
2020-04-17 12:47:00,36.645621248
2020-04-17 12:48:00,36.6614167744
2020-04-17 12:49:00,36.665365656
2020-04-17 12:50:00,36.694982268
2020-04-17 12:51:00,36.67109153432
2020-04-17 12:52:00,36.680173962
2020-04-17 12:53:00,36.694982268
2020-04-17 12:54:00,36.685110064
2020-04-17 12:55:00,36.719662778
2020-04-17 12:56:00,36.72459888
2020-04-17 12:57:00,36.69991837
2020-04-17 12:58:00,36.729534982
2020-04-17 12:59:00,36.744343288
2020-04-17 13:00:00,36.739407186
2020-04-17 13:01:00,36.714726676
2020-04-17 13:02:00,36.734471084
2020-04-17 13:03:00,36.783832104
2020-04-17 13:04:00,36.754215492
2020-04-17 13:05:00,36.72459888
2020-04-17 13:06:00,36.72459888
2020-04-17 13:07:00,36.7408880166
2020-04-17 13:08:00,36.714726676
2020-04-17 13:09:00,36.69991837
2020-04-17 13:10:00,36.72459888
2020-04-17 13:11:00,36.72459888
2020-04-17 13:12:00,36.714726676
2020-04-17 13:13:00,36.719662778
2020-04-17 13:14:00,36.72459888
2020-04-17 13:15:00,36.714726676
2020-04-17 13:16:00,36.754215492
2020-04-17 13:17:00,36.74927939
2020-04-17 13:18:00,36.754215492
2020-04-17 13:19:00,36.754215492
2020-04-17 13:20:00,36.788768206
2020-04-17 13:21:00,36.759151594
2020-04-17 13:22:00,36.72459888
2020-04-17 13:23:00,36.665365656
2020-04-17 13:24:00,36.630812942
2020-04-17 13:25:00,36.64344936312
2020-04-17 13:26:00,36.665365656
2020-04-17 13:27:00,36.67523786
2020-04-17 13:28:00,36.65539472996
2020-04-17 13:29:00,36.665365656
2020-04-17 13:30:00,36.640685146
2020-04-17 13:31:00,36.67523786
2020-04-17 13:32:00,36.67523786
2020-04-17 13:33:00,36.665365656
2020-04-17 13:34:00,36.645621248
2020-04-17 13:35:00,36.665365656
2020-04-17 13:36:00,36.694982268
2020-04-17 13:37:00,36.704854472
2020-04-17 13:38:00,36.714726676
2020-04-17 13:39:00,36.714726676
2020-04-17 13:40:00,36.7739599
2020-04-17 13:41:00,36.769023798
2020-04-17 13:42:00,36.82114903512
2020-04-17 13:43:00,36.813448716
2020-04-17 13:44:00,36.828257022
2020-04-17 13:45:00,36.808512614
2020-04-17 13:46:00,36.813448716
2020-04-17 13:47:00,36.7739599
2020-04-17 13:48:00,36.754215492
2020-04-17 13:49:00,36.769023798
2020-04-17 13:50:00,36.744343288
2020-04-17 13:51:00,36.744343288
2020-04-17 13:52:00,36.74927939
2020-04-17 13:53:00,36.74927939
2020-04-17 13:54:00,36.739407186
2020-04-17 13:55:00,36.734471084
2020-04-17 13:56:00,36.734471084
2020-04-17 13:57:00,36.7739599
2020-04-17 13:58:00,36.74927939
2020-04-17 13:59:00,36.744343288
2020-04-17 14:00:00,36.7739599
2020-04-17 14:01:00,36.74927939
2020-04-17 14:02:00,36.72459888
2020-04-17 14:03:00,36.714726676
2020-04-17 14:04:00,36.719662778
2020-04-17 14:05:00,36.704854472
2020-04-17 14:06:00,36.704854472
2020-04-17 14:07:00,36.7088033536
2020-04-17 14:08:00,36.690046166
2020-04-17 14:09:00,36.690046166
2020-04-17 14:10:00,36.719662778
2020-04-17 14:11:00,36.72459888
2020-04-17 14:12:00,36.739407186
2020-04-17 14:13:00,36.72459888
2020-04-17 14:14:00,36.694982268
2020-04-17 14:15:00,36.719662778
2020-04-17 14:16:00,36.734471084
2020-04-17 14:17:00,36.74424456596
2020-04-17 14:18:00,36.739407186
2020-04-17 14:19:00,36.744343288
2020-04-17 14:20:00,36.764087696
2020-04-17 14:21:00,36.7739599
2020-04-17 14:22:00,36.813448716
2020-04-17 14:23:00,36.783832104
2020-04-17 14:24:00,36.808512614
2020-04-17 14:25:00,36.769023798
2020-04-17 14:26:00,36.769023798
2020-04-17 14:27:00,36.79864041
2020-04-17 14:28:00,36.79864041
2020-04-17 14:29:00,36.769023798
2020-04-17 14:30:00,36.7739599
2020-04-17 14:31:00,36.7354583044
2020-04-17 14:32:00,36.734471084
2020-04-17 14:33:00,36.69991837
2020-04-17 14:34:00,36.704854472
2020-04-17 14:35:00,36.694982268
2020-04-17 14:36:00,36.65055735
2020-04-17 14:37:00,36.635749044
2020-04-17 14:38:00,36.635749044
2020-04-17 14:39:00,36.616004636
2020-04-17 14:40:00,36.62587684
2020-04-17 14:41:00,36.635749044
2020-04-17 14:42:00,36.635749044
2020-04-17 14:43:00,36.62587684
2020-04-17 14:44:00,36.611068534
2020-04-17 14:45:00,36.620940738
2020-04-17 14:46:00,36.640685146
2020-04-17 14:47:00,36.62716022652
2020-04-17 14:48:00,36.635749044
2020-04-17 14:49:00,36.62587684
2020-04-17 14:50:00,36.660429554
2020-04-17 14:51:00,36.665365656
2020-04-17 14:52:00,36.616004636
2020-04-17 14:53:00,36.616004636
2020-04-17 14:54:00,36.616004636
2020-04-17 14:55:00,36.616004636
2020-04-17 14:56:00,36.611068534
2020-04-17 14:57:00,36.581451922
2020-04-17 14:58:00,36.611068534
2020-04-17 14:59:00,36.606132432
2020-04-17 15:00:00,36.620940738
2020-04-17 15:01:00,36.635749044
2020-04-17 15:02:00,36.694982268
2020-04-17 15:03:00,36.660429554
2020-04-17 15:04:00,36.546899208
2020-04-17 15:05:00,36.65055735
2020-04-17 15:06:00,36.57651582
2020-04-17 15:07:00,36.546899208
2020-04-17 15:08:00,36.556771412
2020-04-17 15:09:00,36.571579718
2020-04-17 15:10:00,36.537027004
2020-04-17 15:11:00,36.586388024
2020-04-17 15:12:00,36.62587684
2020-04-17 15:13:00,36.606132432
2020-04-17 15:14:00,36.60119633
2020-04-17 15:15:00,36.546899208
2020-04-17 15:16:00,36.546899208
2020-04-17 15:17:00,36.546899208
2020-04-17 15:18:00,36.546899208
2020-04-17 15:19:00,36.546899208
2020-04-17 15:20:00,36.611068534
2020-04-17 15:21:00,36.630812942
2020-04-17 15:22:00,36.611068534
2020-04-17 15:23:00,36.616004636
2020-04-17 15:24:00,36.62587684
2020-04-17 15:25:00,36.62587684
2020-04-17 15:26:00,36.61975607352
2020-04-17 15:27:00,36.655493452
2020-04-17 15:28:00,36.655493452
2020-04-17 15:29:00,36.655493452
2020-04-17 15:30:00,36.67523786
2020-04-17 15:31:00,36.72459888
2020-04-17 15:32:00,36.734471084
2020-04-17 15:33:00,36.7739599
2020-04-17 15:34:00,36.828257022
2020-04-17 15:35:00,36.793704308
2020-04-17 15:36:00,36.808512614
2020-04-17 15:37:00,36.82332092
2020-04-17 15:38:00,36.843065328
2020-04-17 15:39:00,36.838129226
2020-04-17 15:40:00,36.838129226
2020-04-17 15:41:00,36.87268194
2020-04-17 15:42:00,36.892426348
2020-04-17 15:43:00,36.882554144
2020-04-17 15:44:00,36.862809736
2020-04-17 15:45:00,36.867745838
2020-04-17 15:46:00,36.877618042
2020-04-17 15:47:00,36.936851266
2020-04-17 15:48:00,36.941787368
2020-04-17 15:49:00,36.966467878
2020-04-17 15:50:00,36.991148388
2020-04-17 15:51:00,37.020765
2020-04-17 15:52:00,37.010892796
2020-04-17 15:53:00,37.00901707724
2020-04-17 15:54:00,36.991148388
2020-04-17 15:55:00,37.001020592
2020-04-17 15:56:00,36.976340082
2020-04-17 15:57:00,36.981276184
2020-04-17 15:58:00,36.97140398
2020-04-17 15:59:00,37.010892796
2020-04-17 16:00:00,36.976340082
2020-04-20 09:31:00,37.109614836
2020-04-20 09:32:00,37.0375477468
2020-04-20 09:33:00,37.020765
2020-04-20 09:34:00,36.912170756
2020-04-20 09:35:00,36.843065328
2020-04-20 09:36:00,36.902298552
2020-04-20 09:37:00,36.941787368
2020-04-20 09:38:00,37.07012602
2020-04-20 09:39:00,37.079998224
2020-04-20 09:40:00,37.02836659708
2020-04-20 09:41:00,37.020765
2020-04-20 09:42:00,37.050381612
2020-04-20 09:43:00,37.07693784076
2020-04-20 09:44:00,36.976340082
2020-04-20 09:45:00,36.941787368
2020-04-20 09:46:00,37.010892796
2020-04-20 09:47:00,37.030637204
2020-04-20 09:48:00,37.060253816
2020-04-20 09:49:00,37.07012602
2020-04-20 09:50:00,37.04544551
2020-04-20 09:51:00,37.06015509396
2020-04-20 09:52:00,37.040509408
2020-04-20 09:53:00,37.010892796
2020-04-20 09:54:00,36.981276184
2020-04-20 09:55:00,37.020765
2020-04-20 09:56:00,37.139231448
2020-04-20 09:57:00,37.109614836
2020-04-20 09:58:00,37.134295346
2020-04-20 09:59:00,37.158975856
2020-04-20 10:00:00,37.139231448
2020-04-20 10:01:00,37.16884806
2020-04-20 10:02:00,37.16884806
2020-04-20 10:03:00,37.21820908
2020-04-20 10:04:00,37.277442304
2020-04-20 10:05:00,37.30202409196
2020-04-20 10:06:00,37.307058916
2020-04-20 10:07:00,37.272506202
2020-04-20 10:08:00,37.24288959
2020-04-20 10:09:00,37.277442304
2020-04-20 10:10:00,37.302122814
2020-04-20 10:11:00,37.381100446
2020-04-20 10:12:00,37.395908752
2020-04-20 10:13:00,37.35632121396
2020-04-20 10:14:00,37.410717058
2020-04-20 10:15:00,37.43529884596
2020-04-20 10:16:00,37.455141976
2020-04-20 10:17:00,37.445269772
2020-04-20 10:18:00,37.386036548
2020-04-20 10:19:00,37.460078078
2020-04-20 10:20:00,37.455141976
2020-04-20 10:21:00,37.410717058
2020-04-20 10:22:00,37.400844854
2020-04-20 10:23:00,37.445269772
2020-04-20 10:24:00,37.460078078
2020-04-20 10:25:00,37.450205874
2020-04-20 10:26:00,37.479822486
2020-04-20 10:27:00,37.499566894
2020-04-20 10:28:00,37.504502996
2020-04-20 10:29:00,37.50045539236
2020-04-20 10:30:00,37.534119608
2020-04-20 10:31:00,37.573608424
2020-04-20 10:32:00,37.583480628
2020-04-20 10:33:00,37.573608424
2020-04-20 10:34:00,37.593352832
2020-04-20 10:35:00,37.593352832
2020-04-20 10:36:00,37.632841648
2020-04-20 10:37:00,37.632841648
2020-04-20 10:38:00,37.657522158
2020-04-20 10:39:00,37.657522158
2020-04-20 10:40:00,37.583480628
2020-04-20 10:41:00,37.608161138
2020-04-20 10:42:00,37.642713852
2020-04-20 10:43:00,37.652586056
2020-04-20 10:44:00,37.632841648
2020-04-20 10:45:00,37.66245826
2020-04-20 10:46:00,37.701947076
2020-04-20 10:47:00,37.68230139004
2020-04-20 10:48:00,37.68279500024
2020-04-20 10:49:00,37.701947076
2020-04-20 10:50:00,37.672330464
2020-04-20 10:51:00,37.6812154476
2020-04-20 10:52:00,37.682202668
2020-04-20 10:53:00,37.741435892
2020-04-20 10:54:00,37.69908413684
2020-04-20 10:55:00,37.716755382
2020-04-20 10:56:00,37.682202668
2020-04-20 10:57:00,37.697010974
2020-04-20 10:58:00,37.701947076
2020-04-20 10:59:00,37.70757423228
2020-04-20 11:00:00,37.70510618128
2020-04-20 11:01:00,37.706883178
2020-04-20 11:02:00,37.701947076
2020-04-20 11:03:00,37.701947076
2020-04-20 11:04:00,37.692074872
2020-04-20 11:05:00,37.70875889676
2020-04-20 11:06:00,37.71181928
2020-04-20 11:07:00,37.701947076
2020-04-20 11:08:00,37.731563688
2020-04-20 11:09:00,37.7611803
2020-04-20 11:10:00,37.780924708
2020-04-20 11:11:00,37.766116402
2020-04-20 11:12:00,37.78586081
2020-04-20 11:13:00,37.766116402
2020-04-20 11:14:00,37.766116402
2020-04-20 11:15:00,37.7552569776
2020-04-20 11:16:00,37.741435892
2020-04-20 11:17:00,37.66245826
2020-04-20 11:18:00,37.618033342
2020-04-20 11:19:00,37.66245826
2020-04-20 11:20:00,37.66245826
2020-04-20 11:21:00,37.701947076
2020-04-20 11:22:00,37.682202668
2020-04-20 11:23:00,37.692074872
2020-04-20 11:24:00,37.71181928
2020-04-20 11:25:00,37.692074872
2020-04-20 11:26:00,37.716755382
2020-04-20 11:27:00,37.751308096
2020-04-20 11:28:00,37.721691484
2020-04-20 11:29:00,37.692074872
2020-04-20 11:30:00,37.726627586
2020-04-20 11:31:00,37.721691484
2020-04-20 11:32:00,37.73649979
2020-04-20 11:33:00,37.73136624392
2020-04-20 11:34:00,37.701947076
2020-04-20 11:35:00,37.731563688
2020-04-20 11:36:00,37.7611803
2020-04-20 11:37:00,37.756244198
2020-04-20 11:38:00,37.7611803
2020-04-20 11:39:00,37.771052504
2020-04-20 11:40:00,37.79849723112
2020-04-20 11:41:00,37.800669116
2020-04-20 11:42:00,37.80836943512
2020-04-20 11:43:00,37.79069818996
2020-04-20 11:44:00,37.7893160814
2020-04-20 11:45:00,37.79356112912
2020-04-20 11:46:00,37.780924708
2020-04-20 11:47:00,37.75900841512
2020-04-20 11:48:00,37.721691484
2020-04-20 11:49:00,37.741435892
2020-04-20 11:50:00,37.741435892
2020-04-20 11:51:00,37.731563688
2020-04-20 11:52:00,37.75120937396
2020-04-20 11:53:00,37.741435892
2020-04-20 11:54:00,37.741435892
2020-04-20 11:55:00,37.731563688
2020-04-20 11:56:00,37.73087263372
2020-04-20 11:57:00,37.716755382
2020-04-20 11:58:00,37.731563688
2020-04-20 11:59:00,37.73649979
2020-04-20 12:00:00,37.756244198
2020-04-20 12:01:00,37.7611803
2020-04-20 12:02:00,37.682202668
2020-04-20 12:03:00,37.682202668
2020-04-20 12:04:00,37.652586056
2020-04-20 12:05:00,37.63777775
2020-04-20 12:06:00,37.627905546
2020-04-20 12:07:00,37.632841648
2020-04-20 12:08:00,37.627905546
2020-04-20 12:09:00,37.6412330214
2020-04-20 12:10:00,37.642713852
2020-04-20 12:11:00,37.652586056
2020-04-20 12:12:00,37.5854550688
2020-04-20 12:13:00,37.608161138
2020-04-20 12:14:00,37.61319596204
2020-04-20 12:15:00,37.627905546
2020-04-20 12:16:00,37.632841648
2020-04-20 12:17:00,37.603225036
2020-04-20 12:18:00,37.608161138
2020-04-20 12:19:00,37.593352832
2020-04-20 12:20:00,37.61309724
2020-04-20 12:21:00,37.593352832
2020-04-20 12:22:00,37.5918720014
2020-04-20 12:23:00,37.56373622
2020-04-20 12:24:00,37.54774324952
2020-04-20 12:25:00,37.553864016
2020-04-20 12:26:00,37.53905571
2020-04-20 12:27:00,37.534119608
2020-04-20 12:28:00,37.504502996
2020-04-20 12:29:00,37.519311302
2020-04-20 12:30:00,37.509439098
2020-04-20 12:31:00,37.534119608
2020-04-20 12:32:00,37.568672322
2020-04-20 12:33:00,37.603225036
2020-04-20 12:34:00,37.60549564292
2020-04-20 12:35:00,37.622969444
2020-04-20 12:36:00,37.61309724
2020-04-20 12:37:00,37.61053046696
2020-04-20 12:38:00,37.622969444
2020-04-20 12:39:00,37.647649954
2020-04-20 12:40:00,37.622969444
2020-04-20 12:41:00,37.62909021048
2020-04-20 12:42:00,37.6066803074
2020-04-20 12:43:00,37.618033342
2020-04-20 12:44:00,37.6140844604
2020-04-20 12:45:00,37.603225036
2020-04-20 12:46:00,37.58841673
2020-04-20 12:47:00,37.568672322
2020-04-20 12:48:00,37.568672322
2020-04-20 12:49:00,37.598288934
2020-04-20 12:50:00,37.61309724
2020-04-20 12:51:00,37.618033342
2020-04-20 12:52:00,37.647649954
2020-04-20 12:53:00,37.652586056
2020-04-20 12:54:00,37.677266566
2020-04-20 12:55:00,37.697010974
2020-04-20 12:56:00,37.701947076
2020-04-20 12:57:00,37.71181928
2020-04-20 12:58:00,37.71004228328
2020-04-20 12:59:00,37.697010974
2020-04-20 13:00:00,37.677266566
2020-04-20 13:01:00,37.692074872
2020-04-20 13:02:00,37.647649954
2020-04-20 13:03:00,37.61309724
2020-04-20 13:04:00,37.608161138
2020-04-20 13:05:00,37.593352832
2020-04-20 13:06:00,37.529183506
2020-04-20 13:07:00,37.5143752
2020-04-20 13:08:00,37.53905571
2020-04-20 13:09:00,37.553864016
2020-04-20 13:10:00,37.568672322
2020-04-20 13:11:00,37.573608424
2020-04-20 13:12:00,37.573608424
2020-04-20 13:13:00,37.598288934
2020-04-20 13:14:00,37.58841673
2020-04-20 13:15:00,37.56926465424
2020-04-20 13:16:00,37.56373622
2020-04-20 13:17:00,37.56363749796
2020-04-20 13:18:00,37.56373622
2020-04-20 13:19:00,37.56373622
2020-04-20 13:20:00,37.558800118
2020-04-20 13:21:00,37.548927914
2020-04-20 13:22:00,37.573608424
2020-04-20 13:23:00,37.573608424
2020-04-20 13:24:00,37.56373622
2020-04-20 13:25:00,37.5143752
2020-04-20 13:26:00,37.504502996
2020-04-20 13:27:00,37.5143752
2020-04-20 13:28:00,37.504502996
2020-04-20 13:29:00,37.524247404
2020-04-20 13:30:00,37.52434612604
2020-04-20 13:31:00,37.519311302
2020-04-20 13:32:00,37.5143752
2020-04-20 13:33:00,37.5143752
2020-04-20 13:34:00,37.504502996
2020-04-20 13:35:00,37.524247404
2020-04-20 13:36:00,37.509439098
2020-04-20 13:37:00,37.524247404
2020-04-20 13:38:00,37.5143752
2020-04-20 13:39:00,37.534119608
2020-04-20 13:40:00,37.568672322
2020-04-20 13:41:00,37.608161138
2020-04-20 13:42:00,37.608161138
2020-04-20 13:43:00,37.608161138
2020-04-20 13:44:00,37.61309724
2020-04-20 13:45:00,37.583480628
2020-04-20 13:46:00,37.593352832
2020-04-20 13:47:00,37.578544526
2020-04-20 13:48:00,37.61309724
2020-04-20 13:49:00,37.61625634528
2020-04-20 13:50:00,37.598288934
2020-04-20 13:51:00,37.608161138
2020-04-20 13:52:00,37.618033342
2020-04-20 13:53:00,37.63777775
2020-04-20 13:54:00,37.677266566
2020-04-20 13:55:00,37.672330464
2020-04-20 13:56:00,37.647649954
2020-04-20 13:57:00,37.63777775
2020-04-20 13:58:00,37.63777775
2020-04-20 13:59:00,37.63777775
2020-04-20 14:00:00,37.657522158
2020-04-20 14:01:00,37.66245826
2020-04-20 14:02:00,37.68713877
2020-04-20 14:03:00,37.716755382
2020-04-20 14:04:00,37.701947076
2020-04-20 14:05:00,37.706883178
2020-04-20 14:06:00,37.701947076
2020-04-20 14:07:00,37.706883178
2020-04-20 14:08:00,37.697010974
2020-04-20 14:09:00,37.701947076
2020-04-20 14:10:00,37.71181928
2020-04-20 14:11:00,37.692074872
2020-04-20 14:12:00,37.63777775
2020-04-20 14:13:00,37.61309724
2020-04-20 14:14:00,37.68723749204
2020-04-20 14:15:00,37.6412330214
2020-04-20 14:16:00,37.6313608174
2020-04-20 14:17:00,37.6412330214
2020-04-20 14:18:00,37.652586056
2020-04-20 14:19:00,37.618033342
2020-04-20 14:20:00,37.62514132888
2020-04-20 14:21:00,37.63777775
2020-04-20 14:22:00,37.603225036
2020-04-20 14:23:00,37.573608424
2020-04-20 14:24:00,37.558800118
2020-04-20 14:25:00,37.558800118
2020-04-20 14:26:00,37.504502996
2020-04-20 14:27:00,37.499566894
2020-04-20 14:28:00,37.455141976
2020-04-20 14:29:00,37.430461466
2020-04-20 14:30:00,37.430461466
2020-04-20 14:31:00,37.455141976
2020-04-20 14:32:00,37.474886384
2020-04-20 14:33:00,37.494630792
2020-04-20 14:34:00,37.5143752
2020-04-20 14:35:00,37.484758588
2020-04-20 14:36:00,37.48317903536
2020-04-20 14:37:00,37.4842649778
2020-04-20 14:38:00,37.4877202492
2020-04-20 14:39:00,37.534119608
2020-04-20 14:40:00,37.53905571
2020-04-20 14:41:00,37.51407903388
2020-04-20 14:42:00,37.504502996
2020-04-20 14:43:00,37.48969469
2020-04-20 14:44:00,37.504502996
2020-04-20 14:45:00,37.5143752
2020-04-20 14:46:00,37.46501418
2020-04-20 14:47:00,37.48969469
2020-04-20 14:48:00,37.504502996
2020-04-20 14:49:00,37.504502996
2020-04-20 14:50:00,37.5143752
2020-04-20 14:51:00,37.504502996
2020-04-20 14:52:00,37.504502996
2020-04-20 14:53:00,37.504502996
2020-04-20 14:54:00,37.499566894
2020-04-20 14:55:00,37.445269772
2020-04-20 14:56:00,37.36629214
2020-04-20 14:57:00,37.336675528
2020-04-20 14:58:00,37.302122814
2020-04-20 14:59:00,37.287314508
2020-04-20 15:00:00,37.2675701
2020-04-20 15:01:00,37.297186712
2020-04-20 15:02:00,37.336675528
2020-04-20 15:03:00,37.381100446
2020-04-20 15:04:00,37.381100446
2020-04-20 15:05:00,37.376164344
2020-04-20 15:06:00,37.36629214
2020-04-20 15:07:00,37.34161163
2020-04-20 15:08:00,37.356419936
2020-04-20 15:09:00,37.36629214
2020-04-20 15:10:00,37.36629214
2020-04-20 15:11:00,37.41565316
2020-04-20 15:12:00,37.39097265
2020-04-20 15:13:00,37.41565316
2020-04-20 15:14:00,37.46501418
2020-04-20 15:15:00,37.43529884596
2020-04-20 15:16:00,37.445269772
2020-04-20 15:17:00,37.48969469
2020-04-20 15:18:00,37.48969469
2020-04-20 15:19:00,37.484758588
2020-04-20 15:20:00,37.425525364
2020-04-20 15:21:00,37.445269772
2020-04-20 15:22:00,37.46501418
2020-04-20 15:23:00,37.450205874
2020-04-20 15:24:00,37.46501418
2020-04-20 15:25:00,37.474886384
2020-04-20 15:26:00,37.445269772
2020-04-20 15:27:00,37.420589262
2020-04-20 15:28:00,37.346547732
2020-04-20 15:29:00,37.381100446
2020-04-20 15:30:00,37.381100446
2020-04-20 15:31:00,37.395908752
2020-04-20 15:32:00,37.425525364
2020-04-20 15:33:00,37.46501418
2020-04-20 15:34:00,37.504502996
2020-04-20 15:35:00,37.519311302
2020-04-20 15:36:00,37.529183506
2020-04-20 15:37:00,37.5143752
2020-04-20 15:38:00,37.494630792
2020-04-20 15:39:00,37.479822486
2020-04-20 15:40:00,37.445269772
2020-04-20 15:41:00,37.430461466
2020-04-20 15:42:00,37.445269772
2020-04-20 15:43:00,37.381100446
2020-04-20 15:44:00,37.376164344
2020-04-20 15:45:00,37.371228242
2020-04-20 15:46:00,37.346547732
2020-04-20 15:47:00,37.34161163
2020-04-20 15:48:00,37.3648113094
2020-04-20 15:49:00,37.39097265
2020-04-20 15:50:00,37.405780956
2020-04-20 15:51:00,37.29225061
2020-04-20 15:52:00,37.21820908
2020-04-20 15:53:00,37.247825692
2020-04-20 15:54:00,37.257697896
2020-04-20 15:55:00,37.223145182
2020-04-20 15:56:00,37.223145182
2020-04-20 15:57:00,37.213272978
2020-04-20 15:58:00,37.198464672
2020-04-20 15:59:00,37.149103652
2020-04-20 16:00:00,37.158975856
2020-04-21 09:31:00,37.36629214
2020-04-21 09:32:00,37.543991812
2020-04-21 09:33:00,37.474886384
2020-04-21 09:34:00,37.46501418
2020-04-21 09:35:00,37.34368479284
2020-04-21 09:36:00,37.2675701
2020-04-21 09:37:00,37.297186712
2020-04-21 09:38:00,37.257697896
2020-04-21 09:39:00,37.198464672
2020-04-21 09:40:00,37.198464672
2020-04-21 09:41:00,37.336675528
2020-04-21 09:42:00,37.326803324
2020-04-21 09:43:00,37.272506202
2020-04-21 09:44:00,37.257697896
2020-04-21 09:45:00,37.22818000604
2020-04-21 09:46:00,37.31693112
2020-04-21 09:47:00,37.39581002996
2020-04-21 09:48:00,37.376164344
2020-04-21 09:49:00,37.2675701
2020-04-21 09:50:00,37.213272978
2020-04-21 09:51:00,37.198464672
2020-04-21 09:52:00,37.277442304
2020-04-21 09:53:00,37.287314508
2020-04-21 09:54:00,37.287314508
2020-04-21 09:55:00,37.287314508
2020-04-21 09:56:00,37.395908752
2020-04-21 09:57:00,37.46501418
2020-04-21 09:58:00,37.455141976
2020-04-21 09:59:00,37.445269772
2020-04-21 10:00:00,37.356419936
2020-04-21 10:01:00,37.198464672
2020-04-21 10:02:00,37.198464672
2020-04-21 10:03:00,37.277442304
2020-04-21 10:04:00,37.336675528
2020-04-21 10:05:00,37.381100446
2020-04-21 10:06:00,37.356419936
2020-04-21 10:07:00,37.435397568
2020-04-21 10:08:00,37.420589262
2020-04-21 10:09:00,37.46501418
2020-04-21 10:10:00,37.524247404
2020-04-21 10:11:00,37.593352832
2020-04-21 10:12:00,37.642713852
2020-04-21 10:13:00,37.68200522392
2020-04-21 10:14:00,37.682202668
2020-04-21 10:15:00,37.692074872
2020-04-21 10:16:00,37.66245826
2020-04-21 10:17:00,37.573608424
2020-04-21 10:18:00,37.543991812
2020-04-21 10:19:00,37.6175397318
2020-04-21 10:20:00,37.593352832
2020-04-21 10:21:00,37.622969444
2020-04-21 10:22:00,37.652586056
2020-04-21 10:23:00,37.6738112946
2020-04-21 10:24:00,37.667394362
2020-04-21 10:25:00,37.701947076
2020-04-21 10:26:00,37.70895634084
2020-04-21 10:27:00,37.647649954
2020-04-21 10:28:00,37.652586056
2020-04-21 10:29:00,37.66245826
2020-04-21 10:30:00,37.697010974
2020-04-21 10:31:00,37.672330464
2020-04-21 10:32:00,37.593352832
2020-04-21 10:33:00,37.583480628
2020-04-21 10:34:00,37.593352832
2020-04-21 10:35:00,37.603225036
2020-04-21 10:36:00,37.583480628
2020-04-21 10:37:00,37.56373622
2020-04-21 10:38:00,37.58841673
2020-04-21 10:39:00,37.622969444
2020-04-21 10:40:00,37.58841673
2020-04-21 10:41:00,37.57331225788
2020-04-21 10:42:00,37.622969444
2020-04-21 10:43:00,37.66245826
2020-04-21 10:44:00,37.642713852
2020-04-21 10:45:00,37.642713852
2020-04-21 10:46:00,37.61309724
2020-04-21 10:47:00,37.608161138
2020-04-21 10:48:00,37.583480628
2020-04-21 10:49:00,37.57844580396
2020-04-21 10:50:00,37.504502996
2020-04-21 10:51:00,37.46501418
2020-04-21 10:52:00,37.405780956
2020-04-21 10:53:00,37.381100446
2020-04-21 10:54:00,37.31693112
2020-04-21 10:55:00,37.376164344
2020-04-21 10:56:00,37.297186712
2020-04-21 10:57:00,37.237953488
2020-04-21 10:58:00,37.208336876
2020-04-21 10:59:00,37.237953488
2020-04-21 11:00:00,37.237953488
2020-04-21 11:01:00,37.139231448
2020-04-21 11:02:00,37.09480653
2020-04-21 11:03:00,37.06035253804
2020-04-21 11:04:00,37.040509408
2020-04-21 11:05:00,36.981276184
2020-04-21 11:06:00,37.020765
2020-04-21 11:07:00,37.0316244244
2020-04-21 11:08:00,37.11948704
2020-04-21 11:09:00,37.178720264
2020-04-21 11:10:00,37.228081284
2020-04-21 11:11:00,37.277442304
2020-04-21 11:12:00,37.257697896
2020-04-21 11:13:00,37.277442304
2020-04-21 11:14:00,37.2675701
2020-04-21 11:15:00,37.178720264
2020-04-21 11:16:00,37.139231448
2020-04-21 11:17:00,37.158975856
2020-04-21 11:18:00,37.109614836
2020-04-21 11:19:00,37.124423142
2020-04-21 11:20:00,37.178720264
2020-04-21 11:21:00,37.2483193022
2020-04-21 11:22:00,37.228081284
2020-04-21 11:23:00,37.302122814
2020-04-21 11:24:00,37.326803324
2020-04-21 11:25:00,37.277442304
2020-04-21 11:26:00,37.326803324
2020-04-21 11:27:00,37.307058916
2020-04-21 11:28:00,37.31693112
2020-04-21 11:29:00,37.277442304
2020-04-21 11:30:00,37.257697896
2020-04-21 11:31:00,37.331739426
2020-04-21 11:32:00,37.361356038
2020-04-21 11:33:00,37.31693112
2020-04-21 11:34:00,37.2675701
2020-04-21 11:35:00,37.233017386
2020-04-21 11:36:00,37.149103652
2020-04-21 11:37:00,37.25582217724
2020-04-21 11:38:00,37.134295346
2020-04-21 11:39:00,37.17013144652
2020-04-21 11:40:00,37.07437106772
2020-04-21 11:41:00,37.07012602
2020-04-21 11:42:00,37.060253816
2020-04-21 11:43:00,37.07012602
2020-04-21 11:44:00,37.04218768268
2020-04-21 11:45:00,37.075062122
2020-04-21 11:46:00,37.07012602
2020-04-21 11:47:00,37.079998224
2020-04-21 11:48:00,37.11948704
2020-04-21 11:49:00,37.158975856
2020-04-21 11:50:00,37.188592468
2020-04-21 11:51:00,37.149103652
2020-04-21 11:52:00,37.149103652
2020-04-21 11:53:00,37.089870428
2020-04-21 11:54:00,37.050381612
2020-04-21 11:55:00,37.060253816
2020-04-21 11:56:00,37.06430141964
2020-04-21 11:57:00,37.0814790546
2020-04-21 11:58:00,37.11948704
2020-04-21 11:59:00,37.089870428
2020-04-21 12:00:00,37.040509408
2020-04-21 12:01:00,37.005956694
2020-04-21 12:02:00,36.931915164
2020-04-21 12:03:00,36.951659572
2020-04-21 12:04:00,36.892426348
2020-04-21 12:05:00,36.857873634
2020-04-21 12:06:00,36.88245542196
2020-04-21 12:07:00,36.912170756
2020-04-21 12:08:00,36.951659572
2020-04-21 12:09:00,36.95481867728
2020-04-21 12:10:00,37.00111931404
2020-04-21 12:11:00,36.95896500296
2020-04-21 12:12:00,36.9723912004
2020-04-21 12:13:00,36.991148388
2020-04-21 12:14:00,36.986212286
2020-04-21 12:15:00,36.941787368
2020-04-21 12:16:00,36.97140398
2020-04-21 12:17:00,36.941787368
2020-04-21 12:18:00,36.907234654
2020-04-21 12:19:00,36.926979062
2020-04-21 12:20:00,36.961531776
2020-04-21 12:21:00,36.92204296
2020-04-21 12:22:00,36.931915164
2020-04-21 12:23:00,36.92786756036
2020-04-21 12:24:00,36.92204296
2020-04-21 12:25:00,36.87268194
2020-04-21 12:26:00,36.912170756
2020-04-21 12:27:00,36.956595674
2020-04-21 12:28:00,36.97140398
2020-04-21 12:29:00,36.981276184
2020-04-21 12:30:00,37.020765
2020-04-21 12:31:00,37.040509408
2020-04-21 12:32:00,37.07012602
2020-04-21 12:33:00,37.079998224
2020-04-21 12:34:00,37.060253816
2020-04-21 12:35:00,37.079998224
2020-04-21 12:36:00,37.040509408
2020-04-21 12:37:00,37.07012602
2020-04-21 12:38:00,37.050381612
2020-04-21 12:39:00,37.065189918
2020-04-21 12:40:00,37.0489007814
2020-04-21 12:41:00,37.075062122
2020-04-21 12:42:00,37.07012602
2020-04-21 12:43:00,36.991148388
2020-04-21 12:44:00,37.040509408
2020-04-21 12:45:00,37.040509408
2020-04-21 12:46:00,37.060253816
2020-04-21 12:47:00,37.030637204
2020-04-21 12:48:00,37.03843624516
2020-04-21 12:49:00,37.040509408
2020-04-21 12:50:00,37.079998224
2020-04-21 12:51:00,37.099742632
2020-04-21 12:52:00,37.14890620792
2020-04-21 12:53:00,37.16884806
2020-04-21 12:54:00,37.139231448
2020-04-21 12:55:00,37.149103652
2020-04-21 12:56:00,37.124423142
2020-04-21 12:57:00,37.158975856
2020-04-21 12:58:00,37.154039754
2020-04-21 12:59:00,37.17881898604
2020-04-21 13:00:00,37.16884806
2020-04-21 13:01:00,37.183656366
2020-04-21 13:02:00,37.173784162
2020-04-21 13:03:00,37.198464672
2020-04-21 13:04:00,37.213272978
2020-04-21 13:05:00,37.208336876
2020-04-21 13:06:00,37.188592468
2020-04-21 13:07:00,37.158975856
2020-04-21 13:08:00,37.14416755
2020-04-21 13:09:00,37.139231448
2020-04-21 13:10:00,37.1535461438
2020-04-21 13:11:00,37.178720264
2020-04-21 13:12:00,37.237953488
2020-04-21 13:13:00,37.21820908
2020-04-21 13:14:00,37.228081284
2020-04-21 13:15:00,37.233017386
2020-04-21 13:16:00,37.21820908
2020-04-21 13:17:00,37.228081284
2020-04-21 13:18:00,37.223145182
2020-04-21 13:19:00,37.228081284
2020-04-21 13:20:00,37.21820908
2020-04-21 13:21:00,37.277442304
2020-04-21 13:22:00,37.307058916
2020-04-21 13:23:00,37.31693112
2020-04-21 13:24:00,37.297186712
2020-04-21 13:25:00,37.257697896
2020-04-21 13:26:00,37.287314508
2020-04-21 13:27:00,37.29432377284
2020-04-21 13:28:00,37.277442304
2020-04-21 13:29:00,37.272506202
2020-04-21 13:30:00,37.3036036446
2020-04-21 13:31:00,37.311995018
2020-04-21 13:32:00,37.2883017284
2020-04-21 13:33:00,37.30696019396
2020-04-21 13:34:00,37.336675528
2020-04-21 13:35:00,37.336675528
2020-04-21 13:36:00,37.31693112
2020-04-21 13:37:00,37.3253224934
2020-04-21 13:38:00,37.336675528
2020-04-21 13:39:00,37.326803324
2020-04-21 13:40:00,37.321867222
2020-04-21 13:41:00,37.277442304
2020-04-21 13:42:00,37.247825692
2020-04-21 13:43:00,37.297186712
2020-04-21 13:44:00,37.326803324
2020-04-21 13:45:00,37.336675528
2020-04-21 13:46:00,37.336675528
2020-04-21 13:47:00,37.307058916
2020-04-21 13:48:00,37.262633998
2020-04-21 13:49:00,37.21820908
2020-04-21 13:50:00,37.178720264
2020-04-21 13:51:00,37.208336876
2020-04-21 13:52:00,37.237953488
2020-04-21 13:53:00,37.223145182
2020-04-21 13:54:00,37.237953488
2020-04-21 13:55:00,37.257697896
2020-04-21 13:56:00,37.257697896
2020-04-21 13:57:00,37.237953488
2020-04-21 13:58:00,37.228081284
2020-04-21 13:59:00,37.15907457804
2020-04-21 14:00:00,37.19352857
2020-04-21 14:01:00,37.129359244
2020-04-21 14:02:00,37.129359244
2020-04-21 14:03:00,37.139231448
2020-04-21 14:04:00,37.16884806
2020-04-21 14:05:00,37.149103652
2020-04-21 14:06:00,37.139231448
2020-04-21 14:07:00,37.149103652
2020-04-21 14:08:00,37.188592468
2020-04-21 14:09:00,37.16371451392
2020-04-21 14:10:00,37.178720264
2020-04-21 14:11:00,37.213272978
2020-04-21 14:12:00,37.18543336272
2020-04-21 14:13:00,37.2675701
2020-04-21 14:14:00,37.2675701
2020-04-21 14:15:00,37.257697896
2020-04-21 14:16:00,37.25779661804
2020-04-21 14:17:00,37.24288959
2020-04-21 14:18:00,37.252761794
2020-04-21 14:19:00,37.272506202
2020-04-21 14:20:00,37.29225061
2020-04-21 14:21:00,37.28761067412
2020-04-21 14:22:00,37.282378406
2020-04-21 14:23:00,37.36629214
2020-04-21 14:24:00,37.455141976
2020-04-21 14:25:00,37.41249405472
2020-04-21 14:26:00,37.41565316
2020-04-21 14:27:00,37.39571130792
2020-04-21 14:28:00,37.356419936
2020-04-21 14:29:00,37.3579007666
2020-04-21 14:30:00,37.356419936
2020-04-21 14:31:00,37.356419936
2020-04-21 14:32:00,37.356419936
2020-04-21 14:33:00,37.351483834
2020-04-21 14:34:00,37.3470413422
2020-04-21 14:35:00,37.302122814
2020-04-21 14:36:00,37.272506202
2020-04-21 14:37:00,37.287314508
2020-04-21 14:38:00,37.24288959
2020-04-21 14:39:00,37.183656366
2020-04-21 14:40:00,37.237953488
2020-04-21 14:41:00,37.188592468
2020-04-21 14:42:00,37.178720264
2020-04-21 14:43:00,37.17881898604
2020-04-21 14:44:00,37.149103652
2020-04-21 14:45:00,37.178720264
2020-04-21 14:46:00,37.139231448
2020-04-21 14:47:00,37.16884806
2020-04-21 14:48:00,37.149103652
2020-04-21 14:49:00,37.158975856
2020-04-21 14:50:00,37.109614836
2020-04-21 14:51:00,37.099742632
2020-04-21 14:52:00,37.075062122
2020-04-21 14:53:00,37.11682154492
2020-04-21 14:54:00,37.11948704
2020-04-21 14:55:00,37.124423142
2020-04-21 14:56:00,37.084934326
2020-04-21 14:57:00,37.089870428
2020-04-21 14:58:00,37.079998224
2020-04-21 14:59:00,37.075062122
2020-04-21 15:00:00,37.07012602
2020-04-21 15:01:00,37.109614836
2020-04-21 15:02:00,37.099742632
2020-04-21 15:03:00,37.099742632
2020-04-21 15:04:00,37.109614836
2020-04-21 15:05:00,37.124423142
2020-04-21 15:06:00,37.099742632
2020-04-21 15:07:00,36.986212286
2020-04-21 15:08:00,37.060253816
2020-04-21 15:09:00,37.060253816
2020-04-21 15:10:00,37.040509408
2020-04-21 15:11:00,37.079998224
2020-04-21 15:12:00,37.0908576484
2020-04-21 15:13:00,37.065189918
2020-04-21 15:14:00,37.07012602
2020-04-21 15:15:00,37.129359244
2020-04-21 15:16:00,37.149103652
2020-04-21 15:17:00,37.228081284
2020-04-21 15:18:00,37.208336876
2020-04-21 15:19:00,37.228081284
2020-04-21 15:20:00,37.257697896
2020-04-21 15:21:00,37.277442304
2020-04-21 15:22:00,37.257697896
2020-04-21 15:23:00,37.2675701
2020-04-21 15:24:00,37.2586851164
2020-04-21 15:25:00,37.237953488
2020-04-21 15:26:00,37.247825692
2020-04-21 15:27:00,37.237953488
2020-04-21 15:28:00,37.2675701
2020-04-21 15:29:00,37.28721578596
2020-04-21 15:30:00,37.287314508
2020-04-21 15:31:00,37.287314508
2020-04-21 15:32:00,37.257697896
2020-04-21 15:33:00,37.2675701
2020-04-21 15:34:00,37.29708798996
2020-04-21 15:35:00,37.31693112
2020-04-21 15:36:00,37.405780956
2020-04-21 15:37:00,37.30794741436
2020-04-21 15:38:00,37.39373686712
2020-04-21 15:39:00,37.326803324
2020-04-21 15:40:00,37.346547732
2020-04-21 15:41:00,37.326803324
2020-04-21 15:42:00,37.336675528
2020-04-21 15:43:00,37.31693112
2020-04-21 15:44:00,37.282378406
2020-04-21 15:45:00,37.29225061
2020-04-21 15:46:00,37.2675701
2020-04-21 15:47:00,37.17911515216
2020-04-21 15:48:00,37.21820908
2020-04-21 15:49:00,37.237953488
2020-04-21 15:50:00,37.24288959
2020-04-21 15:51:00,37.257697896
2020-04-21 15:52:00,37.287314508
2020-04-21 15:53:00,37.262633998
2020-04-21 15:54:00,37.208336876
2020-04-21 15:55:00,37.099742632
2020-04-21 15:56:00,37.11948704
2020-04-21 15:57:00,37.188592468
2020-04-21 15:58:00,37.173784162
2020-04-21 15:59:00,37.178720264
2020-04-21 16:00:00,37.129359244
2020-04-22 09:31:00,37.701947076
2020-04-22 09:32:00,37.6446882928
2020-04-22 09:33:00,37.50440427396
2020-04-22 09:34:00,37.56373622
2020-04-22 09:35:00,37.524247404
2020-04-22 09:36:00,37.632841648
2020-04-22 09:37:00,37.479822486
2020-04-22 09:38:00,37.455141976
2020-04-22 09:39:00,37.534119608
2020-04-22 09:40:00,37.548927914
2020-04-22 09:41:00,37.652586056
2020-04-22 09:42:00,37.598288934
2020-04-22 09:43:00,37.5716339832
2020-04-22 09:44:00,37.603225036
2020-04-22 09:45:00,37.608161138
2020-04-22 09:46:00,37.627905546
2020-04-22 09:47:00,37.56373622
2020-04-22 09:48:00,37.524247404
2020-04-22 09:49:00,37.484758588
2020-04-22 09:50:00,37.553864016
2020-04-22 09:51:00,37.622969444
2020-04-22 09:52:00,37.627905546
2020-04-22 09:53:00,37.652586056
2020-04-22 09:54:00,37.632841648
2020-04-22 09:55:00,37.692074872
2020-04-22 09:56:00,37.7611803
2020-04-22 09:57:00,37.7611803
2020-04-22 09:58:00,37.751308096
2020-04-22 09:59:00,37.8174518628
2020-04-22 10:00:00,37.7611803
2020-04-22 10:01:00,37.800669116
2020-04-22 10:02:00,37.795733014
2020-04-22 10:03:00,37.780924708
2020-04-22 10:04:00,37.751308096
2020-04-22 10:05:00,37.697010974
2020-04-22 10:06:00,37.71181928
2020-04-22 10:07:00,37.66245826
2020-04-22 10:08:00,37.677266566
2020-04-22 10:09:00,37.721691484
2020-04-22 10:10:00,37.682202668
2020-04-22 10:11:00,37.741435892
2020-04-22 10:12:00,37.771052504
2020-04-22 10:13:00,37.716755382
2020-04-22 10:14:00,37.642713852
2020-04-22 10:15:00,37.61309724
2020-04-22 10:16:00,37.632841648
2020-04-22 10:17:00,37.627905546
2020-04-22 10:18:00,37.608161138
2020-04-22 10:19:00,37.632841648
2020-04-22 10:20:00,37.618033342
2020-04-22 10:21:00,37.66245826
2020-04-22 10:22:00,37.71181928
2020-04-22 10:23:00,37.726627586
2020-04-22 10:24:00,37.731563688
2020-04-22 10:25:00,37.780924708
2020-04-22 10:26:00,37.800669116
2020-04-22 10:27:00,37.874710646
2020-04-22 10:28:00,37.869774544
2020-04-22 10:29:00,37.899391156
2020-04-22 10:30:00,37.840157932
2020-04-22 10:31:00,37.820413524
2020-04-22 10:32:00,37.825349626
2020-04-22 10:33:00,37.790796912
2020-04-22 10:34:00,37.78586081
2020-04-22 10:35:00,37.790796912
2020-04-22 10:36:00,37.805605218
2020-04-22 10:37:00,37.820413524
2020-04-22 10:38:00,37.815477422
2020-04-22 10:39:00,37.805605218
2020-04-22 10:40:00,37.800669116
2020-04-22 10:41:00,37.83522183
2020-04-22 10:42:00,37.854966238
2020-04-22 10:43:00,37.830285728
2020-04-22 10:44:00,37.800669116
2020-04-22 10:45:00,37.795733014
2020-04-22 10:46:00,37.78082598596
2020-04-22 10:47:00,37.751308096
2020-04-22 10:48:00,37.726627586
2020-04-22 10:49:00,37.726627586
2020-04-22 10:50:00,37.721691484
2020-04-22 10:51:00,37.766116402
2020-04-22 10:52:00,37.756244198
2020-04-22 10:53:00,37.741435892
2020-04-22 10:54:00,37.775988606
2020-04-22 10:55:00,37.771052504
2020-04-22 10:56:00,37.775988606
2020-04-22 10:57:00,37.78586081
2020-04-22 10:58:00,37.716755382
2020-04-22 10:59:00,37.667394362
2020-04-22 11:00:00,37.677266566
2020-04-22 11:01:00,37.726627586
2020-04-22 11:02:00,37.74113972588
2020-04-22 11:03:00,37.692074872
2020-04-22 11:04:00,37.68713877
2020-04-22 11:05:00,37.716755382
2020-04-22 11:06:00,37.731563688
2020-04-22 11:07:00,37.71566943956
2020-04-22 11:08:00,37.805605218
2020-04-22 11:09:00,37.80007678376
2020-04-22 11:10:00,37.78586081
2020-04-22 11:11:00,37.820413524
2020-04-22 11:12:00,37.81054132
2020-04-22 11:13:00,37.815477422
2020-04-22 11:14:00,37.790796912
2020-04-22 11:15:00,37.800669116
2020-04-22 11:16:00,37.780924708
2020-04-22 11:17:00,37.756244198
2020-04-22 11:18:00,37.741435892
2020-04-22 11:19:00,37.73649979
2020-04-22 11:20:00,37.706883178
2020-04-22 11:21:00,37.672330464
2020-04-22 11:22:00,37.68713877
2020-04-22 11:23:00,37.701947076
2020-04-22 11:24:00,37.751308096
2020-04-22 11:25:00,37.795733014
2020-04-22 11:26:00,37.81054132
2020-04-22 11:27:00,37.820413524
2020-04-22 11:28:00,37.815477422
2020-04-22 11:29:00,37.800669116
2020-04-22 11:30:00,37.800669116
2020-04-22 11:31:00,37.800669116
2020-04-22 11:32:00,37.850030136
2020-04-22 11:33:00,37.845094034
2020-04-22 11:34:00,37.815477422
2020-04-22 11:35:00,37.795733014
2020-04-22 11:36:00,37.751308096
2020-04-22 11:37:00,37.731563688
2020-04-22 11:38:00,37.716755382
2020-04-22 11:39:00,37.721691484
2020-04-22 11:40:00,37.731563688
2020-04-22 11:41:00,37.721691484
2020-04-22 11:42:00,37.731563688
2020-04-22 11:43:00,37.74133716996
2020-04-22 11:44:00,37.741435892
2020-04-22 11:45:00,37.771052504
2020-04-22 11:46:00,37.721691484
2020-04-22 11:47:00,37.726627586
2020-04-22 11:48:00,37.726627586
2020-04-22 11:49:00,37.72159276196
2020-04-22 11:50:00,37.692074872
2020-04-22 11:51:00,37.726627586
2020-04-22 11:52:00,37.741435892
2020-04-22 11:53:00,37.731563688
2020-04-22 11:54:00,37.756244198
2020-04-22 11:55:00,37.741435892
2020-04-22 11:56:00,37.697010974
2020-04-22 11:57:00,37.721691484
2020-04-22 11:58:00,37.716755382
2020-04-22 11:59:00,37.701947076
2020-04-22 12:00:00,37.726627586
2020-04-22 12:01:00,37.731563688
2020-04-22 12:02:00,37.746371994
2020-04-22 12:03:00,37.751308096
2020-04-22 12:04:00,37.7611803
2020-04-22 12:05:00,37.726627586
2020-04-22 12:06:00,37.716755382
2020-04-22 12:07:00,37.731563688
2020-04-22 12:08:00,37.746371994
2020-04-22 12:09:00,37.746371994
2020-04-22 12:10:00,37.771052504
2020-04-22 12:11:00,37.756244198
2020-04-22 12:12:00,37.771052504
2020-04-22 12:13:00,37.766116402
2020-04-22 12:14:00,37.780924708
2020-04-22 12:15:00,37.78586081
2020-04-22 12:16:00,37.815477422
2020-04-22 12:17:00,37.766116402
2020-04-22 12:18:00,37.766116402
2020-04-22 12:19:00,37.780924708
2020-04-22 12:20:00,37.775988606
2020-04-22 12:21:00,37.771052504
2020-04-22 12:22:00,37.81774802892
2020-04-22 12:23:00,37.83522183
2020-04-22 12:24:00,37.85990234
2020-04-22 12:25:00,37.820413524
2020-04-22 12:26:00,37.82051224604
2020-04-22 12:27:00,37.830285728
2020-04-22 12:28:00,37.820413524
2020-04-22 12:29:00,37.83522183
2020-04-22 12:30:00,37.83522183
2020-04-22 12:31:00,37.850030136
2020-04-22 12:32:00,37.830285728
2020-04-22 12:33:00,37.800669116
2020-04-22 12:34:00,37.790796912
2020-04-22 12:35:00,37.815477422
2020-04-22 12:36:00,37.790796912
2020-04-22 12:37:00,37.790796912
2020-04-22 12:38:00,37.81054132
2020-04-22 12:39:00,37.800669116
2020-04-22 12:40:00,37.840157932
2020-04-22 12:41:00,37.840157932
2020-04-22 12:42:00,37.850030136
2020-04-22 12:43:00,37.845094034
2020-04-22 12:44:00,37.825349626
2020-04-22 12:45:00,37.830285728
2020-04-22 12:46:00,37.840157932
2020-04-22 12:47:00,37.850030136
2020-04-22 12:48:00,37.81054132
2020-04-22 12:49:00,37.800669116
2020-04-22 12:50:00,37.800669116
2020-04-22 12:51:00,37.78586081
2020-04-22 12:52:00,37.751308096
2020-04-22 12:53:00,37.771052504
2020-04-22 12:54:00,37.780924708
2020-04-22 12:55:00,37.775988606
2020-04-22 12:56:00,37.800669116
2020-04-22 12:57:00,37.795733014
2020-04-22 12:58:00,37.790796912
2020-04-22 12:59:00,37.81014643184
2020-04-22 13:00:00,37.840157932
2020-04-22 13:01:00,37.815477422
2020-04-22 13:02:00,37.815477422
2020-04-22 13:03:00,37.780924708
2020-04-22 13:04:00,37.780924708
2020-04-22 13:05:00,37.771052504
2020-04-22 13:06:00,37.751308096
2020-04-22 13:07:00,37.77095378196
2020-04-22 13:08:00,37.766116402
2020-04-22 13:09:00,37.78586081
2020-04-22 13:10:00,37.780924708
2020-04-22 13:11:00,37.800669116
2020-04-22 13:12:00,37.81054132
2020-04-22 13:13:00,37.820413524
2020-04-22 13:14:00,37.805605218
2020-04-22 13:15:00,37.815477422
2020-04-22 13:16:00,37.815477422
2020-04-22 13:17:00,37.820413524
2020-04-22 13:18:00,37.83522183
2020-04-22 13:19:00,37.820413524
2020-04-22 13:20:00,37.825349626
2020-04-22 13:21:00,37.8406515422
2020-04-22 13:22:00,37.83798604712
2020-04-22 13:23:00,37.81054132
2020-04-22 13:24:00,37.830285728
2020-04-22 13:25:00,37.830285728
2020-04-22 13:26:00,37.83522183
2020-04-22 13:27:00,37.815477422
2020-04-22 13:28:00,37.820413524
2020-04-22 13:29:00,37.825349626
2020-04-22 13:30:00,37.845094034
2020-04-22 13:31:00,37.820413524
2020-04-22 13:32:00,37.820413524
2020-04-22 13:33:00,37.825349626
2020-04-22 13:34:00,37.82051224604
2020-04-22 13:35:00,37.81054132
2020-04-22 13:36:00,37.815477422
2020-04-22 13:37:00,37.820413524
2020-04-22 13:38:00,37.825349626
2020-04-22 13:39:00,37.820413524
2020-04-22 13:40:00,37.775988606
2020-04-22 13:41:00,37.7621675204
2020-04-22 13:42:00,37.780924708
2020-04-22 13:43:00,37.77756815864
2020-04-22 13:44:00,37.79069818996
2020-04-22 13:45:00,37.820413524
2020-04-22 13:46:00,37.840157932
2020-04-22 13:47:00,37.825349626
2020-04-22 13:48:00,37.82377007336
2020-04-22 13:49:00,37.815477422
2020-04-22 13:50:00,37.820413524
2020-04-22 13:51:00,37.825349626
2020-04-22 13:52:00,37.850030136
2020-04-22 13:53:00,37.88458285
2020-04-22 13:54:00,37.899391156
2020-04-22 13:55:00,37.889518952
2020-04-22 13:56:00,37.889518952
2020-04-22 13:57:00,37.850030136
2020-04-22 13:58:00,37.899391156
2020-04-22 13:59:00,37.88458285
2020-04-22 14:00:00,37.86000106204
2020-04-22 14:01:00,37.869774544
2020-04-22 14:02:00,37.88942022996
2020-04-22 14:03:00,37.129359244
2020-04-22 14:04:00,37.924071666
2020-04-22 14:05:00,37.889518952
2020-04-22 14:06:00,37.899391156
2020-04-22 14:07:00,37.899391156
2020-04-22 14:08:00,37.864838442
2020-04-22 14:09:00,37.864838442
2020-04-22 14:10:00,37.904327258
2020-04-22 14:11:00,37.869774544
2020-04-22 14:12:00,37.850030136
2020-04-22 14:13:00,37.889518952
2020-04-22 14:14:00,37.889518952
2020-04-22 14:15:00,37.889518952
2020-04-22 14:16:00,37.869774544
2020-04-22 14:17:00,37.85990234
2020-04-22 14:18:00,37.86967582196
2020-04-22 14:19:00,37.874710646
2020-04-22 14:20:00,37.874710646
2020-04-22 14:21:00,37.874710646
2020-04-22 14:22:00,37.904327258
2020-04-22 14:23:00,37.899391156
2020-04-22 14:24:00,37.90926336
2020-04-22 14:25:00,37.899391156
2020-04-22 14:26:00,37.87451320192
2020-04-22 14:27:00,37.879646748
2020-04-22 14:28:00,37.857434289
2020-04-22 14:29:00,37.869774544
2020-04-22 14:30:00,37.825349626
2020-04-22 14:31:00,37.850030136
2020-04-22 14:32:00,37.869774544
2020-04-22 14:33:00,37.88458285
2020-04-22 14:34:00,37.899391156
2020-04-22 14:35:00,37.87244003908
2020-04-22 14:36:00,37.889518952
2020-04-22 14:37:00,37.869774544
2020-04-22 14:38:00,37.889518952
2020-04-22 14:39:00,37.869774544
2020-04-22 14:40:00,37.889518952
2020-04-22 14:41:00,37.904327258
2020-04-22 14:42:00,37.90926336
2020-04-22 14:43:00,37.904327258
2020-04-22 14:44:00,37.914199462
2020-04-22 14:45:00,37.90926336
2020-04-22 14:46:00,37.879646748
2020-04-22 14:47:00,37.874710646
2020-04-22 14:48:00,37.88458285
2020-04-22 14:49:00,37.874710646
2020-04-22 14:50:00,37.88961767404
2020-04-22 14:51:00,37.90926336
2020-04-22 14:52:00,37.904327258
2020-04-22 14:53:00,37.869774544
2020-04-22 14:54:00,37.85990234
2020-04-22 14:55:00,37.864838442
2020-04-22 14:56:00,37.864838442
2020-04-22 14:57:00,37.874710646
2020-04-22 14:58:00,37.869774544
2020-04-22 14:59:00,37.874710646
2020-04-22 15:00:00,37.899391156
2020-04-22 15:01:00,37.88458285
2020-04-22 15:02:00,37.850030136
2020-04-22 15:03:00,37.85990234
2020-04-22 15:04:00,37.879646748
2020-04-22 15:05:00,37.90926336
2020-04-22 15:06:00,37.874710646
2020-04-22 15:07:00,37.869774544
2020-04-22 15:08:00,37.869774544
2020-04-22 15:09:00,37.850030136
2020-04-22 15:10:00,37.894455054
2020-04-22 15:11:00,37.879646748
2020-04-22 15:12:00,37.874710646
2020-04-22 15:13:00,37.90926336
2020-04-22 15:14:00,37.924071666
2020-04-22 15:15:00,37.929007768
2020-04-22 15:16:00,37.953688278
2020-04-22 15:17:00,37.948752176
2020-04-22 15:18:00,37.978368788
2020-04-22 15:19:00,37.973432686
2020-04-22 15:20:00,37.978368788
2020-04-22 15:21:00,37.968496584
2020-04-22 15:22:00,37.98330489
2020-04-22 15:23:00,37.95862438
2020-04-22 15:24:00,37.973432686
2020-04-22 15:25:00,37.948752176
2020-04-22 15:26:00,37.948752176
2020-04-22 15:27:00,37.95862438
2020-04-22 15:28:00,37.929007768
2020-04-22 15:29:00,37.924071666
2020-04-22 15:30:00,37.90926336
2020-04-22 15:31:00,37.914199462
2020-04-22 15:32:00,37.889518952
2020-04-22 15:33:00,37.869774544
2020-04-22 15:34:00,37.869774544
2020-04-22 15:35:00,37.8880381214
2020-04-22 15:36:00,37.889518952
2020-04-22 15:37:00,37.90926336
2020-04-22 15:38:00,37.899391156
2020-04-22 15:39:00,37.90926336
2020-04-22 15:40:00,37.914199462
2020-04-22 15:41:00,37.879646748
2020-04-22 15:42:00,37.88458285
2020-04-22 15:43:00,37.904327258
2020-04-22 15:44:00,37.90926336
2020-04-22 15:45:00,37.904327258
2020-04-22 15:46:00,37.869774544
2020-04-22 15:47:00,37.854966238
2020-04-22 15:48:00,37.854966238
2020-04-22 15:49:00,37.8594087298
2020-04-22 15:50:00,37.85990234
2020-04-22 15:51:00,37.869774544
2020-04-22 15:52:00,37.85990234
2020-04-22 15:53:00,37.879646748
2020-04-22 15:54:00,37.90926336
2020-04-22 15:55:00,37.8658256624
2020-04-22 15:56:00,37.850030136
2020-04-22 15:57:00,37.815477422
2020-04-22 15:58:00,37.830285728
2020-04-22 15:59:00,37.81044259796
2020-04-22 16:00:00,37.7611803
2020-04-23 09:31:00,38.03039530308
2020-04-23 09:32:00,38.047474216
2020-04-23 09:33:00,38.13138795
2020-04-23 09:34:00,38.136324052
2020-04-23 09:35:00,38.146196256
2020-04-23 09:36:00,38.20542948
2020-04-23 09:37:00,38.19832149312
2020-04-23 09:38:00,38.185685072
2020-04-23 09:39:00,38.2083911412
2020-04-23 09:40:00,38.210365582
2020-04-23 09:41:00,38.235046092
2020-04-23 09:42:00,38.27463363004
2020-04-23 09:43:00,38.294279316
2020-04-23 09:44:00,38.309087622
2020-04-23 09:45:00,38.30415152
2020-04-23 09:46:00,38.26476142604
2020-04-23 09:47:00,38.15606846
2020-04-23 09:48:00,38.121515746
2020-04-23 09:49:00,38.086963032
2020-04-23 09:50:00,38.09703268008
2020-04-23 09:51:00,38.091899134
2020-04-23 09:52:00,38.086963032
2020-04-23 09:53:00,37.988240992
2020-04-23 09:54:00,37.97827006596
2020-04-23 09:55:00,37.95862438
2020-04-23 09:56:00,37.948752176
2020-04-23 09:57:00,37.978368788
2020-04-23 09:58:00,37.973432686
2020-04-23 09:59:00,37.998113196
2020-04-23 10:00:00,38.017857604
2020-04-23 10:01:00,38.047474216
2020-04-23 10:02:00,38.05734642
2020-04-23 10:03:00,38.10670744
2020-04-23 10:04:00,38.116579644
2020-04-23 10:05:00,38.116579644
2020-04-23 10:06:00,38.111643542
2020-04-23 10:07:00,38.116579644
2020-04-23 10:08:00,38.10335089064
2020-04-23 10:09:00,38.175812868
2020-04-23 10:10:00,38.2547905
2020-04-23 10:11:00,38.244918296
2020-04-23 10:12:00,38.274534908
2020-04-23 10:13:00,38.225173888
2020-04-23 10:14:00,38.175812868
2020-04-23 10:15:00,38.175812868
2020-04-23 10:16:00,38.161004562
2020-04-23 10:17:00,38.126451848
2020-04-23 10:18:00,38.151132358
2020-04-23 10:19:00,38.170876766
2020-04-23 10:20:00,38.17739242064
2020-04-23 10:21:00,38.200493378
2020-04-23 10:22:00,38.235046092
2020-04-23 10:23:00,38.274534908
2020-04-23 10:24:00,38.2547905
2020-04-23 10:25:00,38.235046092
2020-04-23 10:26:00,38.225173888
2020-04-23 10:27:00,38.259726602
2020-04-23 10:28:00,38.225173888
2020-04-23 10:29:00,38.190621174
2020-04-23 10:30:00,38.244918296
2020-04-23 10:31:00,38.264662704
2020-04-23 10:32:00,38.2631818734
2020-04-23 10:33:00,38.2547905
2020-04-23 10:34:00,38.26091126648
2020-04-23 10:35:00,38.27947101
2020-04-23 10:36:00,38.274534908
2020-04-23 10:37:00,38.333768132
2020-04-23 10:38:00,38.318959826
2020-04-23 10:39:00,38.323895928
2020-04-23 10:40:00,38.318959826
2020-04-23 10:41:00,38.299215418
2020-04-23 10:42:00,38.318959826
2020-04-23 10:43:00,38.323895928
2020-04-23 10:44:00,38.30415152
2020-04-23 10:45:00,38.30415152
2020-04-23 10:46:00,38.30415152
2020-04-23 10:47:00,38.30415152
2020-04-23 10:48:00,38.29832691964
2020-04-23 10:49:00,38.264662704
2020-04-23 10:50:00,38.264662704
2020-04-23 10:51:00,38.259726602
2020-04-23 10:52:00,38.2547905
2020-04-23 10:53:00,38.259726602
2020-04-23 10:54:00,38.264662704
2020-04-23 10:55:00,38.244918296
2020-04-23 10:56:00,38.244918296
2020-04-23 10:57:00,38.269598806
2020-04-23 10:58:00,38.2735476876
2020-04-23 10:59:00,38.299215418
2020-04-23 11:00:00,38.244918296
2020-04-23 11:01:00,38.244918296
2020-04-23 11:02:00,38.244918296
2020-04-23 11:03:00,38.264662704
2020-04-23 11:04:00,38.2547905
2020-04-23 11:05:00,38.200493378
2020-04-23 11:06:00,38.20542948
2020-04-23 11:07:00,38.200493378
2020-04-23 11:08:00,38.195557276
2020-04-23 11:09:00,38.175812868
2020-04-23 11:10:00,38.200493378
2020-04-23 11:11:00,38.20542948
2020-04-23 11:12:00,38.215301684
2020-04-23 11:13:00,38.22359433536
2020-04-23 11:14:00,38.215301684
2020-04-23 11:15:00,38.215301684
2020-04-23 11:16:00,38.215301684
2020-04-23 11:17:00,38.215301684
2020-04-23 11:18:00,38.220237786
2020-04-23 11:19:00,38.200493378
2020-04-23 11:20:00,38.195557276
2020-04-23 11:21:00,38.20542948
2020-04-23 11:22:00,38.2039486494
2020-04-23 11:23:00,38.20542948
2020-04-23 11:24:00,38.19713682864
2020-04-23 11:25:00,38.20542948
2020-04-23 11:26:00,38.20542948
2020-04-23 11:27:00,38.18074897
2020-04-23 11:28:00,38.190621174
2020-04-23 11:29:00,38.185685072
2020-04-23 11:30:00,38.200493378
2020-04-23 11:31:00,38.20542948
2020-04-23 11:32:00,38.185685072
2020-04-23 11:33:00,38.175812868
2020-04-23 11:34:00,38.175812868
2020-04-23 11:35:00,38.10670744
2020-04-23 11:36:00,38.10670744
2020-04-23 11:37:00,38.05734642
2020-04-23 11:38:00,38.05734642
2020-04-23 11:39:00,38.05734642
2020-04-23 11:40:00,38.0341467406
2020-04-23 11:41:00,37.998113196
2020-04-23 11:42:00,38.0079854
2020-04-23 11:43:00,38.017857604
2020-04-23 11:44:00,38.0079854
2020-04-23 11:45:00,38.017857604
2020-04-23 11:46:00,38.012921502
2020-04-23 11:47:00,37.988240992
2020-04-23 11:48:00,38.0079854
2020-04-23 11:49:00,37.978368788
2020-04-23 11:50:00,37.978368788
2020-04-23 11:51:00,38.00640584736
2020-04-23 11:52:00,37.998113196
2020-04-23 11:53:00,38.0079854
2020-04-23 11:54:00,37.97856623208
2020-04-23 11:55:00,37.998113196
2020-04-23 11:56:00,38.017857604
2020-04-23 11:57:00,38.027729808
2020-04-23 11:58:00,38.022793706
2020-04-23 11:59:00,38.012921502
2020-04-23 12:00:00,38.03266591
2020-04-23 12:01:00,38.086963032
2020-04-23 12:02:00,38.067218624
2020-04-23 12:03:00,38.08202693
2020-04-23 12:04:00,38.077090828
2020-04-23 12:05:00,38.00808412204
2020-04-23 12:06:00,38.03266591
2020-04-23 12:07:00,38.05734642
2020-04-23 12:08:00,38.077090828
2020-04-23 12:09:00,38.077090828
2020-04-23 12:10:00,38.08202693
2020-04-23 12:11:00,38.077090828
2020-04-23 12:12:00,38.067218624
2020-04-23 12:13:00,38.027729808
2020-04-23 12:14:00,38.027729808
2020-04-23 12:15:00,37.998113196
2020-04-23 12:16:00,38.017857604
2020-04-23 12:17:00,38.027729808
2020-04-23 12:18:00,38.022793706
2020-04-23 12:19:00,38.003049298
2020-04-23 12:20:00,37.988240992
2020-04-23 12:21:00,37.938879972
2020-04-23 12:22:00,37.929007768
2020-04-23 12:23:00,37.948752176
2020-04-23 12:24:00,37.968496584
2020-04-23 12:25:00,37.98330489
2020-04-23 12:26:00,37.88458285
2020-04-23 12:27:00,37.894455054
2020-04-23 12:28:00,37.929007768
2020-04-23 12:29:00,37.929007768
2020-04-23 12:30:00,37.929007768
2020-04-23 12:31:00,37.948752176
2020-04-23 12:32:00,37.894455054
2020-04-23 12:33:00,37.854966238
2020-04-23 12:34:00,37.889518952
2020-04-23 12:35:00,37.8954422744
2020-04-23 12:36:00,37.89554099644
2020-04-23 12:37:00,37.889518952
2020-04-23 12:38:00,37.889518952
2020-04-23 12:39:00,37.919135564
2020-04-23 12:40:00,37.899391156
2020-04-23 12:41:00,37.85990234
2020-04-23 12:42:00,37.815477422
2020-04-23 12:43:00,37.775988606
2020-04-23 12:44:00,37.81054132
2020-04-23 12:45:00,37.63777775
2020-04-23 12:46:00,37.484758588
2020-04-23 12:47:00,37.386036548
2020-04-23 12:48:00,37.66245826
2020-04-23 12:49:00,37.672330464
2020-04-23 12:50:00,37.652586056
2020-04-23 12:51:00,37.524247404
2020-04-23 12:52:00,37.504502996
2020-04-23 12:53:00,37.622969444
2020-04-23 12:54:00,37.627905546
2020-04-23 12:55:00,37.652586056
2020-04-23 12:56:00,37.672330464
2020-04-23 12:57:00,37.69217359404
2020-04-23 12:58:00,37.701947076
2020-04-23 12:59:00,37.642713852
2020-04-23 13:00:00,37.672330464
2020-04-23 13:01:00,37.692074872
2020-04-23 13:02:00,37.731563688
2020-04-23 13:03:00,37.721691484
2020-04-23 13:04:00,37.756244198
2020-04-23 13:05:00,37.751308096
2020-04-23 13:06:00,37.731563688
2020-04-23 13:07:00,37.721691484
2020-04-23 13:08:00,37.716755382
2020-04-23 13:09:00,37.731563688
2020-04-23 13:10:00,37.751308096
2020-04-23 13:11:00,37.7611803
2020-04-23 13:12:00,37.721691484
2020-04-23 13:13:00,37.716755382
2020-04-23 13:14:00,37.71181928
2020-04-23 13:15:00,37.716755382
2020-04-23 13:16:00,37.701947076
2020-04-23 13:17:00,37.697010974
2020-04-23 13:18:00,37.652586056
2020-04-23 13:19:00,37.622969444
2020-04-23 13:20:00,37.603225036
2020-04-23 13:21:00,37.558800118
2020-04-23 13:22:00,37.573608424
2020-04-23 13:23:00,37.46501418
2020-04-23 13:24:00,37.474886384
2020-04-23 13:25:00,37.455141976
2020-04-23 13:26:00,37.469950282
2020-04-23 13:27:00,37.41565316
2020-04-23 13:28:00,37.40568223396
2020-04-23 13:29:00,37.460078078
2020-04-23 13:30:00,37.479822486
2020-04-23 13:31:00,37.499566894
2020-04-23 13:32:00,37.504502996
2020-04-23 13:33:00,37.479822486
2020-04-23 13:34:00,37.48969469
2020-04-23 13:35:00,37.504502996
2020-04-23 13:36:00,37.534119608
2020-04-23 13:37:00,37.548927914
2020-04-23 13:38:00,37.519311302
2020-04-23 13:39:00,37.504502996
2020-04-23 13:40:00,37.484758588
2020-04-23 13:41:00,37.479822486
2020-04-23 13:42:00,37.460078078
2020-04-23 13:43:00,37.445269772
2020-04-23 13:44:00,37.39097265
2020-04-23 13:45:00,37.36629214
2020-04-23 13:46:00,37.405780956
2020-04-23 13:47:00,37.386036548
2020-04-23 13:48:00,37.376164344
2020-04-23 13:49:00,37.371228242
2020-04-23 13:50:00,37.297186712
2020-04-23 13:51:00,37.321867222
2020-04-23 13:52:00,37.331739426
2020-04-23 13:53:00,37.326803324
2020-04-23 13:54:00,37.223145182
2020-04-23 13:55:00,37.213272978
2020-04-23 13:56:00,37.208336876
2020-04-23 13:57:00,37.257697896
2020-04-23 13:58:00,37.262633998
2020-04-23 13:59:00,37.262633998
2020-04-23 14:00:00,37.31693112
2020-04-23 14:01:00,37.311995018
2020-04-23 14:02:00,37.376164344
2020-04-23 14:03:00,37.376164344
2020-04-23 14:04:00,37.386036548
2020-04-23 14:05:00,37.371228242
2020-04-23 14:06:00,37.3361819178
2020-04-23 14:07:00,37.35424805112
2020-04-23 14:08:00,37.307058916
2020-04-23 14:09:00,37.287314508
2020-04-23 14:10:00,37.257697896
2020-04-23 14:11:00,37.29402760672
2020-04-23 14:12:00,37.21820908
2020-04-23 14:13:00,37.31693112
2020-04-23 14:14:00,37.307058916
2020-04-23 14:15:00,37.346547732
2020-04-23 14:16:00,37.39097265
2020-04-23 14:17:00,37.445269772
2020-04-23 14:18:00,37.450205874
2020-04-23 14:19:00,37.455141976
2020-04-23 14:20:00,37.44033367
2020-04-23 14:21:00,37.445269772
2020-04-23 14:22:00,37.45672152864
2020-04-23 14:23:00,37.405780956
2020-04-23 14:24:00,37.405780956
2020-04-23 14:25:00,37.405780956
2020-04-23 14:26:00,37.48969469
2020-04-23 14:27:00,37.41565316
2020-04-23 14:28:00,37.410717058
2020-04-23 14:29:00,37.386036548
2020-04-23 14:30:00,37.361356038
2020-04-23 14:31:00,37.395908752
2020-04-23 14:32:00,37.386036548
2020-04-23 14:33:00,37.371228242
2020-04-23 14:34:00,37.346547732
2020-04-23 14:35:00,37.34161163
2020-04-23 14:36:00,37.33193687008
2020-04-23 14:37:00,37.302122814
2020-04-23 14:38:00,37.356419936
2020-04-23 14:39:00,37.336675528
2020-04-23 14:40:00,37.346547732
2020-04-23 14:41:00,37.36629214
2020-04-23 14:42:00,37.381100446
2020-04-23 14:43:00,37.400844854
2020-04-23 14:44:00,37.410717058
2020-04-23 14:45:00,37.395908752
2020-04-23 14:46:00,37.346547732
2020-04-23 14:47:00,37.346547732
2020-04-23 14:48:00,37.405780956
2020-04-23 14:49:00,37.41565316
2020-04-23 14:50:00,37.386036548
2020-04-23 14:51:00,37.405780956
2020-04-23 14:52:00,37.46501418
2020-04-23 14:53:00,37.435397568
2020-04-23 14:54:00,37.460078078
2020-04-23 14:55:00,37.455141976
2020-04-23 14:56:00,37.46501418
2020-04-23 14:57:00,37.504502996
2020-04-23 14:58:00,37.504502996
2020-04-23 14:59:00,37.435397568
2020-04-23 15:00:00,37.395908752
2020-04-23 15:01:00,37.445269772
2020-04-23 15:02:00,37.435397568
2020-04-23 15:03:00,37.474886384
2020-04-23 15:04:00,37.455141976
2020-04-23 15:05:00,37.445269772
2020-04-23 15:06:00,37.455141976
2020-04-23 15:07:00,37.430461466
2020-04-23 15:08:00,37.44033367
2020-04-23 15:09:00,37.450205874
2020-04-23 15:10:00,37.45198287072
2020-04-23 15:11:00,37.450205874
2020-04-23 15:12:00,37.445269772
2020-04-23 15:13:00,37.381100446
2020-04-23 15:14:00,37.311995018
2020-04-23 15:15:00,37.31693112
2020-04-23 15:16:00,37.297186712
2020-04-23 15:17:00,37.302122814
2020-04-23 15:18:00,37.2675701
2020-04-23 15:19:00,37.272506202
2020-04-23 15:20:00,37.24288959
2020-04-23 15:21:00,37.21820908
2020-04-23 15:22:00,37.2675701
2020-04-23 15:23:00,37.277442304
2020-04-23 15:24:00,37.307058916
2020-04-23 15:25:00,37.307058916
2020-04-23 15:26:00,37.336675528
2020-04-23 15:27:00,37.331739426
2020-04-23 15:28:00,37.36629214
2020-04-23 15:29:00,37.346547732
2020-04-23 15:30:00,37.356419936
2020-04-23 15:31:00,37.282378406
2020-04-23 15:32:00,37.36629214
2020-04-23 15:33:00,37.351483834
2020-04-23 15:34:00,37.31693112
2020-04-23 15:35:00,37.361356038
2020-04-23 15:36:00,37.36629214
2020-04-23 15:37:00,37.386036548
2020-04-23 15:38:00,37.381100446
2020-04-23 15:39:00,37.36629214
2020-04-23 15:40:00,37.400844854
2020-04-23 15:41:00,37.43154740844
2020-04-23 15:42:00,37.46501418
2020-04-23 15:43:00,37.445269772
2020-04-23 15:44:00,37.435397568
2020-04-23 15:45:00,37.351483834
2020-04-23 15:46:00,37.386036548
2020-04-23 15:47:00,37.430461466
2020-04-23 15:48:00,37.479822486
2020-04-23 15:49:00,37.46501418
2020-04-23 15:50:00,37.509439098
2020-04-23 15:51:00,37.410717058
2020-04-23 15:52:00,37.262633998
2020-04-23 15:53:00,37.21820908
2020-04-23 15:54:00,37.34161163
2020-04-23 15:55:00,37.39097265
2020-04-23 15:56:00,37.41565316
2020-04-23 15:57:00,37.41565316
2020-04-23 15:58:00,37.405780956
2020-04-23 15:59:00,37.420589262
2020-04-23 16:00:00,37.425525364
2020-04-24 09:31:00,38.13138795
2020-04-24 09:32:00,38.2547905
2020-04-24 09:33:00,38.20542948
2020-04-24 09:34:00,38.40287356
2020-04-24 09:35:00,38.58610166624
2020-04-24 09:36:00,38.274534908
2020-04-24 09:37:00,38.2547905
2020-04-24 09:38:00,38.175812868
2020-04-24 09:39:00,38.05734642
2020-04-24 09:40:00,38.121515746
2020-04-24 09:41:00,38.10670744
2020-04-24 09:42:00,38.067218624
2020-04-24 09:43:00,38.101771338
2020-04-24 09:44:00,38.042538114
2020-04-24 09:45:00,38.062282522
2020-04-24 09:46:00,38.05734642
2020-04-24 09:47:00,37.98330489
2020-04-24 09:48:00,37.929007768
2020-04-24 09:49:00,37.938879972
2020-04-24 09:50:00,37.94885089804
2020-04-24 09:51:00,38.027729808
2020-04-24 09:52:00,38.10670744
2020-04-24 09:53:00,38.03602245936
2020-04-24 09:54:00,38.012921502
2020-04-24 09:55:00,37.998113196
2020-04-24 09:56:00,37.95862438
2020-04-24 09:57:00,37.973432686
2020-04-24 09:58:00,38.0079854
2020-04-24 09:59:00,37.948752176
2020-04-24 10:00:00,37.889518952
2020-04-24 10:01:00,37.90926336
2020-04-24 10:02:00,37.894455054
2020-04-24 10:03:00,37.820413524
2020-04-24 10:04:00,37.790796912
2020-04-24 10:05:00,37.830285728
2020-04-24 10:06:00,37.93394387
2020-04-24 10:07:00,38.027729808
2020-04-24 10:08:00,38.047474216
2020-04-24 10:09:00,38.052410318
2020-04-24 10:10:00,38.096835236
2020-04-24 10:11:00,38.195557276
2020-04-24 10:12:00,38.190621174
2020-04-24 10:13:00,38.18074897
2020-04-24 10:14:00,38.175812868
2020-04-24 10:15:00,38.09999434128
2020-04-24 10:16:00,38.14609753396
2020-04-24 10:17:00,38.165940664
2020-04-24 10:18:00,38.215301684
2020-04-24 10:19:00,38.2547905
2020-04-24 10:20:00,38.274534908
2020-04-24 10:21:00,38.264662704
2020-04-24 10:22:00,38.2547905
2020-04-24 10:23:00,38.2434374654
2020-04-24 10:24:00,38.225173888
2020-04-24 10:25:00,38.2459055164
2020-04-24 10:26:00,38.30415152
2020-04-24 10:27:00,38.343640336
2020-04-24 10:28:00,38.309087622
2020-04-24 10:29:00,38.40287356
2020-04-24 10:30:00,38.363384744
2020-04-24 10:31:00,38.323895928
2020-04-24 10:32:00,38.388065254
2020-04-24 10:33:00,38.373256948
2020-04-24 10:34:00,38.3949757968
2020-04-24 10:35:00,38.45223458
2020-04-24 10:36:00,38.48175246996
2020-04-24 10:37:00,38.41215343176
2020-04-24 10:38:00,38.481851192
2020-04-24 10:39:00,38.43258889404
2020-04-24 10:40:00,38.486787294
2020-04-24 10:41:00,38.491723396
2020-04-24 10:42:00,38.496659498
2020-04-24 10:43:00,38.45223458
2020-04-24 10:44:00,38.417681866
2020-04-24 10:45:00,38.471978988
2020-04-24 10:46:00,38.496659498
2020-04-24 10:47:00,38.45223458
2020-04-24 10:48:00,38.442362376
2020-04-24 10:49:00,38.41452276072
2020-04-24 10:50:00,38.40287356
2020-04-24 10:51:00,38.437426274
2020-04-24 10:52:00,38.39310007804
2020-04-24 10:53:00,38.442362376
2020-04-24 10:54:00,38.432490172
2020-04-24 10:55:00,38.37819305
2020-04-24 10:56:00,38.323895928
2020-04-24 10:57:00,38.30681701508
2020-04-24 10:58:00,38.294279316
2020-04-24 10:59:00,38.30770551344
2020-04-24 11:00:00,38.32883203
2020-04-24 11:01:00,38.35351254
2020-04-24 11:02:00,38.373256948
2020-04-24 11:03:00,38.368320846
2020-04-24 11:04:00,38.358448642
2020-04-24 11:05:00,38.397937458
2020-04-24 11:06:00,38.388065254
2020-04-24 11:07:00,38.42755407
2020-04-24 11:08:00,38.422617968
2020-04-24 11:09:00,38.40287356
2020-04-24 11:10:00,38.447298478
2020-04-24 11:11:00,38.4418687658
2020-04-24 11:12:00,38.457170682
2020-04-24 11:13:00,38.37819305
2020-04-24 11:14:00,38.417681866
2020-04-24 11:15:00,38.412745764
2020-04-24 11:16:00,38.48175246996
2020-04-24 11:17:00,38.521340008
2020-04-24 11:18:00,38.5381227548
2020-04-24 11:19:00,38.6072281828
2020-04-24 11:20:00,38.590445436
2020-04-24 11:21:00,38.580573232
2020-04-24 11:22:00,38.531212212
2020-04-24 11:23:00,38.59666492452
2020-04-24 11:24:00,38.580573232
2020-04-24 11:25:00,38.590445436
2020-04-24 11:26:00,38.610189844
2020-04-24 11:27:00,38.58067195404
2020-04-24 11:28:00,38.570701028
2020-04-24 11:29:00,38.654614762
2020-04-24 11:30:00,38.590445436
2020-04-24 11:31:00,38.560828824
2020-04-24 11:32:00,38.590445436
2020-04-24 11:33:00,38.43258889404
2020-04-24 11:34:00,38.323895928
2020-04-24 11:35:00,38.368320846
2020-04-24 11:36:00,38.373256948
2020-04-24 11:37:00,38.393001356
2020-04-24 11:38:00,38.37819305
2020-04-24 11:39:00,38.20542948
2020-04-24 11:40:00,38.30415152
2020-04-24 11:41:00,38.264662704
2020-04-24 11:42:00,38.27947101
2020-04-24 11:43:00,38.249854398
2020-04-24 11:44:00,38.26002276812
2020-04-24 11:45:00,38.264662704
2020-04-24 11:46:00,38.2547905
2020-04-24 11:47:00,38.2547905
2020-04-24 11:48:00,38.28055695244
2020-04-24 11:49:00,38.323895928
2020-04-24 11:50:00,38.31017356444
2020-04-24 11:51:00,38.294279316
2020-04-24 11:52:00,38.2547905
2020-04-24 11:53:00,38.294279316
2020-04-24 11:54:00,38.294279316
2020-04-24 11:55:00,38.274534908
2020-04-24 11:56:00,38.274534908
2020-04-24 11:57:00,38.294279316
2020-04-24 11:58:00,38.299215418
2020-04-24 11:59:00,38.244918296
2020-04-24 12:00:00,38.264662704
2020-04-24 12:01:00,38.225173888
2020-04-24 12:02:00,38.215301684
2020-04-24 12:03:00,38.235046092
2020-04-24 12:04:00,38.264662704
2020-04-24 12:05:00,38.259726602
2020-04-24 12:06:00,38.284407112
2020-04-24 12:07:00,38.26476142604
2020-04-24 12:08:00,38.274534908
2020-04-24 12:09:00,38.294279316
2020-04-24 12:10:00,38.348576438
2020-04-24 12:11:00,38.37819305
2020-04-24 12:12:00,38.35351254
2020-04-24 12:13:00,38.412745764
2020-04-24 12:14:00,38.47691509
2020-04-24 12:15:00,38.506531702
2020-04-24 12:16:00,38.467042886
2020-04-24 12:17:00,38.521340008
2020-04-24 12:18:00,38.5015956
2020-04-24 12:19:00,38.52627611
2020-04-24 12:20:00,38.590445436
2020-04-24 12:21:00,38.481851192
2020-04-24 12:22:00,38.521340008
2020-04-24 12:23:00,38.462106784
2020-04-24 12:24:00,38.491723396
2020-04-24 12:25:00,38.491723396
2020-04-24 12:26:00,38.486787294
2020-04-24 12:27:00,38.481851192
2020-04-24 12:28:00,38.521340008
2020-04-24 12:29:00,38.541084416
2020-04-24 12:30:00,38.560828824
2020-04-24 12:31:00,38.570701028
2020-04-24 12:32:00,38.580573232
2020-04-24 12:33:00,38.541084416
2020-04-24 12:34:00,38.560828824
2020-04-24 12:35:00,38.531212212
2020-04-24 12:36:00,38.511467804
2020-04-24 12:37:00,38.585509334
2020-04-24 12:38:00,38.590445436
2020-04-24 12:39:00,38.610189844
2020-04-24 12:40:00,38.62499815
2020-04-24 12:41:00,38.610189844
2020-04-24 12:42:00,38.615125946
2020-04-24 12:43:00,38.694103578
2020-04-24 12:44:00,38.713847986
2020-04-24 12:45:00,38.62499815
2020-04-24 12:46:00,38.481851192
2020-04-24 12:47:00,38.516403906
2020-04-24 12:48:00,38.471978988
2020-04-24 12:49:00,38.49044000948
2020-04-24 12:50:00,38.516403906
2020-04-24 12:51:00,38.521340008
2020-04-24 12:52:00,38.521340008
2020-04-24 12:53:00,38.496659498
2020-04-24 12:54:00,38.491723396
2020-04-24 12:55:00,38.560828824
2020-04-24 12:56:00,38.55095662
2020-04-24 12:57:00,38.610189844
2020-04-24 12:58:00,38.620062048
2020-04-24 12:59:00,38.67435917
2020-04-24 13:00:00,38.654614762
2020-04-24 13:01:00,38.610189844
2020-04-24 13:02:00,38.546020518
2020-04-24 13:03:00,38.565764926
2020-04-24 13:04:00,38.541084416
2020-04-24 13:05:00,38.531212212
2020-04-24 13:06:00,38.536148314
2020-04-24 13:07:00,38.53140965608
2020-04-24 13:08:00,38.531212212
2020-04-24 13:09:00,38.541084416
2020-04-24 13:10:00,38.5391099752
2020-04-24 13:11:00,38.541084416
2020-04-24 13:12:00,38.511467804
2020-04-24 13:13:00,38.516403906
2020-04-24 13:14:00,38.610189844
2020-04-24 13:15:00,38.60031764
2020-04-24 13:16:00,38.511467804
2020-04-24 13:17:00,38.491723396
2020-04-24 13:18:00,38.52627611
2020-04-24 13:19:00,38.53585214788
2020-04-24 13:20:00,38.53111348996
2020-04-24 13:21:00,38.531212212
2020-04-24 13:22:00,38.5124550244
2020-04-24 13:23:00,38.531212212
2020-04-24 13:24:00,38.53447003932
2020-04-24 13:25:00,38.536148314
2020-04-24 13:26:00,38.546020518
2020-04-24 13:27:00,38.565764926
2020-04-24 13:28:00,38.59034671396
2020-04-24 13:29:00,38.629934252
2020-04-24 13:30:00,38.659550864
2020-04-24 13:31:00,38.634870354
2020-04-24 13:32:00,38.6220364888
2020-04-24 13:33:00,38.629934252
2020-04-24 13:34:00,38.615125946
2020-04-24 13:35:00,38.595381538
2020-04-24 13:36:00,38.62371476348
2020-04-24 13:37:00,38.57563713
2020-04-24 13:38:00,38.634870354
2020-04-24 13:39:00,38.669423068
2020-04-24 13:40:00,38.629934252
2020-04-24 13:41:00,38.644742558
2020-04-24 13:42:00,38.659550864
2020-04-24 13:43:00,38.664486966
2020-04-24 13:44:00,38.654614762
2020-04-24 13:45:00,38.620062048
2020-04-24 13:46:00,38.615125946
2020-04-24 13:47:00,38.620062048
2020-04-24 13:48:00,38.615125946
2020-04-24 13:49:00,38.60594479628
2020-04-24 13:50:00,38.595381538
2020-04-24 13:51:00,38.62499815
2020-04-24 13:52:00,38.610189844
2020-04-24 13:53:00,38.615125946
2020-04-24 13:54:00,38.64967866
2020-04-24 13:55:00,38.629934252
2020-04-24 13:56:00,38.629934252
2020-04-24 13:57:00,38.62025949208
2020-04-24 13:58:00,38.639806456
2020-04-24 13:59:00,38.64967866
2020-04-24 14:00:00,38.684231374
2020-04-24 14:01:00,38.679295272
2020-04-24 14:02:00,38.694103578
2020-04-24 14:03:00,38.703975782
2020-04-24 14:04:00,38.7158224268
2020-04-24 14:05:00,38.654614762
2020-04-24 14:06:00,38.694103578
2020-04-24 14:07:00,38.669423068
2020-04-24 14:08:00,38.629934252
2020-04-24 14:09:00,38.659550864
2020-04-24 14:10:00,38.639806456
2020-04-24 14:11:00,38.694103578
2020-04-24 14:12:00,38.7296435124
2020-04-24 14:13:00,38.72372019
2020-04-24 14:14:00,38.753336802
2020-04-24 14:15:00,38.684231374
2020-04-24 14:16:00,38.713847986
2020-04-24 14:17:00,38.708911884
2020-04-24 14:18:00,38.713847986
2020-04-24 14:19:00,38.708911884
2020-04-24 14:20:00,38.69903968
2020-04-24 14:21:00,38.718784088
2020-04-24 14:22:00,38.71868536596
2020-04-24 14:23:00,38.7484007
2020-04-24 14:24:00,38.827378332
2020-04-24 14:25:00,38.80250037792
2020-04-24 14:26:00,38.832314434
2020-04-24 14:27:00,38.792825618
2020-04-24 14:28:00,38.802697822
2020-04-24 14:29:00,38.827378332
2020-04-24 14:30:00,38.837250536
2020-04-24 14:31:00,38.84712274
2020-04-24 14:32:00,38.82727960996
2020-04-24 14:33:00,38.842186638
2020-04-24 14:34:00,38.861931046
2020-04-24 14:35:00,38.817506128
2020-04-24 14:36:00,38.861931046
2020-04-24 14:37:00,38.8525524522
2020-04-24 14:38:00,38.827378332
2020-04-24 14:39:00,38.733592394
2020-04-24 14:40:00,38.758272904
2020-04-24 14:41:00,38.817506128
2020-04-24 14:42:00,38.812570026
2020-04-24 14:43:00,38.837250536
2020-04-24 14:44:00,38.886611556
2020-04-24 14:45:00,38.87180325
2020-04-24 14:46:00,38.92116427
2020-04-24 14:47:00,38.891547658
2020-04-24 14:48:00,38.886611556
2020-04-24 14:49:00,38.931036474
2020-04-24 14:50:00,38.965589188
2020-04-24 14:51:00,38.9952058
2020-04-24 14:52:00,38.926100372
2020-04-24 14:53:00,38.906355964
2020-04-24 14:54:00,38.832314434
2020-04-24 14:55:00,38.856994944
2020-04-24 14:56:00,38.856994944
2020-04-24 14:57:00,38.891547658
2020-04-24 14:58:00,38.911292066
2020-04-24 14:59:00,38.886611556
2020-04-24 15:00:00,38.88651283396
2020-04-24 15:01:00,38.89648376
2020-04-24 15:02:00,38.856994944
2020-04-24 15:03:00,38.852058842
2020-04-24 15:04:00,38.79776172
2020-04-24 15:05:00,38.792825618
2020-04-24 15:06:00,38.79776172
2020-04-24 15:07:00,38.8189869586
2020-04-24 15:08:00,38.802697822
2020-04-24 15:09:00,38.837250536
2020-04-24 15:10:00,38.81523552108
2020-04-24 15:11:00,38.84712274
2020-04-24 15:12:00,38.782953414
2020-04-24 15:13:00,38.82244223
2020-04-24 15:14:00,38.79776172
2020-04-24 15:15:00,38.802697822
2020-04-24 15:16:00,38.768145108
2020-04-24 15:17:00,38.787889516
2020-04-24 15:18:00,38.787889516
2020-04-24 15:19:00,38.802697822
2020-04-24 15:20:00,38.82244223
2020-04-24 15:21:00,38.792825618
2020-04-24 15:22:00,38.832314434
2020-04-24 15:23:00,38.886611556
2020-04-24 15:24:00,38.837250536
2020-04-24 15:25:00,38.82895788464
2020-04-24 15:26:00,38.792825618
2020-04-24 15:27:00,38.778017312
2020-04-24 15:28:00,38.77308121
2020-04-24 15:29:00,38.79776172
2020-04-24 15:30:00,38.792825618
2020-04-24 15:31:00,38.787889516
2020-04-24 15:32:00,38.77308121
2020-04-24 15:33:00,38.807633924
2020-04-24 15:34:00,38.792825618
2020-04-24 15:35:00,38.807633924
2020-04-24 15:36:00,38.837250536
2020-04-24 15:37:00,38.832314434
2020-04-24 15:38:00,38.84712274
2020-04-24 15:39:00,38.78798823804
2020-04-24 15:40:00,38.817506128
2020-04-24 15:41:00,38.84712274
2020-04-24 15:42:00,38.856994944
2020-04-24 15:43:00,38.876739352
2020-04-24 15:44:00,38.876739352
2020-04-24 15:45:00,38.881675454
2020-04-24 15:46:00,38.92116427
2020-04-24 15:47:00,38.94367289512
2020-04-24 15:48:00,38.960653086
2020-04-24 15:49:00,38.926100372
2020-04-24 15:50:00,38.906355964
2020-04-24 15:51:00,38.87180325
2020-04-24 15:52:00,38.792825618
2020-04-24 15:53:00,38.827378332
2020-04-24 15:54:00,38.842186638
2020-04-24 15:55:00,38.852058842
2020-04-24 15:56:00,38.807633924
2020-04-24 15:57:00,38.842186638
2020-04-24 15:58:00,38.842186638
2020-04-24 15:59:00,38.842186638
2020-04-24 16:00:00,38.84712274
2020-04-27 09:31:00,39.4379741494
2020-04-27 09:32:00,39.419710572
2020-04-27 09:33:00,39.41477447
2020-04-27 09:34:00,39.469071592
2020-04-27 09:35:00,39.52494826664
2020-04-27 09:36:00,39.45199267908
2020-04-27 09:37:00,39.429582776
2020-04-27 09:38:00,39.399966164
2020-04-27 09:39:00,39.478943796
2020-04-27 09:40:00,39.478943796
2020-04-27 09:41:00,39.47410641604
2020-04-27 09:42:00,39.429582776
2020-04-27 09:43:00,39.54617350524
2020-04-27 09:44:00,39.7356211
2020-04-27 09:45:00,39.651707366
2020-04-27 09:46:00,39.720812794
2020-04-27 09:47:00,39.78498212
2020-04-27 09:48:00,39.83434314
2020-04-27 09:49:00,39.730684998
2020-04-27 09:50:00,39.691196182
2020-04-27 09:51:00,39.696132284
2020-04-27 09:52:00,39.666515672
2020-04-27 09:53:00,39.794854324
2020-04-27 09:54:00,39.750429406
2020-04-27 09:55:00,39.6990939452
2020-04-27 09:56:00,39.646771264
2020-04-27 09:57:00,39.641835162
2020-04-27 09:58:00,39.607282448
2020-04-27 09:59:00,39.567793632
2020-04-27 10:00:00,39.592474142
2020-04-27 10:01:00,39.59731152196
2020-04-27 10:02:00,39.56285753
2020-04-27 10:03:00,39.627026856
2020-04-27 10:04:00,39.59119075548
2020-04-27 10:05:00,39.577665836
2020-04-27 10:06:00,39.622090754
2020-04-27 10:07:00,39.61725337404
2020-04-27 10:08:00,39.548049224
2020-04-27 10:09:00,39.63689906
2020-04-27 10:10:00,39.602346346
2020-04-27 10:11:00,39.577665836
2020-04-27 10:12:00,39.577665836
2020-04-27 10:13:00,39.508560408
2020-04-27 10:14:00,39.58753804
2020-04-27 10:15:00,39.53817702
2020-04-27 10:16:00,39.4981945938
2020-04-27 10:17:00,39.58753804
2020-04-27 10:18:00,39.567793632
2020-04-27 10:19:00,39.557921428
2020-04-27 10:20:00,39.488816
2020-04-27 10:21:00,39.48891472204
2020-04-27 10:22:00,39.469071592
2020-04-27 10:23:00,39.469071592
2020-04-27 10:24:00,39.424646674
2020-04-27 10:25:00,39.395030062
2020-04-27 10:26:00,39.380221756
2020-04-27 10:27:00,39.360477348
2020-04-27 10:28:00,39.30647639212
2020-04-27 10:29:00,39.350605144
2020-04-27 10:30:00,39.350605144
2020-04-27 10:31:00,39.311116328
2020-04-27 10:32:00,39.26698757612
2020-04-27 10:33:00,39.261755308
2020-04-27 10:34:00,39.281499716
2020-04-27 10:35:00,39.27152878996
2020-04-27 10:36:00,39.261755308
2020-04-27 10:37:00,39.2207856614
2020-04-27 10:38:00,39.222266492
2020-04-27 10:39:00,39.251883104
2020-04-27 10:40:00,39.320988532
2020-04-27 10:41:00,39.38012303396
2020-04-27 10:42:00,39.36037862596
2020-04-27 10:43:00,39.429582776
2020-04-27 10:44:00,39.5065859672
2020-04-27 10:45:00,39.493752102
2020-04-27 10:46:00,39.399966164
2020-04-27 10:47:00,39.429582776
2020-04-27 10:48:00,39.46413549
2020-04-27 10:49:00,39.493752102
2020-04-27 10:50:00,39.4996754244
2020-04-27 10:51:00,39.5169517814
2020-04-27 10:52:00,39.51754411364
2020-04-27 10:53:00,39.533240918
2020-04-27 10:54:00,39.528304816
2020-04-27 10:55:00,39.503624306
2020-04-27 10:56:00,39.449327184
2020-04-27 10:57:00,39.38081408824
2020-04-27 10:58:00,39.36541345
2020-04-27 10:59:00,39.350605144
2020-04-27 11:00:00,39.301244124
2020-04-27 11:01:00,39.350605144
2020-04-27 11:02:00,39.345669042
2020-04-27 11:03:00,39.395030062
2020-04-27 11:04:00,39.424646674
2020-04-27 11:05:00,39.429582776
2020-04-27 11:06:00,39.370349552
2020-04-27 11:07:00,39.34073294
2020-04-27 11:08:00,39.34073294
2020-04-27 11:09:00,39.320988532
2020-04-27 11:10:00,39.335796838
2020-04-27 11:11:00,39.350605144
2020-04-27 11:12:00,39.31940897936
2020-04-27 11:13:00,39.392562011
2020-04-27 11:14:00,39.41477447
2020-04-27 11:15:00,39.370349552
2020-04-27 11:16:00,39.39009396
2020-04-27 11:17:00,39.41961184996
2020-04-27 11:18:00,39.478943796
2020-04-27 11:19:00,39.459199388
2020-04-27 11:20:00,39.493752102
2020-04-27 11:21:00,39.483879898
2020-04-27 11:22:00,39.474007694
2020-04-27 11:23:00,39.488816
2020-04-27 11:24:00,39.46413549
2020-04-27 11:25:00,39.474007694
2020-04-27 11:26:00,39.474007694
2020-04-27 11:27:00,39.483879898
2020-04-27 11:28:00,39.488816
2020-04-27 11:29:00,39.46413549
2020-04-27 11:30:00,39.474007694
2020-04-27 11:31:00,39.459199388
2020-04-27 11:32:00,39.483879898
2020-04-27 11:33:00,39.43945498
2020-04-27 11:34:00,39.488816
2020-04-27 11:35:00,39.498688204
2020-04-27 11:36:00,39.4774629654
2020-04-27 11:37:00,39.46413549
2020-04-27 11:38:00,39.429582776
2020-04-27 11:39:00,39.429582776
2020-04-27 11:40:00,39.44676041096
2020-04-27 11:41:00,39.478943796
2020-04-27 11:42:00,39.478943796
2020-04-27 11:43:00,39.488816
2020-04-27 11:44:00,39.483879898
2020-04-27 11:45:00,39.493752102
2020-04-27 11:46:00,39.493752102
2020-04-27 11:47:00,39.478943796
2020-04-27 11:48:00,39.48753261348
2020-04-27 11:49:00,39.4828926776
2020-04-27 11:50:00,39.46413549
2020-04-27 11:51:00,39.493752102
2020-04-27 11:52:00,39.47766040948
2020-04-27 11:53:00,39.449327184
2020-04-27 11:54:00,39.46413549
2020-04-27 11:55:00,39.469071592
2020-04-27 11:56:00,39.4754885246
2020-04-27 11:57:00,39.474007694
2020-04-27 11:58:00,39.498688204
2020-04-27 11:59:00,39.478943796
2020-04-27 12:00:00,39.48555817268
2020-04-27 12:01:00,39.449327184
2020-04-27 12:02:00,39.46413549
2020-04-27 12:03:00,39.449327184
2020-04-27 12:04:00,39.42800322336
2020-04-27 12:05:00,39.39009396
2020-04-27 12:06:00,39.41477447
2020-04-27 12:07:00,39.409838368
2020-04-27 12:08:00,39.380221756
2020-04-27 12:09:00,39.3935492314
2020-04-27 12:10:00,39.39167351264
2020-04-27 12:11:00,39.380221756
2020-04-27 12:12:00,39.36541345
2020-04-27 12:13:00,39.370349552
2020-04-27 12:14:00,39.355541246
2020-04-27 12:15:00,39.404902266
2020-04-27 12:16:00,39.429582776
2020-04-27 12:17:00,39.39868277748
2020-04-27 12:18:00,39.404902266
2020-04-27 12:19:00,39.409838368
2020-04-27 12:20:00,39.446859133
2020-04-27 12:21:00,39.429582776
2020-04-27 12:22:00,39.41477447
2020-04-27 12:23:00,39.409838368
2020-04-27 12:24:00,39.38032047804
2020-04-27 12:25:00,39.404902266
2020-04-27 12:26:00,39.409838368
2020-04-27 12:27:00,39.409838368
2020-04-27 12:28:00,39.399966164
2020-04-27 12:29:00,39.38851440736
2020-04-27 12:30:00,39.395030062
2020-04-27 12:31:00,39.409838368
2020-04-27 12:32:00,39.41477447
2020-04-27 12:33:00,39.449327184
2020-04-27 12:34:00,39.449327184
2020-04-27 12:35:00,39.4621610492
2020-04-27 12:36:00,39.478943796
2020-04-27 12:37:00,39.449327184
2020-04-27 12:38:00,39.45288117744
2020-04-27 12:39:00,39.41704507692
2020-04-27 12:40:00,39.41477447
2020-04-27 12:41:00,39.409838368
2020-04-27 12:42:00,39.434518878
2020-04-27 12:43:00,39.429582776
2020-04-27 12:44:00,39.424646674
2020-04-27 12:45:00,39.43027383028
2020-04-27 12:46:00,39.419710572
2020-04-27 12:47:00,39.4137872496
2020-04-27 12:48:00,39.404902266
2020-04-27 12:49:00,39.43945498
2020-04-27 12:50:00,39.449327184
2020-04-27 12:51:00,39.459199388
2020-04-27 12:52:00,39.449327184
2020-04-27 12:53:00,39.454263286
2020-04-27 12:54:00,39.459199388
2020-04-27 12:55:00,39.46413549
2020-04-27 12:56:00,39.459199388
2020-04-27 12:57:00,39.46413549
2020-04-27 12:58:00,39.478943796
2020-04-27 12:59:00,39.43945498
2020-04-27 13:00:00,39.449327184
2020-04-27 13:01:00,39.424646674
2020-04-27 13:02:00,39.39009396
2020-04-27 13:03:00,39.399966164
2020-04-27 13:04:00,39.370349552
2020-04-27 13:05:00,39.385157858
2020-04-27 13:06:00,39.395030062
2020-04-27 13:07:00,39.444391082
2020-04-27 13:08:00,39.44942590604
2020-04-27 13:09:00,39.488816
2020-04-27 13:10:00,39.444391082
2020-04-27 13:11:00,39.43945498
2020-04-27 13:12:00,39.44715529912
2020-04-27 13:13:00,39.449327184
2020-04-27 13:14:00,39.459199388
2020-04-27 13:15:00,39.424646674
2020-04-27 13:16:00,39.39009396
2020-04-27 13:17:00,39.4053958762
2020-04-27 13:18:00,39.39009396
2020-04-27 13:19:00,39.370349552
2020-04-27 13:20:00,39.34073294
2020-04-27 13:21:00,39.301244124
2020-04-27 13:22:00,39.281499716
2020-04-27 13:23:00,39.26215019616
2020-04-27 13:24:00,39.261755308
2020-04-27 13:25:00,39.28998981144
2020-04-27 13:26:00,39.281499716
2020-04-27 13:27:00,39.320988532
2020-04-27 13:28:00,39.29147064204
2020-04-27 13:29:00,39.29137192
2020-04-27 13:30:00,39.30055306972
2020-04-27 13:31:00,39.31605243
2020-04-27 13:32:00,39.286435818
2020-04-27 13:33:00,39.29137192
2020-04-27 13:34:00,39.2928527506
2020-04-27 13:35:00,39.29137192
2020-04-27 13:36:00,39.281499716
2020-04-27 13:37:00,39.29137192
2020-04-27 13:38:00,39.31605243
2020-04-27 13:39:00,39.34073294
2020-04-27 13:40:00,39.360477348
2020-04-27 13:41:00,39.360477348
2020-04-27 13:42:00,39.330860736
2020-04-27 13:43:00,39.33658661432
2020-04-27 13:44:00,39.29137192
2020-04-27 13:45:00,39.2420109
2020-04-27 13:46:00,39.232138696
2020-04-27 13:47:00,39.22601792952
2020-04-27 13:48:00,39.237074798
2020-04-27 13:49:00,39.232138696
2020-04-27 13:50:00,39.232138696
2020-04-27 13:51:00,39.237074798
2020-04-27 13:52:00,39.261755308
2020-04-27 13:53:00,39.276563614
2020-04-27 13:54:00,39.256819206
2020-04-27 13:55:00,39.251883104
2020-04-27 13:56:00,39.301244124
2020-04-27 13:57:00,39.286435818
2020-04-27 13:58:00,39.311116328
2020-04-27 13:59:00,39.276563614
2020-04-27 14:00:00,39.28475754332
2020-04-27 14:01:00,39.271627512
2020-04-27 14:02:00,39.281499716
2020-04-27 14:03:00,39.28377032292
2020-04-27 14:04:00,39.296308022
2020-04-27 14:05:00,39.29137192
2020-04-27 14:06:00,39.232138696
2020-04-27 14:07:00,39.26639524388
2020-04-27 14:08:00,39.232138696
2020-04-27 14:09:00,39.276563614
2020-04-27 14:10:00,39.286435818
2020-04-27 14:11:00,39.29137192
2020-04-27 14:12:00,39.29137192
2020-04-27 14:13:00,39.271627512
2020-04-27 14:14:00,39.29137192
2020-04-27 14:15:00,39.271627512
2020-04-27 14:16:00,39.261755308
2020-04-27 14:17:00,39.251883104
2020-04-27 14:18:00,39.29137192
2020-04-27 14:19:00,39.29137192
2020-04-27 14:20:00,39.281499716
2020-04-27 14:21:00,39.271627512
2020-04-27 14:22:00,39.271627512
2020-04-27 14:23:00,39.26185403004
2020-04-27 14:24:00,39.256819206
2020-04-27 14:25:00,39.29137192
2020-04-27 14:26:00,39.286435818
2020-04-27 14:27:00,39.271627512
2020-04-27 14:28:00,39.28584348576
2020-04-27 14:29:00,39.29137192
2020-04-27 14:30:00,39.26669141
2020-04-27 14:31:00,39.26669141
2020-04-27 14:32:00,39.306180226
2020-04-27 14:33:00,39.350605144
2020-04-27 14:34:00,39.35830546312
2020-04-27 14:35:00,39.325924634
2020-04-27 14:36:00,39.306180226
2020-04-27 14:37:00,39.311116328
2020-04-27 14:38:00,39.330860736
2020-04-27 14:39:00,39.345669042
2020-04-27 14:40:00,39.32612207808
2020-04-27 14:41:00,39.404902266
2020-04-27 14:42:00,39.385157858
2020-04-27 14:43:00,39.404902266
2020-04-27 14:44:00,39.380221756
2020-04-27 14:45:00,39.360477348
2020-04-27 14:46:00,39.335796838
2020-04-27 14:47:00,39.360477348
2020-04-27 14:48:00,39.335796838
2020-04-27 14:49:00,39.34073294
2020-04-27 14:50:00,39.380221756
2020-04-27 14:51:00,39.355541246
2020-04-27 14:52:00,39.335796838
2020-04-27 14:53:00,39.335796838
2020-04-27 14:54:00,39.34073294
2020-04-27 14:55:00,39.320988532
2020-04-27 14:56:00,39.320988532
2020-04-27 14:57:00,39.320988532
2020-04-27 14:58:00,39.3303671258
2020-04-27 14:59:00,39.330860736
2020-04-27 15:00:00,39.320988532
2020-04-27 15:01:00,39.306180226
2020-04-27 15:02:00,39.320988532
2020-04-27 15:03:00,39.335796838
2020-04-27 15:04:00,39.409838368
2020-04-27 15:05:00,39.370349552
2020-04-27 15:06:00,39.36916488752
2020-04-27 15:07:00,39.345669042
2020-04-27 15:08:00,39.36541345
2020-04-27 15:09:00,39.370349552
2020-04-27 15:10:00,39.360477348
2020-04-27 15:11:00,39.375285654
2020-04-27 15:12:00,39.385157858
2020-04-27 15:13:00,39.360477348
2020-04-27 15:14:00,39.36659811448
2020-04-27 15:15:00,39.330860736
2020-04-27 15:16:00,39.306180226
2020-04-27 15:17:00,39.29137192
2020-04-27 15:18:00,39.3244438034
2020-04-27 15:19:00,39.276563614
2020-04-27 15:20:00,39.251883104
2020-04-27 15:21:00,39.276563614
2020-04-27 15:22:00,39.29147064204
2020-04-27 15:23:00,39.325924634
2020-04-27 15:24:00,39.320988532
2020-04-27 15:25:00,39.301244124
2020-04-27 15:26:00,39.296308022
2020-04-27 15:27:00,39.29137192
2020-04-27 15:28:00,39.281499716
2020-04-27 15:29:00,39.271627512
2020-04-27 15:30:00,39.271627512
2020-04-27 15:31:00,39.311116328
2020-04-27 15:32:00,39.29137192
2020-04-27 15:33:00,39.301244124
2020-04-27 15:34:00,39.29137192
2020-04-27 15:35:00,39.29137192
2020-04-27 15:36:00,39.296308022
2020-04-27 15:37:00,39.276563614
2020-04-27 15:38:00,39.276563614
2020-04-27 15:39:00,39.286435818
2020-04-27 15:40:00,39.271627512
2020-04-27 15:41:00,39.281499716
2020-04-27 15:42:00,39.30144156808
2020-04-27 15:43:00,39.29137192
2020-04-27 15:44:00,39.320988532
2020-04-27 15:45:00,39.3170396504
2020-04-27 15:46:00,39.31605243
2020-04-27 15:47:00,39.301244124
2020-04-27 15:48:00,39.286435818
2020-04-27 15:49:00,39.311116328
2020-04-27 15:50:00,39.32118597608
2020-04-27 15:51:00,39.256819206
2020-04-27 15:52:00,39.177841574
2020-04-27 15:53:00,39.108736146
2020-04-27 15:54:00,39.084055636
2020-04-27 15:55:00,39.153161064
2020-04-27 15:56:00,39.08642496496
2020-04-27 15:57:00,39.074183432
2020-04-27 15:58:00,39.113672248
2020-04-27 15:59:00,39.113672248
2020-04-27 16:00:00,39.123544452
2020-04-28 09:31:00,39.33540194984
2020-04-28 09:32:00,39.09392784
2020-04-28 09:33:00,38.935972576
2020-04-28 09:34:00,39.04456682
2020-04-28 09:35:00,39.222266492
2020-04-28 09:36:00,39.14328886
2020-04-28 09:37:00,39.163033268
2020-04-28 09:38:00,39.163033268
2020-04-28 09:39:00,39.153161064
2020-04-28 09:40:00,39.15325978604
2020-04-28 09:41:00,39.212394288
2020-04-28 09:42:00,39.14170930736
2020-04-28 09:43:00,39.14328886
2020-04-28 09:44:00,39.232138696
2020-04-28 09:45:00,39.232138696
2020-04-28 09:46:00,39.227202594
2020-04-28 09:47:00,39.232138696
2020-04-28 09:48:00,39.182777676
2020-04-28 09:49:00,39.212394288
2020-04-28 09:50:00,39.197585982
2020-04-28 09:51:00,39.24803294444
2020-04-28 09:52:00,39.301244124
2020-04-28 09:53:00,39.29137192
2020-04-28 09:54:00,39.320988532
2020-04-28 09:55:00,39.281499716
2020-04-28 09:56:00,39.320988532
2020-04-28 09:57:00,39.31940897936
2020-04-28 09:58:00,39.232138696
2020-04-28 09:59:00,39.14328886
2020-04-28 10:00:00,38.965589188
2020-04-28 10:01:00,38.84712274
2020-04-28 10:02:00,38.718784088
2020-04-28 10:03:00,38.812570026
2020-04-28 10:04:00,38.67435917
2020-04-28 10:05:00,38.639806456
2020-04-28 10:06:00,38.78779079396
2020-04-28 10:07:00,38.85689622196
2020-04-28 10:08:00,38.866867148
2020-04-28 10:09:00,38.85393456076
2020-04-28 10:10:00,38.935972576
2020-04-28 10:11:00,38.94584478
2020-04-28 10:12:00,38.93271474868
2020-04-28 10:13:00,38.926100372
2020-04-28 10:14:00,38.935972576
2020-04-28 10:15:00,38.881675454
2020-04-28 10:16:00,38.906355964
2020-04-28 10:17:00,38.92116427
2020-04-28 10:18:00,38.92116427
2020-04-28 10:19:00,38.832314434
2020-04-28 10:20:00,38.82520644712
2020-04-28 10:21:00,38.728656292
2020-04-28 10:22:00,38.669423068
2020-04-28 10:23:00,38.64967866
2020-04-28 10:24:00,38.590445436
2020-04-28 10:25:00,38.565764926
2020-04-28 10:26:00,38.5761307402
2020-04-28 10:27:00,38.57840134712
2020-04-28 10:28:00,38.580573232
2020-04-28 10:29:00,38.565764926
2020-04-28 10:30:00,38.58215278464
2020-04-28 10:31:00,38.546020518
2020-04-28 10:32:00,38.57563713
2020-04-28 10:33:00,38.52627611
2020-04-28 10:34:00,38.57563713
2020-04-28 10:35:00,38.629934252
2020-04-28 10:36:00,38.669423068
2020-04-28 10:37:00,38.664486966
2020-04-28 10:38:00,38.694103578
2020-04-28 10:39:00,38.703975782
2020-04-28 10:40:00,38.802697822
2020-04-28 10:41:00,38.74919047632
2020-04-28 10:42:00,38.713847986
2020-04-28 10:43:00,38.758272904
2020-04-28 10:44:00,38.694103578
2020-04-28 10:45:00,38.69903968
2020-04-28 10:46:00,38.728656292
2020-04-28 10:47:00,38.738528496
2020-04-28 10:48:00,38.689167476
2020-04-28 10:49:00,38.703975782
2020-04-28 10:50:00,38.733592394
2020-04-28 10:51:00,38.67919654996
2020-04-28 10:52:00,38.70516044648
2020-04-28 10:53:00,38.708911884
2020-04-28 10:54:00,38.713847986
2020-04-28 10:55:00,38.669423068
2020-04-28 10:56:00,38.69903968
2020-04-28 10:57:00,38.67988760424
2020-04-28 10:58:00,38.738528496
2020-04-28 10:59:00,38.654614762
2020-04-28 11:00:00,38.629934252
2020-04-28 11:01:00,38.629934252
2020-04-28 11:02:00,38.610189844
2020-04-28 11:03:00,38.654614762
2020-04-28 11:04:00,38.67435917
2020-04-28 11:05:00,38.659550864
2020-04-28 11:06:00,38.639806456
2020-04-28 11:07:00,38.708911884
2020-04-28 11:08:00,38.782953414
2020-04-28 11:09:00,38.79776172
2020-04-28 11:10:00,38.84712274
2020-04-28 11:11:00,38.807633924
2020-04-28 11:12:00,38.778017312
2020-04-28 11:13:00,38.768145108
2020-04-28 11:14:00,38.738528496
2020-04-28 11:15:00,38.679295272
2020-04-28 11:16:00,38.68985853028
2020-04-28 11:17:00,38.694103578
2020-04-28 11:18:00,38.684231374
2020-04-28 11:19:00,38.639806456
2020-04-28 11:20:00,38.615125946
2020-04-28 11:21:00,38.60752434892
2020-04-28 11:22:00,38.62499815
2020-04-28 11:23:00,38.64967866
2020-04-28 11:24:00,38.684231374
2020-04-28 11:25:00,38.69903968
2020-04-28 11:26:00,38.728656292
2020-04-28 11:27:00,38.713847986
2020-04-28 11:28:00,38.73842977396
2020-04-28 11:29:00,38.753336802
2020-04-28 11:30:00,38.743464598
2020-04-28 11:31:00,38.738528496
2020-04-28 11:32:00,38.7484007
2020-04-28 11:33:00,38.763209006
2020-04-28 11:34:00,38.758272904
2020-04-28 11:35:00,38.763209006
2020-04-28 11:36:00,38.768145108
2020-04-28 11:37:00,38.758272904
2020-04-28 11:38:00,38.768145108
2020-04-28 11:39:00,38.763209006
2020-04-28 11:40:00,38.7484007
2020-04-28 11:41:00,38.7484007
2020-04-28 11:42:00,38.77308121
2020-04-28 11:43:00,38.7484007
2020-04-28 11:44:00,38.71226843336
2020-04-28 11:45:00,38.69903968
2020-04-28 11:46:00,38.743464598
2020-04-28 11:47:00,38.743464598
2020-04-28 11:48:00,38.728656292
2020-04-28 11:49:00,38.718784088
2020-04-28 11:50:00,38.73744255356
2020-04-28 11:51:00,38.669423068
2020-04-28 11:52:00,38.590445436
2020-04-28 11:53:00,38.60031764
2020-04-28 11:54:00,38.620062048
2020-04-28 11:55:00,38.610189844
2020-04-28 11:56:00,38.63970773396
2020-04-28 11:57:00,38.639806456
2020-04-28 11:58:00,38.639806456
2020-04-28 11:59:00,38.60031764
2020-04-28 12:00:00,38.639806456
2020-04-28 12:01:00,38.718784088
2020-04-28 12:02:00,38.664486966
2020-04-28 12:03:00,38.560828824
2020-04-28 12:04:00,38.57563713
2020-04-28 12:05:00,38.605253742
2020-04-28 12:06:00,38.615125946
2020-04-28 12:07:00,38.659550864
2020-04-28 12:08:00,38.69903968
2020-04-28 12:09:00,38.6975588494
2020-04-28 12:10:00,38.669423068
2020-04-28 12:11:00,38.684231374
2020-04-28 12:12:00,38.669423068
2020-04-28 12:13:00,38.629934252
2020-04-28 12:14:00,38.64967866
2020-04-28 12:15:00,38.620062048
2020-04-28 12:16:00,38.541084416
2020-04-28 12:17:00,38.610189844
2020-04-28 12:18:00,38.590445436
2020-04-28 12:19:00,38.541084416
2020-04-28 12:20:00,38.55105534204
2020-04-28 12:21:00,38.585509334
2020-04-28 12:22:00,38.610189844
2020-04-28 12:23:00,38.60031764
2020-04-28 12:24:00,38.555892722
2020-04-28 12:25:00,38.590445436
2020-04-28 12:26:00,38.610189844
2020-04-28 12:27:00,38.615125946
2020-04-28 12:28:00,38.620062048
2020-04-28 12:29:00,38.61009112196
2020-04-28 12:30:00,38.659550864
2020-04-28 12:31:00,38.639806456
2020-04-28 12:32:00,38.639806456
2020-04-28 12:33:00,38.659550864
2020-04-28 12:34:00,38.679295272
2020-04-28 12:35:00,38.728656292
2020-04-28 12:36:00,38.708911884
2020-04-28 12:37:00,38.718784088
2020-04-28 12:38:00,38.743464598
2020-04-28 12:39:00,38.7484007
2020-04-28 12:40:00,38.743464598
2020-04-28 12:41:00,38.778017312
2020-04-28 12:42:00,38.743464598
2020-04-28 12:43:00,38.753336802
2020-04-28 12:44:00,38.758272904
2020-04-28 12:45:00,38.758272904
2020-04-28 12:46:00,38.7380348858
2020-04-28 12:47:00,38.694103578
2020-04-28 12:48:00,38.684231374
2020-04-28 12:49:00,38.69903968
2020-04-28 12:50:00,38.738528496
2020-04-28 12:51:00,38.718784088
2020-04-28 12:52:00,38.69903968
2020-04-28 12:53:00,38.708911884
2020-04-28 12:54:00,38.713847986
2020-04-28 12:55:00,38.728656292
2020-04-28 12:56:00,38.778017312
2020-04-28 12:57:00,38.792825618
2020-04-28 12:58:00,38.79776172
2020-04-28 12:59:00,38.77308121
2020-04-28 13:00:00,38.77614159324
2020-04-28 13:01:00,38.76824383004
2020-04-28 13:02:00,38.782953414
2020-04-28 13:03:00,38.782953414
2020-04-28 13:04:00,38.778017312
2020-04-28 13:05:00,38.77584542712
2020-04-28 13:06:00,38.77308121
2020-04-28 13:07:00,38.802697822
2020-04-28 13:08:00,38.768145108
2020-04-28 13:09:00,38.787889516
2020-04-28 13:10:00,38.763209006
2020-04-28 13:11:00,38.787889516
2020-04-28 13:12:00,38.787889516
2020-04-28 13:13:00,38.782953414
2020-04-28 13:14:00,38.778017312
2020-04-28 13:15:00,38.753336802
2020-04-28 13:16:00,38.768145108
2020-04-28 13:17:00,38.763209006
2020-04-28 13:18:00,38.77308121
2020-04-28 13:19:00,38.787889516
2020-04-28 13:20:00,38.792825618
2020-04-28 13:21:00,38.802697822
2020-04-28 13:22:00,38.812570026
2020-04-28 13:23:00,38.827378332
2020-04-28 13:24:00,38.807633924
2020-04-28 13:25:00,38.812570026
2020-04-28 13:26:00,38.861931046
2020-04-28 13:27:00,38.842186638
2020-04-28 13:28:00,38.876739352
2020-04-28 13:29:00,38.866867148
2020-04-28 13:30:00,38.876739352
2020-04-28 13:31:00,38.876739352
2020-04-28 13:32:00,38.886611556
2020-04-28 13:33:00,38.876739352
2020-04-28 13:34:00,38.856994944
2020-04-28 13:35:00,38.84712274
2020-04-28 13:36:00,38.817506128
2020-04-28 13:37:00,38.75817418196
2020-04-28 13:38:00,38.758272904
2020-04-28 13:39:00,38.768145108
2020-04-28 13:40:00,38.763209006
2020-04-28 13:41:00,38.77308121
2020-04-28 13:42:00,38.778017312
2020-04-28 13:43:00,38.7484007
2020-04-28 13:44:00,38.758272904
2020-04-28 13:45:00,38.79776172
2020-04-28 13:46:00,38.782953414
2020-04-28 13:47:00,38.792825618
2020-04-28 13:48:00,38.787889516
2020-04-28 13:49:00,38.787889516
2020-04-28 13:50:00,38.792825618
2020-04-28 13:51:00,38.782953414
2020-04-28 13:52:00,38.787889516
2020-04-28 13:53:00,38.763209006
2020-04-28 13:54:00,38.75610101912
2020-04-28 13:55:00,38.718784088
2020-04-28 13:56:00,38.74524159472
2020-04-28 13:57:00,38.74810453388
2020-04-28 13:58:00,38.7484007
2020-04-28 13:59:00,38.738528496
2020-04-28 14:00:00,38.743464598
2020-04-28 14:01:00,38.768145108
2020-04-28 14:02:00,38.7617281754
2020-04-28 14:03:00,38.787889516
2020-04-28 14:04:00,38.802697822
2020-04-28 14:05:00,38.807633924
2020-04-28 14:06:00,38.82244223
2020-04-28 14:07:00,38.817506128
2020-04-28 14:08:00,38.78482913276
2020-04-28 14:09:00,38.8318208238
2020-04-28 14:10:00,38.812570026
2020-04-28 14:11:00,38.84712274
2020-04-28 14:12:00,38.842186638
2020-04-28 14:13:00,38.84712274
2020-04-28 14:14:00,38.827378332
2020-04-28 14:15:00,38.852058842
2020-04-28 14:16:00,38.881675454
2020-04-28 14:17:00,38.891547658
2020-04-28 14:18:00,38.911292066
2020-04-28 14:19:00,38.92116427
2020-04-28 14:20:00,38.90625724196
2020-04-28 14:21:00,38.901419862
2020-04-28 14:22:00,38.901419862
2020-04-28 14:23:00,38.911292066
2020-04-28 14:24:00,38.916228168
2020-04-28 14:25:00,38.92116427
2020-04-28 14:26:00,38.940908678
2020-04-28 14:27:00,38.926100372
2020-04-28 14:28:00,38.931036474
2020-04-28 14:29:00,38.926100372
2020-04-28 14:30:00,38.950780882
2020-04-28 14:31:00,38.980397494
2020-04-28 14:32:00,39.000141902
2020-04-28 14:33:00,39.04456682
2020-04-28 14:34:00,39.034694616
2020-04-28 14:35:00,39.000141902
2020-04-28 14:36:00,39.005078004
2020-04-28 14:37:00,39.03005468012
2020-04-28 14:38:00,38.965589188
2020-04-28 14:39:00,38.950780882
2020-04-28 14:40:00,38.931036474
2020-04-28 14:41:00,38.89648376
2020-04-28 14:42:00,38.901419862
2020-04-28 14:43:00,38.906355964
2020-04-28 14:44:00,38.89648376
2020-04-28 14:45:00,38.881675454
2020-04-28 14:46:00,38.876739352
2020-04-28 14:47:00,38.84712274
2020-04-28 14:48:00,38.852058842
2020-04-28 14:49:00,38.83734925804
2020-04-28 14:50:00,38.87180325
2020-04-28 14:51:00,38.891547658
2020-04-28 14:52:00,38.852058842
2020-04-28 14:53:00,38.79776172
2020-04-28 14:54:00,38.787889516
2020-04-28 14:55:00,38.778017312
2020-04-28 14:56:00,38.743464598
2020-04-28 14:57:00,38.753336802
2020-04-28 14:58:00,38.758272904
2020-04-28 14:59:00,38.768145108
2020-04-28 15:00:00,38.758272904
2020-04-28 15:01:00,38.787889516
2020-04-28 15:02:00,38.758272904
2020-04-28 15:03:00,38.758272904
2020-04-28 15:04:00,38.778017312
2020-04-28 15:05:00,38.77308121
2020-04-28 15:06:00,38.787889516
2020-04-28 15:07:00,38.787889516
2020-04-28 15:08:00,38.792825618
2020-04-28 15:09:00,38.802697822
2020-04-28 15:10:00,38.7938128384
2020-04-28 15:11:00,38.812570026
2020-04-28 15:12:00,38.80684414768
2020-04-28 15:13:00,38.8061530934
2020-04-28 15:14:00,38.832314434
2020-04-28 15:15:00,38.842186638
2020-04-28 15:16:00,38.84712274
2020-04-28 15:17:00,38.852058842
2020-04-28 15:18:00,38.837250536
2020-04-28 15:19:00,38.84712274
2020-04-28 15:20:00,38.866867148
2020-04-28 15:21:00,38.876739352
2020-04-28 15:22:00,38.812570026
2020-04-28 15:23:00,38.768145108
2020-04-28 15:24:00,38.77308121
2020-04-28 15:25:00,38.78601379724
2020-04-28 15:26:00,38.79776172
2020-04-28 15:27:00,38.82244223
2020-04-28 15:28:00,38.827378332
2020-04-28 15:29:00,38.82244223
2020-04-28 15:30:00,38.787889516
2020-04-28 15:31:00,38.817506128
2020-04-28 15:32:00,38.837250536
2020-04-28 15:33:00,38.84712274
2020-04-28 15:34:00,38.856994944
2020-04-28 15:35:00,38.876739352
2020-04-28 15:36:00,38.812570026
2020-04-28 15:37:00,38.81760485004
2020-04-28 15:38:00,38.832314434
2020-04-28 15:39:00,38.837250536
2020-04-28 15:40:00,38.837250536
2020-04-28 15:41:00,38.827378332
2020-04-28 15:42:00,38.82244223
2020-04-28 15:43:00,38.78946906864
2020-04-28 15:44:00,38.778017312
2020-04-28 15:45:00,38.77308121
2020-04-28 15:46:00,38.738528496
2020-04-28 15:47:00,38.7484007
2020-04-28 15:48:00,38.728656292
2020-04-28 15:49:00,38.689167476
2020-04-28 15:50:00,38.64967866
2020-04-28 15:51:00,38.69903968
2020-04-28 15:52:00,38.654614762
2020-04-28 15:53:00,38.629934252
2020-04-28 15:54:00,38.541084416
2020-04-28 15:55:00,38.481851192
2020-04-28 15:56:00,38.462106784
2020-04-28 15:57:00,38.4650684452
2020-04-28 15:58:00,38.52627611
2020-04-28 15:59:00,38.521340008
2020-04-28 16:00:00,38.580573232
2020-04-29 09:31:00,39.172905472
2020-04-29 09:32:00,38.9952058
2020-04-29 09:33:00,38.8856243356
2020-04-29 09:34:00,38.876739352
2020-04-29 09:35:00,38.778017312
2020-04-29 09:36:00,38.75837162604
2020-04-29 09:37:00,38.807633924
2020-04-29 09:38:00,38.669423068
2020-04-29 09:39:00,38.817506128
2020-04-29 09:40:00,38.79776172
2020-04-29 09:41:00,38.768145108
2020-04-29 09:42:00,38.82244223
2020-04-29 09:43:00,38.807633924
2020-04-29 09:44:00,38.758272904
2020-04-29 09:45:00,38.64967866
2020-04-29 09:46:00,38.620062048
2020-04-29 09:47:00,38.60031764
2020-04-29 09:48:00,38.605253742
2020-04-29 09:49:00,38.560828824
2020-04-29 09:50:00,38.60031764
2020-04-29 09:51:00,38.590445436
2020-04-29 09:52:00,38.595381538
2020-04-29 09:53:00,38.57563713
2020-04-29 09:54:00,38.590445436
2020-04-29 09:55:00,38.71858664392
2020-04-29 09:56:00,38.7484007
2020-04-29 09:57:00,38.738528496
2020-04-29 09:58:00,38.74129271312
2020-04-29 09:59:00,38.738528496
2020-04-29 10:00:00,38.679295272
2020-04-29 10:01:00,38.66083425052
2020-04-29 10:02:00,38.708911884
2020-04-29 10:03:00,38.817506128
2020-04-29 10:04:00,38.79776172
2020-04-29 10:05:00,38.72372019
2020-04-29 10:06:00,38.78571763112
2020-04-29 10:07:00,38.82244223
2020-04-29 10:08:00,38.79776172
2020-04-29 10:09:00,38.758272904
2020-04-29 10:10:00,38.68334287564
2020-04-29 10:11:00,38.59814575512
2020-04-29 10:12:00,38.585509334
2020-04-29 10:13:00,38.595381538
2020-04-29 10:14:00,38.615125946
2020-04-29 10:15:00,38.590445436
2020-04-29 10:16:00,38.580573232
2020-04-29 10:17:00,38.6185812174
2020-04-29 10:18:00,38.620062048
2020-04-29 10:19:00,38.605253742
2020-04-29 10:20:00,38.64967866
2020-04-29 10:21:00,38.84712274
2020-04-29 10:22:00,38.886611556
2020-04-29 10:23:00,38.950780882
2020-04-29 10:24:00,38.955716984
2020-04-29 10:25:00,38.955716984
2020-04-29 10:26:00,39.024822412
2020-04-29 10:27:00,39.064311228
2020-04-29 10:28:00,39.064311228
2020-04-29 10:29:00,39.049502922
2020-04-29 10:30:00,39.11357352596
2020-04-29 10:31:00,39.084055636
2020-04-29 10:32:00,39.059375126
2020-04-29 10:33:00,39.054439024
2020-04-29 10:34:00,39.02492113404
2020-04-29 10:35:00,38.9952058
2020-04-29 10:36:00,38.965589188
2020-04-29 10:37:00,38.97052529
2020-04-29 10:38:00,38.965589188
2020-04-29 10:39:00,38.975461392
2020-04-29 10:40:00,38.965589188
2020-04-29 10:41:00,38.965589188
2020-04-29 10:42:00,38.94584478
2020-04-29 10:43:00,38.84712274
2020-04-29 10:44:00,38.916228168
2020-04-29 10:45:00,38.837250536
2020-04-29 10:46:00,38.768145108
2020-04-29 10:47:00,38.73842977396
2020-04-29 10:48:00,38.738528496
2020-04-29 10:49:00,38.7484007
2020-04-29 10:50:00,38.792825618
2020-04-29 10:51:00,38.911292066
2020-04-29 10:52:00,38.90694829624
2020-04-29 10:53:00,38.92116427
2020-04-29 10:54:00,38.85136778772
2020-04-29 10:55:00,38.926100372
2020-04-29 10:56:00,38.886611556
2020-04-29 10:57:00,38.87180325
2020-04-29 10:58:00,38.886611556
2020-04-29 10:59:00,38.876739352
2020-04-29 11:00:00,38.856994944
2020-04-29 11:01:00,38.827378332
2020-04-29 11:02:00,38.856994944
2020-04-29 11:03:00,38.713847986
2020-04-29 11:04:00,38.708911884
2020-04-29 11:05:00,38.778017312
2020-04-29 11:06:00,38.83734925804
2020-04-29 11:07:00,38.7671578876
2020-04-29 11:08:00,38.768145108
2020-04-29 11:09:00,38.72372019
2020-04-29 11:10:00,38.684231374
2020-04-29 11:11:00,38.7671578876
2020-04-29 11:12:00,38.80753520196
2020-04-29 11:13:00,38.802697822
2020-04-29 11:14:00,38.827378332
2020-04-29 11:15:00,38.7484007
2020-04-29 11:16:00,38.79776172
2020-04-29 11:17:00,38.866867148
2020-04-29 11:18:00,38.807633924
2020-04-29 11:19:00,38.817506128
2020-04-29 11:20:00,38.837250536
2020-04-29 11:21:00,38.763209006
2020-04-29 11:22:00,38.782953414
2020-04-29 11:23:00,38.79776172
2020-04-29 11:24:00,38.792825618
2020-04-29 11:25:00,38.827378332
2020-04-29 11:26:00,38.827378332
2020-04-29 11:27:00,38.807633924
2020-04-29 11:28:00,38.79776172
2020-04-29 11:29:00,38.778017312
2020-04-29 11:30:00,38.610189844
2020-04-29 11:31:00,38.684231374
2020-04-29 11:32:00,38.743464598
2020-04-29 11:33:00,38.7484007
2020-04-29 11:34:00,38.728656292
2020-04-29 11:35:00,38.77781986792
2020-04-29 11:36:00,38.758272904
2020-04-29 11:37:00,38.64967866
2020-04-29 11:38:00,38.590445436
2020-04-29 11:39:00,38.639806456
2020-04-29 11:40:00,38.639806456
2020-04-29 11:41:00,38.629934252
2020-04-29 11:42:00,38.531212212
2020-04-29 11:43:00,38.521340008
2020-04-29 11:44:00,38.516403906
2020-04-29 11:45:00,38.511467804
2020-04-29 11:46:00,38.590445436
2020-04-29 11:47:00,38.580573232
2020-04-29 11:48:00,38.560828824
2020-04-29 11:49:00,38.560828824
2020-04-29 11:50:00,38.580573232
2020-04-29 11:51:00,38.521340008
2020-04-29 11:52:00,38.511467804
2020-04-29 11:53:00,38.496659498
2020-04-29 11:54:00,38.511467804
2020-04-29 11:55:00,38.491723396
2020-04-29 11:56:00,38.496659498
2020-04-29 11:57:00,38.531212212
2020-04-29 11:58:00,38.531212212
2020-04-29 11:59:00,38.52627611
2020-04-29 12:00:00,38.49656077596
2020-04-29 12:01:00,38.541084416
2020-04-29 12:02:00,38.560828824
2020-04-29 12:03:00,38.585509334
2020-04-29 12:04:00,38.61621188844
2020-04-29 12:05:00,38.64967866
2020-04-29 12:06:00,38.679295272
2020-04-29 12:07:00,38.69903968
2020-04-29 12:08:00,38.708911884
2020-04-29 12:09:00,38.69894095796
2020-04-29 12:10:00,38.669423068
2020-04-29 12:11:00,38.644742558
2020-04-29 12:12:00,38.64967866
2020-04-29 12:13:00,38.713847986
2020-04-29 12:14:00,38.659550864
2020-04-29 12:15:00,38.694103578
2020-04-29 12:16:00,38.69903968
2020-04-29 12:17:00,38.634870354
2020-04-29 12:18:00,38.48866301276
2020-04-29 12:19:00,38.5015956
2020-04-29 12:20:00,38.481851192
2020-04-29 12:21:00,38.457170682
2020-04-29 12:22:00,38.481851192
2020-04-29 12:23:00,38.53131093404
2020-04-29 12:24:00,38.55224000652
2020-04-29 12:25:00,38.585509334
2020-04-29 12:26:00,38.55095662
2020-04-29 12:27:00,38.560828824
2020-04-29 12:28:00,38.585509334
2020-04-29 12:29:00,38.57731540468
2020-04-29 12:30:00,38.55095662
2020-04-29 12:31:00,38.610189844
2020-04-29 12:32:00,38.580573232
2020-04-29 12:33:00,38.555892722
2020-04-29 12:34:00,38.511467804
2020-04-29 12:35:00,38.51136908196
2020-04-29 12:36:00,38.491723396
2020-04-29 12:37:00,38.511467804
2020-04-29 12:38:00,38.491723396
2020-04-29 12:39:00,38.634870354
2020-04-29 12:40:00,38.64967866
2020-04-29 12:41:00,38.639806456
2020-04-29 12:42:00,38.654614762
2020-04-29 12:43:00,38.669423068
2020-04-29 12:44:00,38.69074702864
2020-04-29 12:45:00,38.669423068
2020-04-29 12:46:00,38.68788408948
2020-04-29 12:47:00,38.6995332902
2020-04-29 12:48:00,38.659550864
2020-04-29 12:49:00,38.708911884
2020-04-29 12:50:00,38.64967866
2020-04-29 12:51:00,38.6106834542
2020-04-29 12:52:00,38.585509334
2020-04-29 12:53:00,38.546020518
2020-04-29 12:54:00,38.560828824
2020-04-29 12:55:00,38.55095662
2020-04-29 12:56:00,38.57563713
2020-04-29 12:57:00,38.57563713
2020-04-29 12:58:00,38.5687265872
2020-04-29 12:59:00,38.511467804
2020-04-29 13:00:00,38.432490172
2020-04-29 13:01:00,38.417681866
2020-04-29 13:02:00,38.511467804
2020-04-29 13:03:00,38.55095662
2020-04-29 13:04:00,38.531212212
2020-04-29 13:05:00,38.541084416
2020-04-29 13:06:00,38.55095662
2020-04-29 13:07:00,38.531212212
2020-04-29 13:08:00,38.560828824
2020-04-29 13:09:00,38.580573232
2020-04-29 13:10:00,38.580573232
2020-04-29 13:11:00,38.5889646054
2020-04-29 13:12:00,38.610189844
2020-04-29 13:13:00,38.580573232
2020-04-29 13:14:00,38.521340008
2020-04-29 13:15:00,38.521340008
2020-04-29 13:16:00,38.5015956
2020-04-29 13:17:00,38.521340008
2020-04-29 13:18:00,38.560828824
2020-04-29 13:19:00,38.53229815444
2020-04-29 13:20:00,38.57899367936
2020-04-29 13:21:00,38.590445436
2020-04-29 13:22:00,38.580573232
2020-04-29 13:23:00,38.565764926
2020-04-29 13:24:00,38.57484735368
2020-04-29 13:25:00,38.585509334
2020-04-29 13:26:00,38.610189844
2020-04-29 13:27:00,38.595381538
2020-04-29 13:28:00,38.580573232
2020-04-29 13:29:00,38.585509334
2020-04-29 13:30:00,38.57563713
2020-04-29 13:31:00,38.585509334
2020-04-29 13:32:00,38.605253742
2020-04-29 13:33:00,38.610189844
2020-04-29 13:34:00,38.659550864
2020-04-29 13:35:00,38.610189844
2020-04-29 13:36:00,38.634870354
2020-04-29 13:37:00,38.659550864
2020-04-29 13:38:00,38.639806456
2020-04-29 13:39:00,38.689167476
2020-04-29 13:40:00,38.639806456
2020-04-29 13:41:00,38.639806456
2020-04-29 13:42:00,38.64967866
2020-04-29 13:43:00,38.669423068
2020-04-29 13:44:00,38.684231374
2020-04-29 13:45:00,38.67771571936
2020-04-29 13:46:00,38.68502115032
2020-04-29 13:47:00,38.728656292
2020-04-29 13:48:00,38.684231374
2020-04-29 13:49:00,38.64967866
2020-04-29 13:50:00,38.639806456
2020-04-29 13:51:00,38.620062048
2020-04-29 13:52:00,38.66211763704
2020-04-29 13:53:00,38.639806456
2020-04-29 13:54:00,38.69894095796
2020-04-29 13:55:00,38.738528496
2020-04-29 13:56:00,38.78729718376
2020-04-29 13:57:00,38.792825618
2020-04-29 13:58:00,38.807633924
2020-04-29 13:59:00,38.802697822
2020-04-29 14:00:00,38.768145108
2020-04-29 14:01:00,38.77308121
2020-04-29 14:02:00,38.837250536
2020-04-29 14:03:00,38.837250536
2020-04-29 14:04:00,38.787889516
2020-04-29 14:05:00,38.827378332
2020-04-29 14:06:00,38.802697822
2020-04-29 14:07:00,38.787889516
2020-04-29 14:08:00,38.782953414
2020-04-29 14:09:00,38.778017312
2020-04-29 14:10:00,38.792825618
2020-04-29 14:11:00,38.718784088
2020-04-29 14:12:00,38.758272904
2020-04-29 14:13:00,38.768145108
2020-04-29 14:14:00,38.7484007
2020-04-29 14:15:00,38.768145108
2020-04-29 14:16:00,38.7484007
2020-04-29 14:17:00,38.7484007
2020-04-29 14:18:00,38.65125821264
2020-04-29 14:19:00,38.64967866
2020-04-29 14:20:00,38.679295272
2020-04-29 14:21:00,38.718784088
2020-04-29 14:22:00,38.713847986
2020-04-29 14:23:00,38.679295272
2020-04-29 14:24:00,38.738528496
2020-04-29 14:25:00,38.738528496
2020-04-29 14:26:00,38.728656292
2020-04-29 14:27:00,38.694103578
2020-04-29 14:28:00,38.64967866
2020-04-29 14:29:00,38.620062048
2020-04-29 14:30:00,38.639806456
2020-04-29 14:31:00,38.654614762
2020-04-29 14:32:00,38.659550864
2020-04-29 14:33:00,38.654614762
2020-04-29 14:34:00,38.669423068
2020-04-29 14:35:00,38.659550864
2020-04-29 14:36:00,38.62499815
2020-04-29 14:37:00,38.610189844
2020-04-29 14:38:00,38.590445436
2020-04-29 14:39:00,38.634870354
2020-04-29 14:40:00,38.664486966
2020-04-29 14:41:00,38.689167476
2020-04-29 14:42:00,38.69903968
2020-04-29 14:43:00,38.708911884
2020-04-29 14:44:00,38.71868536596
2020-04-29 14:45:00,38.629934252
2020-04-29 14:46:00,38.669423068
2020-04-29 14:47:00,38.728656292
2020-04-29 14:48:00,38.728656292
2020-04-29 14:49:00,38.733592394
2020-04-29 14:50:00,38.74998025264
2020-04-29 14:51:00,38.768145108
2020-04-29 14:52:00,38.743464598
2020-04-29 14:53:00,38.708911884
2020-04-29 14:54:00,38.654614762
2020-04-29 14:55:00,38.669423068
2020-04-29 14:56:00,38.708911884
2020-04-29 14:57:00,38.738528496
2020-04-29 14:58:00,38.728656292
2020-04-29 14:59:00,38.738528496
2020-04-29 15:00:00,38.69074702864
2020-04-29 15:01:00,38.679295272
2020-04-29 15:02:00,38.7143415962
2020-04-29 15:03:00,38.679295272
2020-04-29 15:04:00,38.718784088
2020-04-29 15:05:00,38.778017312
2020-04-29 15:06:00,38.718784088
2020-04-29 15:07:00,38.827378332
2020-04-29 15:08:00,38.7330987838
2020-04-29 15:09:00,38.84712274
2020-04-29 15:10:00,38.866867148
2020-04-29 15:11:00,38.837250536
2020-04-29 15:12:00,38.817506128
2020-04-29 15:13:00,38.812570026
2020-04-29 15:14:00,38.802697822
2020-04-29 15:15:00,38.812570026
2020-04-29 15:16:00,38.75985245664
2020-04-29 15:17:00,38.728656292
2020-04-29 15:18:00,38.81780229412
2020-04-29 15:19:00,38.7484007
2020-04-29 15:20:00,38.743464598
2020-04-29 15:21:00,38.782953414
2020-04-29 15:22:00,38.77308121
2020-04-29 15:23:00,38.77308121
2020-04-29 15:24:00,38.758272904
2020-04-29 15:25:00,38.75817418196
2020-04-29 15:26:00,38.768145108
2020-04-29 15:27:00,38.763209006
2020-04-29 15:28:00,38.763209006
2020-04-29 15:29:00,38.763209006
2020-04-29 15:30:00,38.778017312
2020-04-29 15:31:00,38.792825618
2020-04-29 15:32:00,38.832314434
2020-04-29 15:33:00,38.80753520196
2020-04-29 15:34:00,38.84712274
2020-04-29 15:35:00,38.861931046
2020-04-29 15:36:00,38.837250536
2020-04-29 15:37:00,38.807633924
2020-04-29 15:38:00,38.82244223
2020-04-29 15:39:00,38.817506128
2020-04-29 15:40:00,38.832314434
2020-04-29 15:41:00,38.876739352
2020-04-29 15:42:00,38.852058842
2020-04-29 15:43:00,38.817506128
2020-04-29 15:44:00,38.778017312
2020-04-29 15:45:00,38.802697822
2020-04-29 15:46:00,38.787889516
2020-04-29 15:47:00,38.82244223
2020-04-29 15:48:00,38.7962808894
2020-04-29 15:49:00,38.768145108
2020-04-29 15:50:00,38.75837162604
2020-04-29 15:51:00,38.69903968
2020-04-29 15:52:00,38.639806456
2020-04-29 15:53:00,38.629934252
2020-04-29 15:54:00,38.57060230596
2020-04-29 15:55:00,38.511467804
2020-04-29 15:56:00,38.40287356
2020-04-29 15:57:00,38.42755407
2020-04-29 15:58:00,38.397937458
2020-04-29 15:59:00,38.467042886
2020-04-29 16:00:00,38.531212212
2020-04-30 09:31:00,37.455141976
2020-04-30 09:32:00,37.346547732
2020-04-30 09:33:00,38.244918296
2020-04-30 09:34:00,37.85990234
2020-04-30 09:35:00,37.701947076
2020-04-30 09:36:00,37.919135564
2020-04-30 09:37:00,37.840157932
2020-04-30 09:38:00,37.95862438
2020-04-30 09:39:00,37.642713852
2020-04-30 09:40:00,37.524247404
2020-04-30 09:41:00,37.603225036
2020-04-30 09:42:00,37.484758588
2020-04-30 09:43:00,37.894455054
2020-04-30 09:44:00,38.067218624
2020-04-30 09:45:00,37.914199462
2020-04-30 09:46:00,37.800669116
2020-04-30 09:47:00,37.731563688
2020-04-30 09:48:00,37.790796912
2020-04-30 09:49:00,37.89011128424
2020-04-30 09:50:00,37.988240992
2020-04-30 09:51:00,38.091899134
2020-04-30 09:52:00,38.195557276
2020-04-30 09:53:00,38.091899134
2020-04-30 09:54:00,38.12655057004
2020-04-30 09:55:00,38.15606846
2020-04-30 09:56:00,38.333768132
2020-04-30 09:57:00,38.185685072
2020-04-30 09:58:00,38.383129152
2020-04-30 09:59:00,38.2547905
2020-04-30 10:00:00,38.259726602
2020-04-30 10:01:00,38.383129152
2020-04-30 10:02:00,38.338704234
2020-04-30 10:03:00,38.25646877468
2020-04-30 10:04:00,38.294279316
2020-04-30 10:05:00,38.274534908
2020-04-30 10:06:00,38.481851192
2020-04-30 10:07:00,38.531212212
2020-04-30 10:08:00,38.37819305
2020-04-30 10:09:00,38.383129152
2020-04-30 10:10:00,38.32458698228
2020-04-30 10:11:00,38.343640336
2020-04-30 10:12:00,38.486787294
2020-04-30 10:13:00,38.491723396
2020-04-30 10:14:00,38.570701028
2020-04-30 10:15:00,38.64967866
2020-04-30 10:16:00,38.62499815
2020-04-30 10:17:00,38.639806456
2020-04-30 10:18:00,38.590445436
2020-04-30 10:19:00,38.733592394
2020-04-30 10:20:00,38.926100372
2020-04-30 10:21:00,38.778017312
2020-04-30 10:22:00,38.787889516
2020-04-30 10:23:00,38.689167476
2020-04-30 10:24:00,38.6032793012
2020-04-30 10:25:00,38.629934252
2020-04-30 10:26:00,38.531212212
2020-04-30 10:27:00,38.412745764
2020-04-30 10:28:00,38.481851192
2020-04-30 10:29:00,38.620062048
2020-04-30 10:30:00,38.644742558
2020-04-30 10:31:00,38.531212212
2020-04-30 10:32:00,38.462106784
2020-04-30 10:33:00,38.66636268476
2020-04-30 10:34:00,38.6185812174
2020-04-30 10:35:00,38.620062048
2020-04-30 10:36:00,38.620062048
2020-04-30 10:37:00,38.541084416
2020-04-30 10:38:00,38.531212212
2020-04-30 10:39:00,38.610189844
2020-04-30 10:40:00,38.620062048
2020-04-30 10:41:00,38.60031764
2020-04-30 10:42:00,38.62499815
2020-04-30 10:43:00,38.615125946
2020-04-30 10:44:00,38.620062048
2020-04-30 10:45:00,38.634870354
2020-04-30 10:46:00,38.689167476
2020-04-30 10:47:00,38.67435917
2020-04-30 10:48:00,38.679295272
2020-04-30 10:49:00,38.79766299796
2020-04-30 10:50:00,38.85709366604
2020-04-30 10:51:00,38.852058842
2020-04-30 10:52:00,38.807633924
2020-04-30 10:53:00,38.787889516
2020-04-30 10:54:00,38.86459654108
2020-04-30 10:55:00,38.935972576
2020-04-30 10:56:00,38.94584478
2020-04-30 10:57:00,38.7484007
2020-04-30 10:58:00,38.689167476
2020-04-30 10:59:00,38.570701028
2020-04-30 11:00:00,38.55095662
2020-04-30 11:01:00,38.738528496
2020-04-30 11:02:00,38.708911884
2020-04-30 11:03:00,38.71207098928
2020-04-30 11:04:00,38.832314434
2020-04-30 11:05:00,38.817506128
2020-04-30 11:06:00,38.778017312
2020-04-30 11:07:00,38.738528496
2020-04-30 11:08:00,38.7962808894
2020-04-30 11:09:00,38.817506128
2020-04-30 11:10:00,38.881675454
2020-04-30 11:11:00,38.92600164996
2020-04-30 11:12:00,38.84712274
2020-04-30 11:13:00,38.856994944
2020-04-30 11:14:00,38.866867148
2020-04-30 11:15:00,38.89648376
2020-04-30 11:16:00,38.827378332
2020-04-30 11:17:00,38.886611556
2020-04-30 11:18:00,38.89648376
2020-04-30 11:19:00,38.87180325
2020-04-30 11:20:00,38.83734925804
2020-04-30 11:21:00,38.827378332
2020-04-30 11:22:00,38.817506128
2020-04-30 11:23:00,38.837250536
2020-04-30 11:24:00,38.812570026
2020-04-30 11:25:00,38.866867148
2020-04-30 11:26:00,38.881675454
2020-04-30 11:27:00,38.95482848564
2020-04-30 11:28:00,38.935972576
2020-04-30 11:29:00,38.861931046
2020-04-30 11:30:00,38.8752585214
2020-04-30 11:31:00,38.807633924
2020-04-30 11:32:00,38.807633924
2020-04-30 11:33:00,38.817506128
2020-04-30 11:34:00,38.837250536
2020-04-30 11:35:00,38.787889516
2020-04-30 11:36:00,38.876739352
2020-04-30 11:37:00,38.866867148
2020-04-30 11:38:00,38.842186638
2020-04-30 11:39:00,38.856994944
2020-04-30 11:40:00,38.901419862
2020-04-30 11:41:00,38.9517681024
2020-04-30 11:42:00,38.95729653664
2020-04-30 11:43:00,39.049502922
2020-04-30 11:44:00,39.04456682
2020-04-30 11:45:00,39.049502922
2020-04-30 11:46:00,39.03686650088
2020-04-30 11:47:00,39.03439844988
2020-04-30 11:48:00,38.97052529
2020-04-30 11:49:00,38.975461392
2020-04-30 11:50:00,38.926100372
2020-04-30 11:51:00,38.9952058
2020-04-30 11:52:00,39.000141902
2020-04-30 11:53:00,39.014950208
2020-04-30 11:54:00,38.94584478
2020-04-30 11:55:00,38.916228168
2020-04-30 11:56:00,38.950780882
2020-04-30 11:57:00,38.955716984
2020-04-30 11:58:00,38.980397494
2020-04-30 11:59:00,38.90161730608
2020-04-30 12:00:00,38.856994944
2020-04-30 12:01:00,38.84712274
2020-04-30 12:02:00,38.837250536
2020-04-30 12:03:00,38.79776172
2020-04-30 12:04:00,38.817506128
2020-04-30 12:05:00,38.79776172
2020-04-30 12:06:00,38.778017312
2020-04-30 12:07:00,38.856994944
2020-04-30 12:08:00,38.866867148
2020-04-30 12:09:00,38.832314434
2020-04-30 12:10:00,38.89648376
2020-04-30 12:11:00,38.931036474
2020-04-30 12:12:00,38.980397494
2020-04-30 12:13:00,39.024822412
2020-04-30 12:14:00,39.03094317848
2020-04-30 12:15:00,39.039630718
2020-04-30 12:16:00,39.039630718
2020-04-30 12:17:00,39.039630718
2020-04-30 12:18:00,39.103800044
2020-04-30 12:19:00,39.123544452
2020-04-30 12:20:00,39.098863942
2020-04-30 12:21:00,39.138352758
2020-04-30 12:22:00,39.207458186
2020-04-30 12:23:00,39.202522084
2020-04-30 12:24:00,39.370349552
2020-04-30 12:25:00,39.335796838
2020-04-30 12:26:00,39.325924634
2020-04-30 12:27:00,39.360477348
2020-04-30 12:28:00,39.360477348
2020-04-30 12:29:00,39.370349552
2020-04-30 12:30:00,39.26669141
2020-04-30 12:31:00,39.21733039
2020-04-30 12:32:00,39.17715051972
2020-04-30 12:33:00,39.207458186
2020-04-30 12:34:00,39.197585982
2020-04-30 12:35:00,39.187713778
2020-04-30 12:36:00,39.182777676
2020-04-30 12:37:00,39.20528630112
2020-04-30 12:38:00,39.153161064
2020-04-30 12:39:00,39.177841574
2020-04-30 12:40:00,39.222266492
2020-04-30 12:41:00,39.246947002
2020-04-30 12:42:00,39.2420109
2020-04-30 12:43:00,39.222266492
2020-04-30 12:44:00,39.2326323062
2020-04-30 12:45:00,39.197585982
2020-04-30 12:46:00,39.197585982
2020-04-30 12:47:00,39.19264988
2020-04-30 12:48:00,39.2420109
2020-04-30 12:49:00,39.23223741804
2020-04-30 12:50:00,39.246947002
2020-04-30 12:51:00,39.202522084
2020-04-30 12:52:00,39.202522084
2020-04-30 12:53:00,39.14338758204
2020-04-30 12:54:00,39.19264988
2020-04-30 12:55:00,39.133416656
2020-04-30 12:56:00,39.09392784
2020-04-30 12:57:00,39.153161064
2020-04-30 12:58:00,39.14101825308
2020-04-30 12:59:00,39.172905472
2020-04-30 13:00:00,39.158097166
2020-04-30 13:01:00,39.128480554
2020-04-30 13:02:00,39.1393399784
2020-04-30 13:03:00,39.14328886
2020-04-30 13:04:00,39.09392784
2020-04-30 13:05:00,39.054439024
2020-04-30 13:06:00,39.064311228
2020-04-30 13:07:00,39.103800044
2020-04-30 13:08:00,39.13183710336
2020-04-30 13:09:00,39.138352758
2020-04-30 13:10:00,39.133416656
2020-04-30 13:11:00,39.153161064
2020-04-30 13:12:00,39.13953742248
2020-04-30 13:13:00,39.1329230458
2020-04-30 13:14:00,39.14249908368
2020-04-30 13:15:00,39.19264988
2020-04-30 13:16:00,39.21733039
2020-04-30 13:17:00,39.19264988
2020-04-30 13:18:00,39.153161064
2020-04-30 13:19:00,39.17576841116
2020-04-30 13:20:00,39.054439024
2020-04-30 13:21:00,39.06924733
2020-04-30 13:22:00,39.054439024
2020-04-30 13:23:00,39.034694616
2020-04-30 13:24:00,39.029758514
2020-04-30 13:25:00,39.074183432
2020-04-30 13:26:00,39.034694616
2020-04-30 13:27:00,39.049502922
2020-04-30 13:28:00,39.064311228
2020-04-30 13:29:00,39.04456682
2020-04-30 13:30:00,39.01988631
2020-04-30 13:31:00,38.9952058
2020-04-30 13:32:00,39.014950208
2020-04-30 13:33:00,39.054439024
2020-04-30 13:34:00,39.029758514
2020-04-30 13:35:00,39.014950208
2020-04-30 13:36:00,39.029758514
2020-04-30 13:37:00,39.000141902
2020-04-30 13:38:00,38.97052529
2020-04-30 13:39:00,38.9952058
2020-04-30 13:40:00,39.01712209288
2020-04-30 13:41:00,39.010014106
2020-04-30 13:42:00,38.9952058
2020-04-30 13:43:00,39.005078004
2020-04-30 13:44:00,38.98543231804
2020-04-30 13:45:00,39.014950208
2020-04-30 13:46:00,38.94584478
2020-04-30 13:47:00,38.985333596
2020-04-30 13:48:00,39.029758514
2020-04-30 13:49:00,39.010014106
2020-04-30 13:50:00,39.014950208
2020-04-30 13:51:00,39.014950208
2020-04-30 13:52:00,39.064311228
2020-04-30 13:53:00,39.005078004
2020-04-30 13:54:00,38.975461392
2020-04-30 13:55:00,39.034694616
2020-04-30 13:56:00,39.029758514
2020-04-30 13:57:00,39.029758514
2020-04-30 13:58:00,39.024822412
2020-04-30 13:59:00,39.06835883164
2020-04-30 14:00:00,39.04456682
2020-04-30 14:01:00,39.059375126
2020-04-30 14:02:00,38.975461392
2020-04-30 14:03:00,39.0164310386
2020-04-30 14:04:00,39.04456682
2020-04-30 14:05:00,39.04456682
2020-04-30 14:06:00,39.049502922
2020-04-30 14:07:00,39.014950208
2020-04-30 14:08:00,39.014950208
2020-04-30 14:09:00,39.014950208
2020-04-30 14:10:00,38.99905595956
2020-04-30 14:11:00,38.985333596
2020-04-30 14:12:00,39.014950208
2020-04-30 14:13:00,39.034694616
2020-04-30 14:14:00,39.000141902
2020-04-30 14:15:00,39.000141902
2020-04-30 14:16:00,38.911292066
2020-04-30 14:17:00,38.916228168
2020-04-30 14:18:00,38.926100372
2020-04-30 14:19:00,38.856994944
2020-04-30 14:20:00,38.85689622196
2020-04-30 14:21:00,38.92629781608
2020-04-30 14:22:00,38.918696219
2020-04-30 14:23:00,38.92116427
2020-04-30 14:24:00,38.926100372
2020-04-30 14:25:00,38.94584478
2020-04-30 14:26:00,38.955716984
2020-04-30 14:27:00,38.980397494
2020-04-30 14:28:00,38.906355964
2020-04-30 14:29:00,38.965589188
2020-04-30 14:30:00,38.94584478
2020-04-30 14:31:00,38.980397494
2020-04-30 14:32:00,38.9952058
2020-04-30 14:33:00,39.005078004
2020-04-30 14:34:00,38.985333596
2020-04-30 14:35:00,39.014950208
2020-04-30 14:36:00,38.985333596
2020-04-30 14:37:00,39.014950208
2020-04-30 14:38:00,38.985333596
2020-04-30 14:39:00,38.935972576
2020-04-30 14:40:00,38.980397494
2020-04-30 14:41:00,38.955716984
2020-04-30 14:42:00,38.93617002008
2020-04-30 14:43:00,38.940908678
2020-04-30 14:44:00,38.935972576
2020-04-30 14:45:00,38.940908678
2020-04-30 14:46:00,38.94969493956
2020-04-30 14:47:00,38.955716984
2020-04-30 14:48:00,38.935972576
2020-04-30 14:49:00,38.906355964
2020-04-30 14:50:00,38.906355964
2020-04-30 14:51:00,38.916228168
2020-04-30 14:52:00,38.856994944
2020-04-30 14:53:00,38.856994944
2020-04-30 14:54:00,38.861931046
2020-04-30 14:55:00,38.866867148
2020-04-30 14:56:00,38.89648376
2020-04-30 14:57:00,38.86272082232
2020-04-30 14:58:00,38.87180325
2020-04-30 14:59:00,38.901419862
2020-04-30 15:00:00,38.89648376
2020-04-30 15:01:00,38.901419862
2020-04-30 15:02:00,38.856994944
2020-04-30 15:03:00,38.852058842
2020-04-30 15:04:00,38.876739352
2020-04-30 15:05:00,38.876739352
2020-04-30 15:06:00,38.950780882
2020-04-30 15:07:00,38.960653086
2020-04-30 15:08:00,38.975461392
2020-04-30 15:09:00,38.9838527654
2020-04-30 15:10:00,38.97052529
2020-04-30 15:11:00,38.926100372
2020-04-30 15:12:00,38.89648376
2020-04-30 15:13:00,38.9147473374
2020-04-30 15:14:00,38.91148951008
2020-04-30 15:15:00,38.965589188
2020-04-30 15:16:00,39.034694616
2020-04-30 15:17:00,39.054439024
2020-04-30 15:18:00,39.064311228
2020-04-30 15:19:00,39.074183432
2020-04-30 15:20:00,39.059375126
2020-04-30 15:21:00,39.079119534
2020-04-30 15:22:00,39.09392784
2020-04-30 15:23:00,39.138352758
2020-04-30 15:24:00,39.163033268
2020-04-30 15:25:00,39.148224962
2020-04-30 15:26:00,39.16796937
2020-04-30 15:27:00,39.153161064
2020-04-30 15:28:00,39.163033268
2020-04-30 15:29:00,39.158097166
2020-04-30 15:30:00,39.187713778
2020-04-30 15:31:00,39.18435722864
2020-04-30 15:32:00,39.187713778
2020-04-30 15:33:00,39.19264988
2020-04-30 15:34:00,39.182777676
2020-04-30 15:35:00,39.202522084
2020-04-30 15:36:00,39.138352758
2020-04-30 15:37:00,39.177841574
2020-04-30 15:38:00,39.19264988
2020-04-30 15:39:00,39.197585982
2020-04-30 15:40:00,39.2420109
2020-04-30 15:41:00,39.2207856614
2020-04-30 15:42:00,39.2420109
2020-04-30 15:43:00,39.212394288
2020-04-30 15:44:00,39.261755308
2020-04-30 15:45:00,39.34073294
2020-04-30 15:46:00,39.34073294
2020-04-30 15:47:00,39.3293799054
2020-04-30 15:48:00,39.34073294
2020-04-30 15:49:00,39.330860736
2020-04-30 15:50:00,39.271627512
2020-04-30 15:51:00,39.380221756
2020-04-30 15:52:00,39.429582776
2020-04-30 15:53:00,39.3821961968
2020-04-30 15:54:00,39.36541345
2020-04-30 15:55:00,39.350605144
2020-04-30 15:56:00,39.399966164
2020-04-30 15:57:00,39.34073294
2020-04-30 15:58:00,39.330860736
2020-04-30 15:59:00,39.375285654
2020-04-30 16:00:00,39.320988532
